payment_id,customer_id,order_id,amount,created_at,status,method,email,phone,vpa,scenario
pay_900142,cust_00157,order_700142,99999,1787588103,captured,wallet,customer_157@razorpay-demo.com,+919870000157,,legitimate
pay_901558,cust_00019,order_701129,249999,1787528929,captured,netbanking,customer_19@razorpay-demo.com,+919870000019,,Network Timeout Retry
pay_900486,cust_00107,order_700486,49999,1787599339,captured,upi,customer_107@razorpay-demo.com,+919870000107,cust107@okaxis,legitimate
pay_901713,cust_00035,order_701207,49999,1787661654,captured,upi,customer_35@razorpay-demo.com,+919870000035,cust35@okaxis,Failed UPI Retry
pay_902251,cust_00134,order_701501,34999,1787556784,captured,wallet,customer_134@razorpay-demo.com,+919870000134,,Multiple Browser Tabs Checkout
pay_901458,cust_00068,order_701079,7499,1787623528,captured,wallet,customer_68@razorpay-demo.com,+919870000068,,Network Timeout Retry
pay_901134,cust_00028,order_700917,14999,1787620257,captured,netbanking,customer_28@razorpay-demo.com,+919870000028,,Double-Click Issue
pay_902712,cust_00034,order_701962,7499,1787638210,captured,netbanking,customer_34@razorpay-demo.com,+919870000034,,Gateway Retry with Different IDs
pay_900555,cust_00093,order_700555,149999,1787539065,captured,card,customer_93@razorpay-demo.com,+919870000093,,legitimate
pay_901994,cust_00084,order_701347,34999,1787626932,captured,upi,customer_84@razorpay-demo.com,+919870000084,cust84@okaxis,Failed UPI Retry
pay_901103,cust_00158,order_700902,299999,1787681138,captured,upi,customer_158@razorpay-demo.com,+919870000158,cust158@okaxis,Double-Click Issue
pay_900437,cust_00147,order_700437,12499,1787712698,captured,card,customer_147@razorpay-demo.com,+919870000147,,legitimate
pay_901226,cust_00006,order_700963,12499,1787537572,captured,card,customer_6@razorpay-demo.com,+919870000006,,Network Timeout Retry
pay_900679,cust_00004,order_700679,4999,1787543675,captured,upi,customer_4@razorpay-demo.com,+919870000004,cust4@okaxis,legitimate
pay_901615,cust_00057,order_701158,9999,1787631845,captured,card,customer_57@razorpay-demo.com,+919870000057,,Network Timeout Retry
pay_901049,cust_00164,order_700875,19999,1787646903,captured,card,customer_164@razorpay-demo.com,+919870000164,,Double-Click Issue
pay_900863,cust_00007,order_700782,99999,1787687804,captured,wallet,customer_7@razorpay-demo.com,+919870000007,,Double-Click Issue
pay_902866,cust_00012,order_702116,199999,1787670379,captured,netbanking,customer_12@razorpay-demo.com,+919870000012,,Gateway Retry with Different IDs
pay_900322,cust_00108,order_700322,9999,1787688513,captured,upi,customer_108@razorpay-demo.com,+919870000108,cust108@okaxis,legitimate
pay_902088,cust_00066,order_701394,4999,1787643667,captured,upi,customer_66@razorpay-demo.com,+919870000066,cust66@okaxis,Failed UPI Retry
pay_901627,cust_00102,order_701164,99999,1787612411,captured,upi,customer_102@razorpay-demo.com,+919870000102,cust102@okaxis,Network Timeout Retry
pay_900977,cust_00034,order_700839,34999,1787534956,captured,wallet,customer_34@razorpay-demo.com,+919870000034,,Double-Click Issue
pay_901398,cust_00167,order_701049,49999,1787684701,captured,upi,customer_167@razorpay-demo.com,+919870000167,cust167@okaxis,Network Timeout Retry
pay_901000,cust_00081,order_700850,7499,1787644219,captured,wallet,customer_81@razorpay-demo.com,+919870000081,,Double-Click Issue
pay_901463,cust_00018,order_701082,9999,1787565483,captured,upi,customer_18@razorpay-demo.com,+919870000018,cust18@okaxis,Network Timeout Retry
pay_902289,cust_00120,order_701539,34999,1787545024,captured,wallet,customer_120@razorpay-demo.com,+919870000120,,Multiple Browser Tabs Checkout
pay_900545,cust_00178,order_700545,12499,1787583304,failed,wallet,customer_178@razorpay-demo.com,+919870000178,,legitimate
pay_901445,cust_00195,order_701073,249999,1787574864,captured,upi,customer_195@razorpay-demo.com,+919870000195,cust195@okaxis,Network Timeout Retry
pay_901993,cust_00084,order_701347,34999,1787626895,captured,upi,customer_84@razorpay-demo.com,+919870000084,cust84@okaxis,Failed UPI Retry
pay_901613,cust_00139,order_701157,74999,1787571917,captured,upi,customer_139@razorpay-demo.com,+919870000139,cust139@okaxis,Network Timeout Retry
pay_902699,cust_00189,order_701949,74999,1787528065,captured,netbanking,customer_189@razorpay-demo.com,+919870000189,,Multiple Browser Tabs Checkout
pay_901673,cust_00041,order_701187,4999,1787633690,captured,netbanking,customer_41@razorpay-demo.com,+919870000041,,Network Timeout Retry
pay_901561,cust_00099,order_701131,12499,1787606367,captured,upi,customer_99@razorpay-demo.com,+919870000099,cust99@okaxis,Network Timeout Retry
pay_901617,cust_00115,order_701159,199999,1787553817,captured,card,customer_115@razorpay-demo.com,+919870000115,,Network Timeout Retry
pay_901035,cust_00154,order_700868,74999,1787602551,captured,netbanking,customer_154@razorpay-demo.com,+919870000154,,Double-Click Issue
pay_902158,cust_00170,order_701429,299999,1787528612,captured,upi,customer_170@razorpay-demo.com,+919870000170,cust170@okaxis,Failed UPI Retry
pay_901363,cust_00133,order_701032,34999,1787634536,captured,netbanking,customer_133@razorpay-demo.com,+919870000133,,Network Timeout Retry
pay_902397,cust_00050,order_701647,34999,1787619669,captured,netbanking,customer_50@razorpay-demo.com,+919870000050,,Multiple Browser Tabs Checkout
pay_902011,cust_00104,order_701356,249999,1787537482,captured,upi,customer_104@razorpay-demo.com,+919870000104,cust104@okaxis,Failed UPI Retry
pay_900912,cust_00077,order_700806,14999,1787641213,captured,wallet,customer_77@razorpay-demo.com,+919870000077,,Double-Click Issue
pay_901382,cust_00038,order_701041,199999,1787597188,captured,upi,customer_38@razorpay-demo.com,+919870000038,cust38@okaxis,Network Timeout Retry
pay_901577,cust_00111,order_701139,249999,1787620575,captured,netbanking,customer_111@razorpay-demo.com,+919870000111,,Network Timeout Retry
pay_901567,cust_00092,order_701134,99999,1787636842,captured,wallet,customer_92@razorpay-demo.com,+919870000092,,Network Timeout Retry
pay_901867,cust_00118,order_701284,299999,1787664952,captured,upi,customer_118@razorpay-demo.com,+919870000118,cust118@okaxis,Failed UPI Retry
pay_902543,cust_00126,order_701793,24999,1787569434,captured,upi,customer_126@razorpay-demo.com,+919870000126,cust126@okaxis,Multiple Browser Tabs Checkout
pay_901641,cust_00040,order_701171,199999,1787534859,captured,card,customer_40@razorpay-demo.com,+919870000040,,Network Timeout Retry
pay_901818,cust_00098,order_701259,249999,1787527218,captured,upi,customer_98@razorpay-demo.com,+919870000098,cust98@okaxis,Failed UPI Retry
pay_901028,cust_00118,order_700864,99999,1787681996,captured,upi,customer_118@razorpay-demo.com,+919870000118,cust118@okaxis,Double-Click Issue
pay_902761,cust_00042,order_702011,24999,1787564678,failed,wallet,customer_42@razorpay-demo.com,+919870000042,,Gateway Retry with Different IDs
pay_902203,cust_00195,order_701453,199999,1787627379,captured,netbanking,customer_195@razorpay-demo.com,+919870000195,,Multiple Browser Tabs Checkout
pay_901950,cust_00146,order_701325,9999,1787531616,captured,upi,customer_146@razorpay-demo.com,+919870000146,cust146@okaxis,Failed UPI Retry
pay_901555,cust_00182,order_701128,4999,1787606856,captured,netbanking,customer_182@razorpay-demo.com,+919870000182,,Network Timeout Retry
pay_902209,cust_00125,order_701459,7499,1787642505,captured,wallet,customer_125@razorpay-demo.com,+919870000125,,Multiple Browser Tabs Checkout
pay_900195,cust_00117,order_700195,299999,1787703275,failed,netbanking,customer_117@razorpay-demo.com,+919870000117,,legitimate
pay_901714,cust_00035,order_701207,49999,1787661744,captured,upi,customer_35@razorpay-demo.com,+919870000035,cust35@okaxis,Failed UPI Retry
pay_902365,cust_00117,order_701615,9999,1787638442,captured,upi,customer_117@razorpay-demo.com,+919870000117,cust117@okaxis,Multiple Browser Tabs Checkout
pay_901594,cust_00092,order_701147,9999,1787561274,captured,upi,customer_92@razorpay-demo.com,+919870000092,cust92@okaxis,Network Timeout Retry
pay_901452,cust_00060,order_701076,199999,1787610193,captured,card,customer_60@razorpay-demo.com,+919870000060,,Network Timeout Retry
pay_901242,cust_00068,order_700971,9999,1787674857,captured,netbanking,customer_68@razorpay-demo.com,+919870000068,,Network Timeout Retry
pay_901729,cust_00110,order_701215,24999,1787649571,captured,upi,customer_110@razorpay-demo.com,+919870000110,cust110@okaxis,Failed UPI Retry
pay_901466,cust_00117,order_701083,74999,1787562500,captured,wallet,customer_117@razorpay-demo.com,+919870000117,,Network Timeout Retry
pay_900487,cust_00085,order_700487,99999,1787714642,captured,card,customer_85@razorpay-demo.com,+919870000085,,legitimate
pay_900412,cust_00005,order_700412,19999,1787660983,failed,netbanking,customer_5@razorpay-demo.com,+919870000005,,legitimate
pay_902398,cust_00050,order_701648,34999,1787619675,captured,netbanking,customer_50@razorpay-demo.com,+919870000050,,Multiple Browser Tabs Checkout
pay_901757,cust_00140,order_701229,9999,1787583363,captured,upi,customer_140@razorpay-demo.com,+919870000140,cust140@okaxis,Failed UPI Retry
pay_901381,cust_00038,order_701041,199999,1787597173,captured,upi,customer_38@razorpay-demo.com,+919870000038,cust38@okaxis,Network Timeout Retry
pay_900880,cust_00079,order_700790,24999,1787579671,captured,netbanking,customer_79@razorpay-demo.com,+919870000079,,Double-Click Issue
pay_900163,cust_00157,order_700163,149999,1787720120,captured,card,customer_157@razorpay-demo.com,+919870000157,,legitimate
pay_902575,cust_00052,order_701825,34999,1787660659,captured,card,customer_52@razorpay-demo.com,+919870000052,,Multiple Browser Tabs Checkout
pay_900663,cust_00061,order_700663,24999,1787723057,failed,wallet,customer_61@razorpay-demo.com,+919870000061,,legitimate
pay_901433,cust_00139,order_701067,299999,1787610229,captured,netbanking,customer_139@razorpay-demo.com,+919870000139,,Network Timeout Retry
pay_900332,cust_00005,order_700332,14999,1787695793,captured,upi,customer_5@razorpay-demo.com,+919870000005,cust5@okaxis,legitimate
pay_901799,cust_00013,order_701250,9999,1787541060,captured,upi,customer_13@razorpay-demo.com,+919870000013,cust13@okaxis,Failed UPI Retry
pay_901229,cust_00015,order_700965,9999,1787674840,captured,netbanking,customer_15@razorpay-demo.com,+919870000015,,Network Timeout Retry
pay_902335,cust_00083,order_701585,19999,1787602457,captured,netbanking,customer_83@razorpay-demo.com,+919870000083,,Multiple Browser Tabs Checkout
pay_901095,cust_00041,order_700898,24999,1787531329,captured,wallet,customer_41@razorpay-demo.com,+919870000041,,Double-Click Issue
pay_902788,cust_00132,order_702038,7499,1787586850,captured,wallet,customer_132@razorpay-demo.com,+919870000132,,Gateway Retry with Different IDs
pay_900411,cust_00131,order_700411,49999,1787668529,captured,wallet,customer_131@razorpay-demo.com,+919870000131,,legitimate
pay_901868,cust_00118,order_701284,299999,1787665024,captured,upi,customer_118@razorpay-demo.com,+919870000118,cust118@okaxis,Failed UPI Retry
pay_900522,cust_00009,order_700522,9999,1787518823,captured,netbanking,customer_9@razorpay-demo.com,+919870000009,,legitimate
pay_901468,cust_00126,order_701084,12499,1787518808,captured,netbanking,customer_126@razorpay-demo.com,+919870000126,,Network Timeout Retry
pay_902833,cust_00136,order_702083,4999,1787615043,failed,wallet,customer_136@razorpay-demo.com,+919870000136,,Gateway Retry with Different IDs
pay_901579,cust_00140,order_701140,12499,1787647755,captured,wallet,customer_140@razorpay-demo.com,+919870000140,,Network Timeout Retry
pay_901877,cust_00017,order_701289,9999,1787563904,captured,upi,customer_17@razorpay-demo.com,+919870000017,cust17@okaxis,Failed UPI Retry
pay_901214,cust_00089,order_700957,34999,1787668759,captured,wallet,customer_89@razorpay-demo.com,+919870000089,,Network Timeout Retry
pay_902689,cust_00073,order_701939,149999,1787587728,captured,upi,customer_73@razorpay-demo.com,+919870000073,cust73@okaxis,Multiple Browser Tabs Checkout
pay_902090,cust_00045,order_701395,299999,1787617748,captured,upi,customer_45@razorpay-demo.com,+919870000045,cust45@okaxis,Failed UPI Retry
pay_901921,cust_00172,order_701311,7499,1787562556,captured,upi,customer_172@razorpay-demo.com,+919870000172,cust172@okaxis,Failed UPI Retry
pay_902377,cust_00128,order_701627,199999,1787679219,captured,upi,customer_128@razorpay-demo.com,+919870000128,cust128@okaxis,Multiple Browser Tabs Checkout
pay_901462,cust_00137,order_701081,199999,1787586833,captured,netbanking,customer_137@razorpay-demo.com,+919870000137,,Network Timeout Retry
pay_901001,cust_00027,order_700851,24999,1787521633,captured,wallet,customer_27@razorpay-demo.com,+919870000027,,Double-Click Issue
pay_900901,cust_00099,order_700801,4999,1787607678,captured,card,customer_99@razorpay-demo.com,+919870000099,,Double-Click Issue
pay_900701,cust_00085,order_700701,299999,1787654795,captured,upi,customer_85@razorpay-demo.com,+919870000085,cust85@okaxis,Double-Click Issue
pay_901678,cust_00071,order_701189,199999,1787623621,captured,card,customer_71@razorpay-demo.com,+919870000071,,Network Timeout Retry
pay_901495,cust_00077,order_701098,12499,1787668804,captured,netbanking,customer_77@razorpay-demo.com,+919870000077,,Network Timeout Retry
pay_901763,cust_00024,order_701232,14999,1787571441,captured,upi,customer_24@razorpay-demo.com,+919870000024,cust24@okaxis,Failed UPI Retry
pay_901840,cust_00127,order_701270,199999,1787546637,captured,upi,customer_127@razorpay-demo.com,+919870000127,cust127@okaxis,Failed UPI Retry
pay_901205,cust_00083,order_700953,7499,1787659707,captured,netbanking,customer_83@razorpay-demo.com,+919870000083,,Network Timeout Retry
pay_900212,cust_00120,order_700212,299999,1787661805,captured,netbanking,customer_120@razorpay-demo.com,+919870000120,,legitimate
pay_900613,cust_00071,order_700613,7499,1787569525,captured,netbanking,customer_71@razorpay-demo.com,+919870000071,,legitimate
pay_900645,cust_00069,order_700645,149999,1787682070,captured,card,customer_69@razorpay-demo.com,+919870000069,,legitimate
pay_901802,cust_00090,order_701251,4999,1787540596,captured,upi,customer_90@razorpay-demo.com,+919870000090,cust90@okaxis,Failed UPI Retry
pay_901537,cust_00157,order_701119,14999,1787586255,captured,netbanking,customer_157@razorpay-demo.com,+919870000157,,Network Timeout Retry
pay_901273,cust_00167,order_700987,74999,1787560594,captured,netbanking,customer_167@razorpay-demo.com,+919870000167,,Network Timeout Retry
pay_901930,cust_00181,order_701315,199999,1787564451,captured,upi,customer_181@razorpay-demo.com,+919870000181,cust181@okaxis,Failed UPI Retry
pay_902224,cust_00019,order_701474,4999,1787599927,captured,upi,customer_19@razorpay-demo.com,+919870000019,cust19@okaxis,Multiple Browser Tabs Checkout
pay_900762,cust_00053,order_700731,9999,1787684278,captured,netbanking,customer_53@razorpay-demo.com,+919870000053,,Double-Click Issue
pay_902765,cust_00189,order_702015,199999,1787671606,failed,netbanking,customer_189@razorpay-demo.com,+919870000189,,Gateway Retry with Different IDs
pay_900125,cust_00005,order_700125,149999,1787731421,captured,card,customer_5@razorpay-demo.com,+919870000005,,legitimate
pay_900768,cust_00095,order_700734,9999,1787523153,captured,wallet,customer_95@razorpay-demo.com,+919870000095,,Double-Click Issue
pay_900461,cust_00117,order_700461,74999,1787636141,captured,card,customer_117@razorpay-demo.com,+919870000117,,legitimate
pay_900179,cust_00085,order_700179,24999,1787577696,failed,wallet,customer_85@razorpay-demo.com,+919870000085,,legitimate
pay_900319,cust_00193,order_700319,149999,1787565986,captured,wallet,customer_193@razorpay-demo.com,+919870000193,,legitimate
pay_900257,cust_00168,order_700257,99999,1787608336,failed,upi,customer_168@razorpay-demo.com,+919870000168,cust168@okaxis,legitimate
pay_900696,cust_00045,order_700696,9999,1787643425,captured,upi,customer_45@razorpay-demo.com,+919870000045,cust45@okaxis,legitimate
pay_902366,cust_00117,order_701616,9999,1787638456,captured,upi,customer_117@razorpay-demo.com,+919870000117,cust117@okaxis,Multiple Browser Tabs Checkout
pay_901487,cust_00064,order_701094,149999,1787549859,captured,card,customer_64@razorpay-demo.com,+919870000064,,Network Timeout Retry
pay_902612,cust_00072,order_701862,99999,1787626781,captured,upi,customer_72@razorpay-demo.com,+919870000072,cust72@okaxis,Multiple Browser Tabs Checkout
pay_902687,cust_00098,order_701937,9999,1787663416,captured,wallet,customer_98@razorpay-demo.com,+919870000098,,Multiple Browser Tabs Checkout
pay_900595,cust_00137,order_700595,14999,1787585350,captured,upi,customer_137@razorpay-demo.com,+919870000137,cust137@okaxis,legitimate
pay_902343,cust_00049,order_701593,299999,1787530528,captured,wallet,customer_49@razorpay-demo.com,+919870000049,,Multiple Browser Tabs Checkout
pay_900033,cust_00079,order_700033,12499,1787567469,captured,card,customer_79@razorpay-demo.com,+919870000079,,legitimate
pay_900671,cust_00040,order_700671,7499,1787612547,captured,upi,customer_40@razorpay-demo.com,+919870000040,cust40@okaxis,legitimate
pay_900068,cust_00184,order_700068,19999,1787663940,captured,upi,customer_184@razorpay-demo.com,+919870000184,cust184@okaxis,legitimate
pay_901810,cust_00157,order_701255,99999,1787635040,captured,upi,customer_157@razorpay-demo.com,+919870000157,cust157@okaxis,Failed UPI Retry
pay_900431,cust_00036,order_700431,7499,1787567812,captured,upi,customer_36@razorpay-demo.com,+919870000036,cust36@okaxis,legitimate
pay_901739,cust_00011,order_701220,299999,1787687521,captured,upi,customer_11@razorpay-demo.com,+919870000011,cust11@okaxis,Failed UPI Retry
pay_901308,cust_00023,order_701004,14999,1787576488,captured,wallet,customer_23@razorpay-demo.com,+919870000023,,Network Timeout Retry
pay_902326,cust_00132,order_701576,299999,1787668891,captured,netbanking,customer_132@razorpay-demo.com,+919870000132,,Multiple Browser Tabs Checkout
pay_901815,cust_00024,order_701258,199999,1787567159,captured,upi,customer_24@razorpay-demo.com,+919870000024,cust24@okaxis,Failed UPI Retry
pay_901703,cust_00190,order_701202,14999,1787541699,captured,upi,customer_190@razorpay-demo.com,+919870000190,cust190@okaxis,Failed UPI Retry
pay_902634,cust_00082,order_701884,49999,1787597508,captured,wallet,customer_82@razorpay-demo.com,+919870000082,,Multiple Browser Tabs Checkout
pay_902013,cust_00016,order_701357,19999,1787671147,captured,upi,customer_16@razorpay-demo.com,+919870000016,cust16@okaxis,Failed UPI Retry
pay_902104,cust_00186,order_701402,99999,1787544450,captured,upi,customer_186@razorpay-demo.com,+919870000186,cust186@okaxis,Failed UPI Retry
pay_902388,cust_00079,order_701638,4999,1787622161,captured,wallet,customer_79@razorpay-demo.com,+919870000079,,Multiple Browser Tabs Checkout
pay_902234,cust_00017,order_701484,199999,1787589107,captured,upi,customer_17@razorpay-demo.com,+919870000017,cust17@okaxis,Multiple Browser Tabs Checkout
pay_900848,cust_00090,order_700774,34999,1787553149,captured,netbanking,customer_90@razorpay-demo.com,+919870000090,,Double-Click Issue
pay_902003,cust_00053,order_701352,99999,1787667060,captured,upi,customer_53@razorpay-demo.com,+919870000053,cust53@okaxis,Failed UPI Retry
pay_902587,cust_00052,order_701837,24999,1787558859,captured,wallet,customer_52@razorpay-demo.com,+919870000052,,Multiple Browser Tabs Checkout
pay_901341,cust_00147,order_701021,14999,1787679103,captured,upi,customer_147@razorpay-demo.com,+919870000147,cust147@okaxis,Network Timeout Retry
pay_902616,cust_00081,order_701866,74999,1787665306,captured,netbanking,customer_81@razorpay-demo.com,+919870000081,,Multiple Browser Tabs Checkout
pay_902504,cust_00176,order_701754,249999,1787554490,captured,wallet,customer_176@razorpay-demo.com,+919870000176,,Multiple Browser Tabs Checkout
pay_902002,cust_00100,order_701351,74999,1787615362,captured,upi,customer_100@razorpay-demo.com,+919870000100,cust100@okaxis,Failed UPI Retry
pay_902032,cust_00033,order_701366,9999,1787517558,captured,upi,customer_33@razorpay-demo.com,+919870000033,cust33@okaxis,Failed UPI Retry
pay_901711,cust_00007,order_701206,19999,1787529174,captured,upi,customer_7@razorpay-demo.com,+919870000007,cust7@okaxis,Failed UPI Retry
pay_901602,cust_00125,order_701151,249999,1787618321,captured,card,customer_125@razorpay-demo.com,+919870000125,,Network Timeout Retry
pay_900031,cust_00139,order_700031,199999,1787644813,captured,card,customer_139@razorpay-demo.com,+919870000139,,legitimate
pay_901899,cust_00188,order_701300,249999,1787605924,captured,upi,customer_188@razorpay-demo.com,+919870000188,cust188@okaxis,Failed UPI Retry
pay_902828,cust_00027,order_702078,99999,1787684737,captured,wallet,customer_27@razorpay-demo.com,+919870000027,,Gateway Retry with Different IDs
pay_901780,cust_00046,order_701240,199999,1787638566,captured,upi,customer_46@razorpay-demo.com,+919870000046,cust46@okaxis,Failed UPI Retry
pay_901863,cust_00123,order_701282,299999,1787597435,captured,upi,customer_123@razorpay-demo.com,+919870000123,cust123@okaxis,Failed UPI Retry
pay_902168,cust_00067,order_701434,249999,1787561261,captured,upi,customer_67@razorpay-demo.com,+919870000067,cust67@okaxis,Failed UPI Retry
pay_900240,cust_00140,order_700240,299999,1787528520,captured,netbanking,customer_140@razorpay-demo.com,+919870000140,,legitimate
pay_902188,cust_00101,order_701444,74999,1787516201,captured,upi,customer_101@razorpay-demo.com,+919870000101,cust101@okaxis,Failed UPI Retry
pay_902315,cust_00198,order_701565,9999,1787547399,captured,wallet,customer_198@razorpay-demo.com,+919870000198,,Multiple Browser Tabs Checkout
pay_900297,cust_00119,order_700297,34999,1787527729,captured,card,customer_119@razorpay-demo.com,+919870000119,,legitimate
pay_902149,cust_00031,order_701425,7499,1787663434,captured,upi,customer_31@razorpay-demo.com,+919870000031,cust31@okaxis,Failed UPI Retry
pay_901910,cust_00176,order_701305,249999,1787618175,captured,upi,customer_176@razorpay-demo.com,+919870000176,cust176@okaxis,Failed UPI Retry
pay_901872,cust_00134,order_701286,14999,1787613179,captured,upi,customer_134@razorpay-demo.com,+919870000134,cust134@okaxis,Failed UPI Retry
pay_900394,cust_00025,order_700394,4999,1787719644,captured,netbanking,customer_25@razorpay-demo.com,+919870000025,,legitimate
pay_901174,cust_00115,order_700937,19999,1787599591,captured,netbanking,customer_115@razorpay-demo.com,+919870000115,,Double-Click Issue
pay_902283,cust_00046,order_701533,24999,1787539012,captured,netbanking,customer_46@razorpay-demo.com,+919870000046,,Multiple Browser Tabs Checkout
pay_901998,cust_00194,order_701349,99999,1787655429,captured,upi,customer_194@razorpay-demo.com,+919870000194,cust194@okaxis,Failed UPI Retry
pay_900074,cust_00150,order_700074,49999,1787608275,captured,upi,customer_150@razorpay-demo.com,+919870000150,cust150@okaxis,legitimate
pay_902647,cust_00078,order_701897,7499,1787566836,captured,upi,customer_78@razorpay-demo.com,+919870000078,cust78@okaxis,Multiple Browser Tabs Checkout
pay_902835,cust_00017,order_702085,14999,1787669084,failed,wallet,customer_17@razorpay-demo.com,+919870000017,,Gateway Retry with Different IDs
pay_902488,cust_00194,order_701738,49999,1787683683,captured,card,customer_194@razorpay-demo.com,+919870000194,,Multiple Browser Tabs Checkout
pay_900064,cust_00041,order_700064,34999,1787647563,failed,netbanking,customer_41@razorpay-demo.com,+919870000041,,legitimate
pay_901089,cust_00158,order_700895,249999,1787600208,captured,netbanking,customer_158@razorpay-demo.com,+919870000158,,Double-Click Issue
pay_902522,cust_00125,order_701772,49999,1787540926,captured,netbanking,customer_125@razorpay-demo.com,+919870000125,,Multiple Browser Tabs Checkout
pay_901287,cust_00042,order_700994,7499,1787603283,captured,upi,customer_42@razorpay-demo.com,+919870000042,cust42@okaxis,Network Timeout Retry
pay_900046,cust_00168,order_700046,99999,1787528533,captured,card,customer_168@razorpay-demo.com,+919870000168,,legitimate
pay_901365,cust_00173,order_701033,12499,1787615839,captured,wallet,customer_173@razorpay-demo.com,+919870000173,,Network Timeout Retry
pay_901360,cust_00009,order_701030,49999,1787583511,captured,netbanking,customer_9@razorpay-demo.com,+919870000009,,Network Timeout Retry
pay_900440,cust_00146,order_700440,74999,1787715987,captured,card,customer_146@razorpay-demo.com,+919870000146,,legitimate
pay_901118,cust_00027,order_700909,12499,1787627168,captured,wallet,customer_27@razorpay-demo.com,+919870000027,,Double-Click Issue
pay_901006,cust_00164,order_700853,14999,1787628557,captured,upi,customer_164@razorpay-demo.com,+919870000164,cust164@okaxis,Double-Click Issue
pay_900081,cust_00028,order_700081,24999,1787700897,captured,card,customer_28@razorpay-demo.com,+919870000028,,legitimate
pay_901895,cust_00024,order_701298,34999,1787602877,captured,upi,customer_24@razorpay-demo.com,+919870000024,cust24@okaxis,Failed UPI Retry
pay_901776,cust_00197,order_701238,9999,1787673180,captured,upi,customer_197@razorpay-demo.com,+919870000197,cust197@okaxis,Failed UPI Retry
pay_902500,cust_00143,order_701750,149999,1787529673,captured,card,customer_143@razorpay-demo.com,+919870000143,,Multiple Browser Tabs Checkout
pay_901018,cust_00043,order_700859,34999,1787657458,captured,upi,customer_43@razorpay-demo.com,+919870000043,cust43@okaxis,Double-Click Issue
pay_901507,cust_00024,order_701104,99999,1787676292,captured,netbanking,customer_24@razorpay-demo.com,+919870000024,,Network Timeout Retry
pay_902368,cust_00047,order_701618,9999,1787543314,captured,upi,customer_47@razorpay-demo.com,+919870000047,cust47@okaxis,Multiple Browser Tabs Checkout
pay_900403,cust_00144,order_700403,12499,1787634937,captured,netbanking,customer_144@razorpay-demo.com,+919870000144,,legitimate
pay_902074,cust_00075,order_701387,9999,1787521651,captured,upi,customer_75@razorpay-demo.com,+919870000075,cust75@okaxis,Failed UPI Retry
pay_902226,cust_00121,order_701476,299999,1787557385,captured,card,customer_121@razorpay-demo.com,+919870000121,,Multiple Browser Tabs Checkout
pay_900299,cust_00119,order_700299,74999,1787612583,captured,card,customer_119@razorpay-demo.com,+919870000119,,legitimate
pay_902656,cust_00184,order_701906,24999,1787657910,captured,card,customer_184@razorpay-demo.com,+919870000184,,Multiple Browser Tabs Checkout
pay_901503,cust_00149,order_701102,199999,1787634398,captured,wallet,customer_149@razorpay-demo.com,+919870000149,,Network Timeout Retry
pay_900103,cust_00193,order_700103,249999,1787683580,captured,card,customer_193@razorpay-demo.com,+919870000193,,legitimate
pay_900421,cust_00137,order_700421,19999,1787661428,captured,netbanking,customer_137@razorpay-demo.com,+919870000137,,legitimate
pay_901056,cust_00028,order_700878,4999,1787540556,captured,wallet,customer_28@razorpay-demo.com,+919870000028,,Double-Click Issue
pay_900388,cust_00165,order_700388,14999,1787568334,captured,wallet,customer_165@razorpay-demo.com,+919870000165,,legitimate
pay_900197,cust_00012,order_700197,19999,1787667770,captured,wallet,customer_12@razorpay-demo.com,+919870000012,,legitimate
pay_900745,cust_00188,order_700723,7499,1787573839,captured,card,customer_188@razorpay-demo.com,+919870000188,,Double-Click Issue
pay_902769,cust_00052,order_702019,34999,1787668440,failed,wallet,customer_52@razorpay-demo.com,+919870000052,,Gateway Retry with Different IDs
pay_901785,cust_00052,order_701243,4999,1787623019,captured,upi,customer_52@razorpay-demo.com,+919870000052,cust52@okaxis,Failed UPI Retry
pay_900846,cust_00079,order_700773,149999,1787588677,captured,netbanking,customer_79@razorpay-demo.com,+919870000079,,Double-Click Issue
pay_900987,cust_00099,order_700844,9999,1787517453,captured,card,customer_99@razorpay-demo.com,+919870000099,,Double-Click Issue
pay_900927,cust_00006,order_700814,4999,1787587460,captured,card,customer_6@razorpay-demo.com,+919870000006,,Double-Click Issue
pay_900730,cust_00164,order_700715,149999,1787592621,captured,netbanking,customer_164@razorpay-demo.com,+919870000164,,Double-Click Issue
pay_900045,cust_00109,order_700045,24999,1787702030,captured,wallet,customer_109@razorpay-demo.com,+919870000109,,legitimate
pay_902528,cust_00018,order_701778,34999,1787683432,captured,card,customer_18@razorpay-demo.com,+919870000018,,Multiple Browser Tabs Checkout
pay_900325,cust_00070,order_700325,34999,1787694947,captured,upi,customer_70@razorpay-demo.com,+919870000070,cust70@okaxis,legitimate
pay_901597,cust_00024,order_701149,74999,1787613775,captured,wallet,customer_24@razorpay-demo.com,+919870000024,,Network Timeout Retry
pay_901566,cust_00107,order_701133,149999,1787647888,captured,card,customer_107@razorpay-demo.com,+919870000107,,Network Timeout Retry
pay_900323,cust_00065,order_700323,4999,1787704250,captured,wallet,customer_65@razorpay-demo.com,+919870000065,,legitimate
pay_902187,cust_00101,order_701444,74999,1787516081,captured,upi,customer_101@razorpay-demo.com,+919870000101,cust101@okaxis,Failed UPI Retry
pay_900917,cust_00043,order_700809,299999,1787518746,captured,wallet,customer_43@razorpay-demo.com,+919870000043,,Double-Click Issue
pay_902493,cust_00098,order_701743,24999,1787604303,captured,upi,customer_98@razorpay-demo.com,+919870000098,cust98@okaxis,Multiple Browser Tabs Checkout
pay_902210,cust_00125,order_701460,7499,1787642514,captured,wallet,customer_125@razorpay-demo.com,+919870000125,,Multiple Browser Tabs Checkout
pay_900533,cust_00002,order_700533,14999,1787593183,captured,wallet,customer_2@razorpay-demo.com,+919870000002,,legitimate
pay_901779,cust_00046,order_701240,199999,1787638483,captured,upi,customer_46@razorpay-demo.com,+919870000046,cust46@okaxis,Failed UPI Retry
pay_900094,cust_00141,order_700094,249999,1787581078,captured,card,customer_141@razorpay-demo.com,+919870000141,,legitimate
pay_901832,cust_00074,order_701266,24999,1787620719,captured,upi,customer_74@razorpay-demo.com,+919870000074,cust74@okaxis,Failed UPI Retry
pay_900176,cust_00133,order_700176,99999,1787713313,captured,wallet,customer_133@razorpay-demo.com,+919870000133,,legitimate
pay_900310,cust_00080,order_700310,49999,1787654435,captured,wallet,customer_80@razorpay-demo.com,+919870000080,,legitimate
pay_901749,cust_00043,order_701225,24999,1787566317,captured,upi,customer_43@razorpay-demo.com,+919870000043,cust43@okaxis,Failed UPI Retry
pay_901059,cust_00074,order_700880,99999,1787540744,captured,netbanking,customer_74@razorpay-demo.com,+919870000074,,Double-Click Issue
pay_901160,cust_00033,order_700930,99999,1787532732,captured,upi,customer_33@razorpay-demo.com,+919870000033,cust33@okaxis,Double-Click Issue
pay_902438,cust_00149,order_701688,4999,1787570691,captured,upi,customer_149@razorpay-demo.com,+919870000149,cust149@okaxis,Multiple Browser Tabs Checkout
pay_901934,cust_00139,order_701317,34999,1787524239,captured,upi,customer_139@razorpay-demo.com,+919870000139,cust139@okaxis,Failed UPI Retry
pay_900508,cust_00158,order_700508,299999,1787657846,captured,wallet,customer_158@razorpay-demo.com,+919870000158,,legitimate
pay_901217,cust_00020,order_700959,49999,1787551991,captured,netbanking,customer_20@razorpay-demo.com,+919870000020,,Network Timeout Retry
pay_902593,cust_00069,order_701843,299999,1787676946,captured,wallet,customer_69@razorpay-demo.com,+919870000069,,Multiple Browser Tabs Checkout
pay_902635,cust_00072,order_701885,299999,1787578167,captured,upi,customer_72@razorpay-demo.com,+919870000072,cust72@okaxis,Multiple Browser Tabs Checkout
pay_902197,cust_00092,order_701449,19999,1787633262,captured,upi,customer_92@razorpay-demo.com,+919870000092,cust92@okaxis,Failed UPI Retry
pay_901642,cust_00040,order_701171,199999,1787534875,captured,card,customer_40@razorpay-demo.com,+919870000040,,Network Timeout Retry
pay_901603,cust_00010,order_701152,149999,1787529002,captured,wallet,customer_10@razorpay-demo.com,+919870000010,,Network Timeout Retry
pay_901324,cust_00148,order_701012,14999,1787682408,captured,wallet,customer_148@razorpay-demo.com,+919870000148,,Network Timeout Retry
pay_902010,cust_00023,order_701355,74999,1787516939,captured,upi,customer_23@razorpay-demo.com,+919870000023,cust23@okaxis,Failed UPI Retry
pay_902861,cust_00111,order_702111,7499,1787536296,failed,upi,customer_111@razorpay-demo.com,+919870000111,cust111@okaxis,Gateway Retry with Different IDs
pay_902180,cust_00019,order_701440,74999,1787641248,captured,upi,customer_19@razorpay-demo.com,+919870000019,cust19@okaxis,Failed UPI Retry
pay_901284,cust_00181,order_700992,24999,1787663221,captured,upi,customer_181@razorpay-demo.com,+919870000181,cust181@okaxis,Network Timeout Retry
pay_900782,cust_00045,order_700741,9999,1787655144,captured,upi,customer_45@razorpay-demo.com,+919870000045,cust45@okaxis,Double-Click Issue
pay_901689,cust_00115,order_701195,49999,1787551169,captured,upi,customer_115@razorpay-demo.com,+919870000115,cust115@okaxis,Network Timeout Retry
pay_900499,cust_00150,order_700499,74999,1787579202,captured,wallet,customer_150@razorpay-demo.com,+919870000150,,legitimate
pay_900600,cust_00064,order_700600,199999,1787621164,captured,wallet,customer_64@razorpay-demo.com,+919870000064,,legitimate
pay_901738,cust_00010,order_701219,49999,1787534419,captured,upi,customer_10@razorpay-demo.com,+919870000010,cust10@okaxis,Failed UPI Retry
pay_902795,cust_00022,order_702045,24999,1787569691,failed,netbanking,customer_22@razorpay-demo.com,+919870000022,,Gateway Retry with Different IDs
pay_901048,cust_00182,order_700874,99999,1787602517,captured,upi,customer_182@razorpay-demo.com,+919870000182,cust182@okaxis,Double-Click Issue
pay_901880,cust_00087,order_701290,24999,1787623753,captured,upi,customer_87@razorpay-demo.com,+919870000087,cust87@okaxis,Failed UPI Retry
pay_901074,cust_00052,order_700887,74999,1787658865,captured,wallet,customer_52@razorpay-demo.com,+919870000052,,Double-Click Issue
pay_902338,cust_00071,order_701588,4999,1787579882,captured,card,customer_71@razorpay-demo.com,+919870000071,,Multiple Browser Tabs Checkout
pay_902145,cust_00024,order_701423,4999,1787677615,captured,upi,customer_24@razorpay-demo.com,+919870000024,cust24@okaxis,Failed UPI Retry
pay_901438,cust_00162,order_701069,149999,1787605930,captured,wallet,customer_162@razorpay-demo.com,+919870000162,,Network Timeout Retry
pay_902588,cust_00052,order_701838,24999,1787558878,captured,wallet,customer_52@razorpay-demo.com,+919870000052,,Multiple Browser Tabs Checkout
pay_900599,cust_00033,order_700599,149999,1787569371,captured,upi,customer_33@razorpay-demo.com,+919870000033,cust33@okaxis,legitimate
pay_901100,cust_00056,order_700900,199999,1787687662,captured,wallet,customer_56@razorpay-demo.com,+919870000056,,Double-Click Issue
pay_900706,cust_00151,order_700703,149999,1787649254,captured,upi,customer_151@razorpay-demo.com,+919870000151,cust151@okaxis,Double-Click Issue
pay_900479,cust_00083,order_700479,12499,1787704713,failed,netbanking,customer_83@razorpay-demo.com,+919870000083,,legitimate
pay_902896,cust_00103,order_702146,199999,1787590484,captured,upi,customer_103@razorpay-demo.com,+919870000103,cust103@okaxis,Gateway Retry with Different IDs
pay_900071,cust_00086,order_700071,199999,1787653057,captured,upi,customer_86@razorpay-demo.com,+919870000086,cust86@okaxis,legitimate
pay_901719,cust_00058,order_701210,4999,1787586045,captured,upi,customer_58@razorpay-demo.com,+919870000058,cust58@okaxis,Failed UPI Retry
pay_900424,cust_00077,order_700424,199999,1787667699,captured,netbanking,customer_77@razorpay-demo.com,+919870000077,,legitimate
pay_900857,cust_00067,order_700779,99999,1787547989,captured,netbanking,customer_67@razorpay-demo.com,+919870000067,,Double-Click Issue
pay_900057,cust_00031,order_700057,299999,1787640487,captured,upi,customer_31@razorpay-demo.com,+919870000031,cust31@okaxis,legitimate
pay_901747,cust_00078,order_701224,199999,1787658454,captured,upi,customer_78@razorpay-demo.com,+919870000078,cust78@okaxis,Failed UPI Retry
pay_900536,cust_00024,order_700536,74999,1787702004,captured,netbanking,customer_24@razorpay-demo.com,+919870000024,,legitimate
pay_901492,cust_00080,order_701096,299999,1787542887,captured,netbanking,customer_80@razorpay-demo.com,+919870000080,,Network Timeout Retry
pay_900742,cust_00009,order_700721,14999,1787570516,captured,card,customer_9@razorpay-demo.com,+919870000009,,Double-Click Issue
pay_900680,cust_00096,order_700680,99999,1787641223,captured,card,customer_96@razorpay-demo.com,+919870000096,,legitimate
pay_900803,cust_00037,order_700752,74999,1787522142,captured,wallet,customer_37@razorpay-demo.com,+919870000037,,Double-Click Issue
pay_902556,cust_00094,order_701806,19999,1787647681,captured,card,customer_94@razorpay-demo.com,+919870000094,,Multiple Browser Tabs Checkout
pay_901094,cust_00135,order_700897,12499,1787605405,captured,upi,customer_135@razorpay-demo.com,+919870000135,cust135@okaxis,Double-Click Issue
pay_901136,cust_00196,order_700918,299999,1787581352,captured,wallet,customer_196@razorpay-demo.com,+919870000196,,Double-Click Issue
pay_901245,cust_00028,order_700973,4999,1787605765,captured,upi,customer_28@razorpay-demo.com,+919870000028,cust28@okaxis,Network Timeout Retry
pay_902097,cust_00088,order_701399,7499,1787682598,captured,upi,customer_88@razorpay-demo.com,+919870000088,cust88@okaxis,Failed UPI Retry
pay_901992,cust_00176,order_701346,249999,1787618578,captured,upi,customer_176@razorpay-demo.com,+919870000176,cust176@okaxis,Failed UPI Retry
pay_901264,cust_00123,order_700982,199999,1787672721,captured,upi,customer_123@razorpay-demo.com,+919870000123,cust123@okaxis,Network Timeout Retry
pay_900434,cust_00141,order_700434,299999,1787603333,failed,upi,customer_141@razorpay-demo.com,+919870000141,cust141@okaxis,legitimate
pay_901379,cust_00061,order_701040,49999,1787663411,captured,wallet,customer_61@razorpay-demo.com,+919870000061,,Network Timeout Retry
pay_901386,cust_00162,order_701043,49999,1787651170,captured,netbanking,customer_162@razorpay-demo.com,+919870000162,,Network Timeout Retry
pay_900472,cust_00064,order_700472,34999,1787548947,captured,netbanking,customer_64@razorpay-demo.com,+919870000064,,legitimate
pay_902093,cust_00067,order_701397,199999,1787636535,captured,upi,customer_67@razorpay-demo.com,+919870000067,cust67@okaxis,Failed UPI Retry
pay_902452,cust_00036,order_701702,49999,1787579918,captured,netbanking,customer_36@razorpay-demo.com,+919870000036,,Multiple Browser Tabs Checkout
pay_901881,cust_00147,order_701291,74999,1787582758,captured,upi,customer_147@razorpay-demo.com,+919870000147,cust147@okaxis,Failed UPI Retry
pay_901019,cust_00185,order_700860,24999,1787559382,captured,card,customer_185@razorpay-demo.com,+919870000185,,Double-Click Issue
pay_901045,cust_00183,order_700873,14999,1787674623,captured,netbanking,customer_183@razorpay-demo.com,+919870000183,,Double-Click Issue
pay_902862,cust_00111,order_702112,7499,1787536320,captured,upi,customer_111@razorpay-demo.com,+919870000111,cust111@okaxis,Gateway Retry with Different IDs
pay_902029,cust_00040,order_701365,14999,1787687801,captured,upi,customer_40@razorpay-demo.com,+919870000040,cust40@okaxis,Failed UPI Retry
pay_902356,cust_00134,order_701606,99999,1787586596,captured,netbanking,customer_134@razorpay-demo.com,+919870000134,,Multiple Browser Tabs Checkout
pay_900791,cust_00118,order_700746,299999,1787651357,captured,card,customer_118@razorpay-demo.com,+919870000118,,Double-Click Issue
pay_900234,cust_00012,order_700234,4999,1787730561,captured,netbanking,customer_12@razorpay-demo.com,+919870000012,,legitimate
pay_902622,cust_00128,order_701872,299999,1787556589,captured,card,customer_128@razorpay-demo.com,+919870000128,,Multiple Browser Tabs Checkout
pay_900512,cust_00039,order_700512,12499,1787649314,captured,upi,customer_39@razorpay-demo.com,+919870000039,cust39@okaxis,legitimate
pay_902453,cust_00106,order_701703,19999,1787533139,captured,upi,customer_106@razorpay-demo.com,+919870000106,cust106@okaxis,Multiple Browser Tabs Checkout
pay_901038,cust_00108,order_700869,74999,1787562720,captured,upi,customer_108@razorpay-demo.com,+919870000108,cust108@okaxis,Double-Click Issue
pay_900219,cust_00199,order_700219,199999,1787646567,captured,upi,customer_199@razorpay-demo.com,+919870000199,cust199@okaxis,legitimate
pay_900528,cust_00163,order_700528,14999,1787621411,captured,wallet,customer_163@razorpay-demo.com,+919870000163,,legitimate
pay_901816,cust_00024,order_701258,199999,1787567236,captured,upi,customer_24@razorpay-demo.com,+919870000024,cust24@okaxis,Failed UPI Retry
pay_900534,cust_00034,order_700534,7499,1787608532,captured,upi,customer_34@razorpay-demo.com,+919870000034,cust34@okaxis,legitimate
pay_900643,cust_00003,order_700643,9999,1787721292,captured,wallet,customer_3@razorpay-demo.com,+919870000003,,legitimate
pay_901024,cust_00184,order_700862,19999,1787646277,captured,card,customer_184@razorpay-demo.com,+919870000184,,Double-Click Issue
pay_901660,cust_00003,order_701180,7499,1787629589,captured,wallet,customer_3@razorpay-demo.com,+919870000003,,Network Timeout Retry
pay_900464,cust_00017,order_700464,49999,1787717311,captured,card,customer_17@razorpay-demo.com,+919870000017,,legitimate
pay_901175,cust_00045,order_700938,99999,1787660903,captured,card,customer_45@razorpay-demo.com,+919870000045,,Double-Click Issue
pay_900799,cust_00106,order_700750,14999,1787628588,captured,wallet,customer_106@razorpay-demo.com,+919870000106,,Double-Click Issue
pay_901989,cust_00079,order_701345,24999,1787527469,captured,upi,customer_79@razorpay-demo.com,+919870000079,cust79@okaxis,Failed UPI Retry
pay_902810,cust_00093,order_702060,149999,1787654498,captured,wallet,customer_93@razorpay-demo.com,+919870000093,,Gateway Retry with Different IDs
pay_900747,cust_00124,order_700724,149999,1787589974,captured,card,customer_124@razorpay-demo.com,+919870000124,,Double-Click Issue
pay_902091,cust_00169,order_701396,34999,1787579337,captured,upi,customer_169@razorpay-demo.com,+919870000169,cust169@okaxis,Failed UPI Retry
pay_900566,cust_00174,order_700566,199999,1787716304,captured,upi,customer_174@razorpay-demo.com,+919870000174,cust174@okaxis,legitimate
pay_902176,cust_00056,order_701438,74999,1787626696,captured,upi,customer_56@razorpay-demo.com,+919870000056,cust56@okaxis,Failed UPI Retry
pay_902371,cust_00048,order_701621,12499,1787630448,captured,card,customer_48@razorpay-demo.com,+919870000048,,Multiple Browser Tabs Checkout
pay_901587,cust_00002,order_701144,14999,1787552562,captured,upi,customer_2@razorpay-demo.com,+919870000002,cust2@okaxis,Network Timeout Retry
pay_900030,cust_00161,order_700030,14999,1787548454,captured,upi,customer_161@razorpay-demo.com,+919870000161,cust161@okaxis,legitimate
pay_902414,cust_00017,order_701664,299999,1787530743,captured,wallet,customer_17@razorpay-demo.com,+919870000017,,Multiple Browser Tabs Checkout
pay_902839,cust_00006,order_702089,9999,1787640930,failed,netbanking,customer_6@razorpay-demo.com,+919870000006,,Gateway Retry with Different IDs
pay_900766,cust_00068,order_700733,7499,1787547390,captured,wallet,customer_68@razorpay-demo.com,+919870000068,,Double-Click Issue
pay_900938,cust_00031,order_700819,14999,1787651049,captured,card,customer_31@razorpay-demo.com,+919870000031,,Double-Click Issue
pay_902261,cust_00071,order_701511,4999,1787534912,captured,upi,customer_71@razorpay-demo.com,+919870000071,cust71@okaxis,Multiple Browser Tabs Checkout
pay_901419,cust_00027,order_701060,7499,1787677319,captured,card,customer_27@razorpay-demo.com,+919870000027,,Network Timeout Retry
pay_900189,cust_00131,order_700189,149999,1787605187,captured,netbanking,customer_131@razorpay-demo.com,+919870000131,,legitimate
pay_900171,cust_00074,order_700171,34999,1787616680,captured,card,customer_74@razorpay-demo.com,+919870000074,,legitimate
pay_901300,cust_00015,order_701000,199999,1787626112,captured,upi,customer_15@razorpay-demo.com,+919870000015,cust15@okaxis,Network Timeout Retry
pay_900044,cust_00105,order_700044,12499,1787536378,captured,card,customer_105@razorpay-demo.com,+919870000105,,legitimate
pay_900088,cust_00030,order_700088,24999,1787570461,captured,upi,customer_30@razorpay-demo.com,+919870000030,cust30@okaxis,legitimate
pay_900737,cust_00090,order_700719,49999,1787532968,captured,wallet,customer_90@razorpay-demo.com,+919870000090,,Double-Click Issue
pay_901221,cust_00085,order_700961,149999,1787598647,captured,card,customer_85@razorpay-demo.com,+919870000085,,Network Timeout Retry
pay_900283,cust_00091,order_700283,7499,1787701582,captured,wallet,customer_91@razorpay-demo.com,+919870000091,,legitimate
pay_900355,cust_00021,order_700355,19999,1787581644,captured,netbanking,customer_21@razorpay-demo.com,+919870000021,,legitimate
pay_900686,cust_00158,order_700686,74999,1787655253,captured,upi,customer_158@razorpay-demo.com,+919870000158,cust158@okaxis,legitimate
pay_901413,cust_00093,order_701057,149999,1787586978,captured,wallet,customer_93@razorpay-demo.com,+919870000093,,Network Timeout Retry
pay_900808,cust_00096,order_700754,4999,1787656687,captured,netbanking,customer_96@razorpay-demo.com,+919870000096,,Double-Click Issue
pay_901581,cust_00191,order_701141,14999,1787681614,captured,netbanking,customer_191@razorpay-demo.com,+919870000191,,Network Timeout Retry
pay_902030,cust_00040,order_701365,14999,1787687916,captured,upi,customer_40@razorpay-demo.com,+919870000040,cust40@okaxis,Failed UPI Retry
pay_902370,cust_00011,order_701620,19999,1787591642,captured,upi,customer_11@razorpay-demo.com,+919870000011,cust11@okaxis,Multiple Browser Tabs Checkout
pay_900150,cust_00079,order_700150,14999,1787541503,captured,upi,customer_79@razorpay-demo.com,+919870000079,cust79@okaxis,legitimate
pay_901393,cust_00093,order_701047,19999,1787574908,captured,netbanking,customer_93@razorpay-demo.com,+919870000093,,Network Timeout Retry
pay_900496,cust_00026,order_700496,199999,1787679953,captured,wallet,customer_26@razorpay-demo.com,+919870000026,,legitimate
pay_900451,cust_00031,order_700451,34999,1787549940,captured,netbanking,customer_31@razorpay-demo.com,+919870000031,,legitimate
pay_902407,cust_00114,order_701657,14999,1787654661,captured,upi,customer_114@razorpay-demo.com,+919870000114,cust114@okaxis,Multiple Browser Tabs Checkout
pay_902025,cust_00045,order_701363,34999,1787539472,captured,upi,customer_45@razorpay-demo.com,+919870000045,cust45@okaxis,Failed UPI Retry
pay_902044,cust_00109,order_701372,49999,1787657228,captured,upi,customer_109@razorpay-demo.com,+919870000109,cust109@okaxis,Failed UPI Retry
pay_900135,cust_00011,order_700135,19999,1787658329,captured,wallet,customer_11@razorpay-demo.com,+919870000011,,legitimate
pay_901392,cust_00162,order_701046,7499,1787644130,captured,wallet,customer_162@razorpay-demo.com,+919870000162,,Network Timeout Retry
pay_901608,cust_00107,order_701154,299999,1787665762,captured,card,customer_107@razorpay-demo.com,+919870000107,,Network Timeout Retry
pay_901418,cust_00191,order_701059,149999,1787551855,captured,card,customer_191@razorpay-demo.com,+919870000191,,Network Timeout Retry
pay_900611,cust_00117,order_700611,4999,1787559142,captured,wallet,customer_117@razorpay-demo.com,+919870000117,,legitimate
pay_901361,cust_00199,order_701031,9999,1787684181,captured,wallet,customer_199@razorpay-demo.com,+919870000199,,Network Timeout Retry
pay_901761,cust_00183,order_701231,299999,1787550335,captured,upi,customer_183@razorpay-demo.com,+919870000183,cust183@okaxis,Failed UPI Retry
pay_900480,cust_00134,order_700480,12499,1787580349,captured,wallet,customer_134@razorpay-demo.com,+919870000134,,legitimate
pay_901611,cust_00098,order_701156,4999,1787606054,captured,netbanking,customer_98@razorpay-demo.com,+919870000098,,Network Timeout Retry
pay_901222,cust_00085,order_700961,149999,1787598677,captured,card,customer_85@razorpay-demo.com,+919870000085,,Network Timeout Retry
pay_901125,cust_00067,order_700913,24999,1787593395,captured,wallet,customer_67@razorpay-demo.com,+919870000067,,Double-Click Issue
pay_900222,cust_00166,order_700222,4999,1787685781,captured,netbanking,customer_166@razorpay-demo.com,+919870000166,,legitimate
pay_901771,cust_00187,order_701236,199999,1787683954,captured,upi,customer_187@razorpay-demo.com,+919870000187,cust187@okaxis,Failed UPI Retry
pay_901106,cust_00083,order_700903,24999,1787582123,captured,card,customer_83@razorpay-demo.com,+919870000083,,Double-Click Issue
pay_902723,cust_00143,order_701973,249999,1787524638,failed,wallet,customer_143@razorpay-demo.com,+919870000143,,Gateway Retry with Different IDs
pay_900174,cust_00059,order_700174,99999,1787731349,captured,card,customer_59@razorpay-demo.com,+919870000059,,legitimate
pay_902880,cust_00086,order_702130,249999,1787536714,captured,upi,customer_86@razorpay-demo.com,+919870000086,cust86@okaxis,Gateway Retry with Different IDs
pay_901303,cust_00154,order_701002,49999,1787621746,captured,upi,customer_154@razorpay-demo.com,+919870000154,cust154@okaxis,Network Timeout Retry
pay_900507,cust_00130,order_700507,34999,1787528498,captured,netbanking,customer_130@razorpay-demo.com,+919870000130,,legitimate
pay_901271,cust_00081,order_700986,24999,1787533858,captured,netbanking,customer_81@razorpay-demo.com,+919870000081,,Network Timeout Retry
pay_902150,cust_00031,order_701425,7499,1787663480,captured,upi,customer_31@razorpay-demo.com,+919870000031,cust31@okaxis,Failed UPI Retry
pay_901331,cust_00163,order_701016,199999,1787632411,captured,upi,customer_163@razorpay-demo.com,+919870000163,cust163@okaxis,Network Timeout Retry
pay_901115,cust_00172,order_700908,99999,1787664904,captured,upi,customer_172@razorpay-demo.com,+919870000172,cust172@okaxis,Double-Click Issue
pay_900315,cust_00198,order_700315,49999,1787658418,captured,card,customer_198@razorpay-demo.com,+919870000198,,legitimate
pay_900153,cust_00076,order_700153,12499,1787554200,captured,netbanking,customer_76@razorpay-demo.com,+919870000076,,legitimate
pay_901707,cust_00158,order_701204,14999,1787620089,captured,upi,customer_158@razorpay-demo.com,+919870000158,cust158@okaxis,Failed UPI Retry
pay_900273,cust_00041,order_700273,19999,1787671306,captured,netbanking,customer_41@razorpay-demo.com,+919870000041,,legitimate
pay_900271,cust_00037,order_700271,74999,1787530471,captured,wallet,customer_37@razorpay-demo.com,+919870000037,,legitimate
pay_900458,cust_00130,order_700458,12499,1787550981,captured,upi,customer_130@razorpay-demo.com,+919870000130,cust130@okaxis,legitimate
pay_902031,cust_00033,order_701366,9999,1787517446,captured,upi,customer_33@razorpay-demo.com,+919870000033,cust33@okaxis,Failed UPI Retry
pay_901079,cust_00076,order_700890,34999,1787685382,captured,upi,customer_76@razorpay-demo.com,+919870000076,cust76@okaxis,Double-Click Issue
pay_900369,cust_00023,order_700369,199999,1787659694,captured,netbanking,customer_23@razorpay-demo.com,+919870000023,,legitimate
pay_902204,cust_00195,order_701454,199999,1787627389,captured,netbanking,customer_195@razorpay-demo.com,+919870000195,,Multiple Browser Tabs Checkout
pay_900786,cust_00052,order_700743,249999,1787659577,captured,upi,customer_52@razorpay-demo.com,+919870000052,cust52@okaxis,Double-Click Issue
pay_902707,cust_00095,order_701957,9999,1787615749,failed,card,customer_95@razorpay-demo.com,+919870000095,,Gateway Retry with Different IDs
pay_902384,cust_00145,order_701634,149999,1787573974,captured,wallet,customer_145@razorpay-demo.com,+919870000145,,Multiple Browser Tabs Checkout
pay_902506,cust_00075,order_701756,249999,1787548070,captured,wallet,customer_75@razorpay-demo.com,+919870000075,,Multiple Browser Tabs Checkout
pay_900258,cust_00106,order_700258,19999,1787601567,captured,wallet,customer_106@razorpay-demo.com,+919870000106,,legitimate
pay_902561,cust_00061,order_701811,99999,1787617830,captured,netbanking,customer_61@razorpay-demo.com,+919870000061,,Multiple Browser Tabs Checkout
pay_900140,cust_00152,order_700140,14999,1787699411,captured,netbanking,customer_152@razorpay-demo.com,+919870000152,,legitimate
pay_901657,cust_00073,order_701179,12499,1787524614,captured,netbanking,customer_73@razorpay-demo.com,+919870000073,,Network Timeout Retry
pay_900544,cust_00086,order_700544,24999,1787580335,captured,upi,customer_86@razorpay-demo.com,+919870000086,cust86@okaxis,legitimate
pay_900784,cust_00011,order_700742,24999,1787686218,captured,card,customer_11@razorpay-demo.com,+919870000011,,Double-Click Issue
pay_902505,cust_00075,order_701755,249999,1787548063,captured,wallet,customer_75@razorpay-demo.com,+919870000075,,Multiple Browser Tabs Checkout
pay_900255,cust_00150,order_700255,49999,1787597716,captured,netbanking,customer_150@razorpay-demo.com,+919870000150,,legitimate
pay_902756,cust_00165,order_702006,14999,1787653418,captured,netbanking,customer_165@razorpay-demo.com,+919870000165,,Gateway Retry with Different IDs
pay_901069,cust_00098,order_700885,24999,1787680759,captured,wallet,customer_98@razorpay-demo.com,+919870000098,,Double-Click Issue
pay_902160,cust_00071,order_701430,199999,1787589339,captured,upi,customer_71@razorpay-demo.com,+919870000071,cust71@okaxis,Failed UPI Retry
pay_900970,cust_00043,order_700835,7499,1787635740,captured,upi,customer_43@razorpay-demo.com,+919870000043,cust43@okaxis,Double-Click Issue
pay_900169,cust_00166,order_700169,9999,1787693993,captured,netbanking,customer_166@razorpay-demo.com,+919870000166,,legitimate
pay_900812,cust_00026,order_700756,249999,1787538666,captured,upi,customer_26@razorpay-demo.com,+919870000026,cust26@okaxis,Double-Click Issue
pay_902036,cust_00169,order_701368,24999,1787683964,captured,upi,customer_169@razorpay-demo.com,+919870000169,cust169@okaxis,Failed UPI Retry
pay_902727,cust_00042,order_701977,149999,1787590856,failed,wallet,customer_42@razorpay-demo.com,+919870000042,,Gateway Retry with Different IDs
pay_902460,cust_00005,order_701710,34999,1787569297,captured,netbanking,customer_5@razorpay-demo.com,+919870000005,,Multiple Browser Tabs Checkout
pay_900292,cust_00051,order_700292,9999,1787679647,captured,upi,customer_51@razorpay-demo.com,+919870000051,cust51@okaxis,legitimate
pay_901058,cust_00015,order_700879,12499,1787645074,captured,netbanking,customer_15@razorpay-demo.com,+919870000015,,Double-Click Issue
pay_901412,cust_00070,order_701056,299999,1787650438,captured,wallet,customer_70@razorpay-demo.com,+919870000070,,Network Timeout Retry
pay_901369,cust_00061,order_701035,14999,1787681074,captured,wallet,customer_61@razorpay-demo.com,+919870000061,,Network Timeout Retry
pay_901208,cust_00149,order_700954,49999,1787580555,captured,upi,customer_149@razorpay-demo.com,+919870000149,cust149@okaxis,Network Timeout Retry
pay_900136,cust_00166,order_700136,19999,1787698949,captured,card,customer_166@razorpay-demo.com,+919870000166,,legitimate
pay_900965,cust_00030,order_700833,24999,1787681728,captured,wallet,customer_30@razorpay-demo.com,+919870000030,,Double-Click Issue
pay_902154,cust_00145,order_701427,199999,1787682611,captured,upi,customer_145@razorpay-demo.com,+919870000145,cust145@okaxis,Failed UPI Retry
pay_902024,cust_00098,order_701362,24999,1787609751,captured,upi,customer_98@razorpay-demo.com,+919870000098,cust98@okaxis,Failed UPI Retry
pay_900368,cust_00019,order_700368,34999,1787709556,captured,upi,customer_19@razorpay-demo.com,+919870000019,cust19@okaxis,legitimate
pay_902292,cust_00057,order_701542,299999,1787619759,captured,netbanking,customer_57@razorpay-demo.com,+919870000057,,Multiple Browser Tabs Checkout
pay_901351,cust_00139,order_701026,4999,1787579584,captured,wallet,customer_139@razorpay-demo.com,+919870000139,,Network Timeout Retry
pay_902462,cust_00036,order_701712,249999,1787669201,captured,wallet,customer_36@razorpay-demo.com,+919870000036,,Multiple Browser Tabs Checkout
pay_900818,cust_00105,order_700759,149999,1787646683,captured,wallet,customer_105@razorpay-demo.com,+919870000105,,Double-Click Issue
pay_901903,cust_00174,order_701302,9999,1787550897,captured,upi,customer_174@razorpay-demo.com,+919870000174,cust174@okaxis,Failed UPI Retry
pay_900941,cust_00052,order_700821,19999,1787566478,captured,wallet,customer_52@razorpay-demo.com,+919870000052,,Double-Click Issue
pay_900832,cust_00096,order_700766,34999,1787546129,captured,wallet,customer_96@razorpay-demo.com,+919870000096,,Double-Click Issue
pay_900409,cust_00132,order_700409,9999,1787716617,captured,netbanking,customer_132@razorpay-demo.com,+919870000132,,legitimate
pay_901037,cust_00108,order_700869,74999,1787562718,captured,upi,customer_108@razorpay-demo.com,+919870000108,cust108@okaxis,Double-Click Issue
pay_901469,cust_00137,order_701085,4999,1787683460,captured,upi,customer_137@razorpay-demo.com,+919870000137,cust137@okaxis,Network Timeout Retry
pay_901955,cust_00060,order_701328,12499,1787540276,captured,upi,customer_60@razorpay-demo.com,+919870000060,cust60@okaxis,Failed UPI Retry
pay_901506,cust_00096,order_701103,199999,1787558450,captured,card,customer_96@razorpay-demo.com,+919870000096,,Network Timeout Retry
pay_900211,cust_00060,order_700211,34999,1787614708,captured,netbanking,customer_60@razorpay-demo.com,+919870000060,,legitimate
pay_901030,cust_00136,order_700865,149999,1787611040,captured,card,customer_136@razorpay-demo.com,+919870000136,,Double-Click Issue
pay_902643,cust_00137,order_701893,249999,1787663642,captured,upi,customer_137@razorpay-demo.com,+919870000137,cust137@okaxis,Multiple Browser Tabs Checkout
pay_901925,cust_00144,order_701313,49999,1787533131,captured,upi,customer_144@razorpay-demo.com,+919870000144,cust144@okaxis,Failed UPI Retry
pay_900366,cust_00199,order_700366,14999,1787561788,captured,wallet,customer_199@razorpay-demo.com,+919870000199,,legitimate
pay_900415,cust_00044,order_700415,49999,1787547360,captured,wallet,customer_44@razorpay-demo.com,+919870000044,,legitimate
pay_902601,cust_00069,order_701851,249999,1787627077,captured,netbanking,customer_69@razorpay-demo.com,+919870000069,,Multiple Browser Tabs Checkout
pay_902596,cust_00134,order_701846,12499,1787595371,captured,netbanking,customer_134@razorpay-demo.com,+919870000134,,Multiple Browser Tabs Checkout
pay_900843,cust_00166,order_700772,9999,1787554108,captured,card,customer_166@razorpay-demo.com,+919870000166,,Double-Click Issue
pay_902654,cust_00121,order_701904,149999,1787675555,captured,wallet,customer_121@razorpay-demo.com,+919870000121,,Multiple Browser Tabs Checkout
pay_900841,cust_00132,order_700771,4999,1787597365,captured,card,customer_132@razorpay-demo.com,+919870000132,,Double-Click Issue
pay_902087,cust_00066,order_701394,4999,1787643560,captured,upi,customer_66@razorpay-demo.com,+919870000066,cust66@okaxis,Failed UPI Retry
pay_902796,cust_00022,order_702046,24999,1787569747,captured,netbanking,customer_22@razorpay-demo.com,+919870000022,,Gateway Retry with Different IDs
pay_900408,cust_00086,order_700408,199999,1787627617,captured,wallet,customer_86@razorpay-demo.com,+919870000086,,legitimate
pay_900109,cust_00164,order_700109,14999,1787650819,captured,wallet,customer_164@razorpay-demo.com,+919870000164,,legitimate
pay_900773,cust_00139,order_700737,24999,1787611103,captured,upi,customer_139@razorpay-demo.com,+919870000139,cust139@okaxis,Double-Click Issue
pay_902481,cust_00192,order_701731,14999,1787576302,captured,netbanking,customer_192@razorpay-demo.com,+919870000192,,Multiple Browser Tabs Checkout
pay_902130,cust_00066,order_701415,99999,1787616476,captured,upi,customer_66@razorpay-demo.com,+919870000066,cust66@okaxis,Failed UPI Retry
pay_901513,cust_00082,order_701107,49999,1787654636,captured,netbanking,customer_82@razorpay-demo.com,+919870000082,,Network Timeout Retry
pay_900333,cust_00187,order_700333,74999,1787539457,captured,wallet,customer_187@razorpay-demo.com,+919870000187,,legitimate
pay_900950,cust_00200,order_700825,49999,1787640474,captured,card,customer_200@razorpay-demo.com,+919870000200,,Double-Click Issue
pay_901645,cust_00074,order_701173,4999,1787635329,captured,netbanking,customer_74@razorpay-demo.com,+919870000074,,Network Timeout Retry
pay_902020,cust_00061,order_701360,24999,1787636865,captured,upi,customer_61@razorpay-demo.com,+919870000061,cust61@okaxis,Failed UPI Retry
pay_902720,cust_00068,order_701970,49999,1787590763,captured,netbanking,customer_68@razorpay-demo.com,+919870000068,,Gateway Retry with Different IDs
pay_900416,cust_00009,order_700416,74999,1787556650,captured,card,customer_9@razorpay-demo.com,+919870000009,,legitimate
pay_901701,cust_00106,order_701201,24999,1787567859,captured,upi,customer_106@razorpay-demo.com,+919870000106,cust106@okaxis,Failed UPI Retry
pay_901968,cust_00033,order_701334,49999,1787533271,captured,upi,customer_33@razorpay-demo.com,+919870000033,cust33@okaxis,Failed UPI Retry
pay_901812,cust_00147,order_701256,199999,1787612673,captured,upi,customer_147@razorpay-demo.com,+919870000147,cust147@okaxis,Failed UPI Retry
pay_902530,cust_00155,order_701780,99999,1787541842,captured,netbanking,customer_155@razorpay-demo.com,+919870000155,,Multiple Browser Tabs Checkout
pay_902802,cust_00192,order_702052,74999,1787666072,captured,netbanking,customer_192@razorpay-demo.com,+919870000192,,Gateway Retry with Different IDs
pay_900569,cust_00169,order_700569,24999,1787521746,captured,wallet,customer_169@razorpay-demo.com,+919870000169,,legitimate
pay_900433,cust_00184,order_700433,34999,1787662578,captured,card,customer_184@razorpay-demo.com,+919870000184,,legitimate
pay_900200,cust_00113,order_700200,7499,1787518756,captured,wallet,customer_113@razorpay-demo.com,+919870000113,,legitimate
pay_901454,cust_00106,order_701077,299999,1787583674,captured,wallet,customer_106@razorpay-demo.com,+919870000106,,Network Timeout Retry
pay_901726,cust_00113,order_701213,249999,1787622187,captured,upi,customer_113@razorpay-demo.com,+919870000113,cust113@okaxis,Failed UPI Retry
pay_901638,cust_00090,order_701169,74999,1787623156,captured,wallet,customer_90@razorpay-demo.com,+919870000090,,Network Timeout Retry
pay_900290,cust_00136,order_700290,49999,1787711120,captured,upi,customer_136@razorpay-demo.com,+919870000136,cust136@okaxis,legitimate
pay_900247,cust_00007,order_700247,9999,1787592821,captured,card,customer_7@razorpay-demo.com,+919870000007,,legitimate
pay_902311,cust_00005,order_701561,34999,1787543400,captured,netbanking,customer_5@razorpay-demo.com,+919870000005,,Multiple Browser Tabs Checkout
pay_902747,cust_00118,order_701997,249999,1787593902,failed,wallet,customer_118@razorpay-demo.com,+919870000118,,Gateway Retry with Different IDs
pay_900765,cust_00068,order_700733,7499,1787547388,captured,wallet,customer_68@razorpay-demo.com,+919870000068,,Double-Click Issue
pay_902824,cust_00006,order_702074,249999,1787616590,captured,wallet,customer_6@razorpay-demo.com,+919870000006,,Gateway Retry with Different IDs
pay_900444,cust_00004,order_700444,149999,1787686247,captured,netbanking,customer_4@razorpay-demo.com,+919870000004,,legitimate
pay_900314,cust_00040,order_700314,7499,1787697837,captured,netbanking,customer_40@razorpay-demo.com,+919870000040,,legitimate
pay_901209,cust_00094,order_700955,74999,1787604720,captured,card,customer_94@razorpay-demo.com,+919870000094,,Network Timeout Retry
pay_900760,cust_00023,order_700730,14999,1787549946,captured,wallet,customer_23@razorpay-demo.com,+919870000023,,Double-Click Issue
pay_900097,cust_00189,order_700097,9999,1787576739,captured,card,customer_189@razorpay-demo.com,+919870000189,,legitimate
pay_902336,cust_00083,order_701586,19999,1787602475,captured,netbanking,customer_83@razorpay-demo.com,+919870000083,,Multiple Browser Tabs Checkout
pay_902155,cust_00179,order_701428,9999,1787559217,captured,upi,customer_179@razorpay-demo.com,+919870000179,cust179@okaxis,Failed UPI Retry
pay_902555,cust_00094,order_701805,19999,1787647666,captured,card,customer_94@razorpay-demo.com,+919870000094,,Multiple Browser Tabs Checkout
pay_900558,cust_00111,order_700558,7499,1787536740,captured,card,customer_111@razorpay-demo.com,+919870000111,,legitimate
pay_901698,cust_00137,order_701199,149999,1787547300,captured,card,customer_137@razorpay-demo.com,+919870000137,,Network Timeout Retry
pay_902483,cust_00130,order_701733,74999,1787532566,captured,card,customer_130@razorpay-demo.com,+919870000130,,Multiple Browser Tabs Checkout
pay_902770,cust_00052,order_702020,34999,1787668480,captured,wallet,customer_52@razorpay-demo.com,+919870000052,,Gateway Retry with Different IDs
pay_902499,cust_00143,order_701749,149999,1787529653,captured,card,customer_143@razorpay-demo.com,+919870000143,,Multiple Browser Tabs Checkout
pay_902418,cust_00182,order_701668,74999,1787549890,captured,upi,customer_182@razorpay-demo.com,+919870000182,cust182@okaxis,Multiple Browser Tabs Checkout
pay_901265,cust_00073,order_700983,74999,1787559990,captured,wallet,customer_73@razorpay-demo.com,+919870000073,,Network Timeout Retry
pay_900105,cust_00032,order_700105,34999,1787688547,captured,upi,customer_32@razorpay-demo.com,+919870000032,cust32@okaxis,legitimate
pay_902065,cust_00149,order_701383,14999,1787621374,captured,upi,customer_149@razorpay-demo.com,+919870000149,cust149@okaxis,Failed UPI Retry
pay_900999,cust_00081,order_700850,7499,1787644218,captured,wallet,customer_81@razorpay-demo.com,+919870000081,,Double-Click Issue
pay_901819,cust_00141,order_701260,7499,1787566042,captured,upi,customer_141@razorpay-demo.com,+919870000141,cust141@okaxis,Failed UPI Retry
pay_901072,cust_00081,order_700886,49999,1787517683,captured,card,customer_81@razorpay-demo.com,+919870000081,,Double-Click Issue
pay_900603,cust_00095,order_700603,34999,1787586135,captured,wallet,customer_95@razorpay-demo.com,+919870000095,,legitimate
pay_900529,cust_00097,order_700529,24999,1787662255,captured,upi,customer_97@razorpay-demo.com,+919870000097,cust97@okaxis,legitimate
pay_902417,cust_00182,order_701667,74999,1787549873,captured,upi,customer_182@razorpay-demo.com,+919870000182,cust182@okaxis,Multiple Browser Tabs Checkout
pay_902757,cust_00019,order_702007,49999,1787531434,failed,wallet,customer_19@razorpay-demo.com,+919870000019,,Gateway Retry with Different IDs
pay_902664,cust_00161,order_701914,14999,1787614949,captured,netbanking,customer_161@razorpay-demo.com,+919870000161,,Multiple Browser Tabs Checkout
pay_902113,cust_00060,order_701407,24999,1787633551,captured,upi,customer_60@razorpay-demo.com,+919870000060,cust60@okaxis,Failed UPI Retry
pay_900227,cust_00030,order_700227,34999,1787545844,failed,card,customer_30@razorpay-demo.com,+919870000030,,legitimate
pay_900232,cust_00144,order_700232,19999,1787655334,captured,upi,customer_144@razorpay-demo.com,+919870000144,cust144@okaxis,legitimate
pay_902615,cust_00081,order_701865,74999,1787665288,captured,netbanking,customer_81@razorpay-demo.com,+919870000081,,Multiple Browser Tabs Checkout
pay_900252,cust_00016,order_700252,34999,1787607516,captured,wallet,customer_16@razorpay-demo.com,+919870000016,,legitimate
pay_900112,cust_00040,order_700112,149999,1787529314,captured,upi,customer_40@razorpay-demo.com,+919870000040,cust40@okaxis,legitimate
pay_900052,cust_00001,order_700052,24999,1787715569,captured,netbanking,customer_1@razorpay-demo.com,+919870000001,,legitimate
pay_901624,cust_00022,order_701162,24999,1787649177,captured,wallet,customer_22@razorpay-demo.com,+919870000022,,Network Timeout Retry
pay_900656,cust_00199,order_700656,249999,1787586138,captured,netbanking,customer_199@razorpay-demo.com,+919870000199,,legitimate
pay_902508,cust_00122,order_701758,99999,1787546443,captured,netbanking,customer_122@razorpay-demo.com,+919870000122,,Multiple Browser Tabs Checkout
pay_900573,cust_00068,order_700573,99999,1787629427,captured,wallet,customer_68@razorpay-demo.com,+919870000068,,legitimate
pay_902883,cust_00088,order_702133,14999,1787530169,failed,upi,customer_88@razorpay-demo.com,+919870000088,cust88@okaxis,Gateway Retry with Different IDs
pay_902277,cust_00084,order_701527,12499,1787556415,captured,card,customer_84@razorpay-demo.com,+919870000084,,Multiple Browser Tabs Checkout
pay_902734,cust_00038,order_701984,7499,1787531639,captured,netbanking,customer_38@razorpay-demo.com,+919870000038,,Gateway Retry with Different IDs
pay_902393,cust_00051,order_701643,4999,1787608479,captured,card,customer_51@razorpay-demo.com,+919870000051,,Multiple Browser Tabs Checkout
pay_901314,cust_00144,order_701007,299999,1787575526,captured,netbanking,customer_144@razorpay-demo.com,+919870000144,,Network Timeout Retry
pay_901178,cust_00138,order_700939,12499,1787642200,captured,netbanking,customer_138@razorpay-demo.com,+919870000138,,Double-Click Issue
pay_902653,cust_00121,order_701903,149999,1787675540,captured,wallet,customer_121@razorpay-demo.com,+919870000121,,Multiple Browser Tabs Checkout
pay_900860,cust_00196,order_700780,12499,1787654622,captured,card,customer_196@razorpay-demo.com,+919870000196,,Double-Click Issue
pay_902542,cust_00143,order_701792,99999,1787668327,captured,netbanking,customer_143@razorpay-demo.com,+919870000143,,Multiple Browser Tabs Checkout
pay_900465,cust_00121,order_700465,4999,1787603756,captured,netbanking,customer_121@razorpay-demo.com,+919870000121,,legitimate
pay_900582,cust_00092,order_700582,4999,1787544932,captured,wallet,customer_92@razorpay-demo.com,+919870000092,,legitimate
pay_900756,cust_00061,order_700728,7499,1787583337,captured,card,customer_61@razorpay-demo.com,+919870000061,,Double-Click Issue
pay_900568,cust_00119,order_700568,12499,1787651469,captured,wallet,customer_119@razorpay-demo.com,+919870000119,,legitimate
pay_900908,cust_00058,order_700804,149999,1787569371,captured,netbanking,customer_58@razorpay-demo.com,+919870000058,,Double-Click Issue
pay_902313,cust_00147,order_701563,149999,1787684166,captured,card,customer_147@razorpay-demo.com,+919870000147,,Multiple Browser Tabs Checkout
pay_902754,cust_00188,order_702004,299999,1787551978,captured,upi,customer_188@razorpay-demo.com,+919870000188,cust188@okaxis,Gateway Retry with Different IDs
pay_901935,cust_00121,order_701318,299999,1787632167,captured,upi,customer_121@razorpay-demo.com,+919870000121,cust121@okaxis,Failed UPI Retry
pay_902274,cust_00019,order_701524,299999,1787640114,captured,upi,customer_19@razorpay-demo.com,+919870000019,cust19@okaxis,Multiple Browser Tabs Checkout
pay_901236,cust_00115,order_700968,74999,1787665331,captured,wallet,customer_115@razorpay-demo.com,+919870000115,,Network Timeout Retry
pay_901279,cust_00143,order_700990,34999,1787579414,captured,upi,customer_143@razorpay-demo.com,+919870000143,cust143@okaxis,Network Timeout Retry
pay_900213,cust_00114,order_700213,19999,1787653452,captured,netbanking,customer_114@razorpay-demo.com,+919870000114,,legitimate
pay_902046,cust_00091,order_701373,12499,1787547653,captured,upi,customer_91@razorpay-demo.com,+919870000091,cust91@okaxis,Failed UPI Retry
pay_900870,cust_00057,order_700785,99999,1787672092,captured,wallet,customer_57@razorpay-demo.com,+919870000057,,Double-Click Issue
pay_900423,cust_00064,order_700423,14999,1787564012,failed,netbanking,customer_64@razorpay-demo.com,+919870000064,,legitimate
pay_902474,cust_00169,order_701724,49999,1787596511,captured,card,customer_169@razorpay-demo.com,+919870000169,,Multiple Browser Tabs Checkout
pay_902550,cust_00130,order_701800,4999,1787560972,captured,wallet,customer_130@razorpay-demo.com,+919870000130,,Multiple Browser Tabs Checkout
pay_901733,cust_00101,order_701217,74999,1787677724,captured,upi,customer_101@razorpay-demo.com,+919870000101,cust101@okaxis,Failed UPI Retry
pay_901180,cust_00020,order_700940,149999,1787669600,captured,card,customer_20@razorpay-demo.com,+919870000020,,Double-Click Issue
pay_901477,cust_00179,order_701089,199999,1787572508,captured,card,customer_179@razorpay-demo.com,+919870000179,,Network Timeout Retry
pay_900510,cust_00071,order_700510,49999,1787519144,captured,netbanking,customer_71@razorpay-demo.com,+919870000071,,legitimate
pay_902068,cust_00137,order_701384,199999,1787517392,captured,upi,customer_137@razorpay-demo.com,+919870000137,cust137@okaxis,Failed UPI Retry
pay_900565,cust_00182,order_700565,7499,1787698864,captured,card,customer_182@razorpay-demo.com,+919870000182,,legitimate
pay_902554,cust_00083,order_701804,4999,1787617482,captured,card,customer_83@razorpay-demo.com,+919870000083,,Multiple Browser Tabs Checkout
pay_900519,cust_00025,order_700519,299999,1787565070,failed,card,customer_25@razorpay-demo.com,+919870000025,,legitimate
pay_901746,cust_00013,order_701223,12499,1787565837,captured,upi,customer_13@razorpay-demo.com,+919870000013,cust13@okaxis,Failed UPI Retry
pay_901478,cust_00179,order_701089,199999,1787572549,captured,card,customer_179@razorpay-demo.com,+919870000179,,Network Timeout Retry
pay_902597,cust_00039,order_701847,149999,1787661305,captured,netbanking,customer_39@razorpay-demo.com,+919870000039,,Multiple Browser Tabs Checkout
pay_902105,cust_00188,order_701403,249999,1787575070,captured,upi,customer_188@razorpay-demo.com,+919870000188,cust188@okaxis,Failed UPI Retry
pay_901768,cust_00024,order_701234,7499,1787637588,captured,upi,customer_24@razorpay-demo.com,+919870000024,cust24@okaxis,Failed UPI Retry
pay_900875,cust_00190,order_700788,14999,1787679069,captured,upi,customer_190@razorpay-demo.com,+919870000190,cust190@okaxis,Double-Click Issue
pay_902297,cust_00004,order_701547,149999,1787642653,captured,wallet,customer_4@razorpay-demo.com,+919870000004,,Multiple Browser Tabs Checkout
pay_900845,cust_00079,order_700773,149999,1787588675,captured,netbanking,customer_79@razorpay-demo.com,+919870000079,,Double-Click Issue
pay_902813,cust_00179,order_702063,12499,1787551596,failed,card,customer_179@razorpay-demo.com,+919870000179,,Gateway Retry with Different IDs
pay_900359,cust_00174,order_700359,9999,1787546281,captured,card,customer_174@razorpay-demo.com,+919870000174,,legitimate
pay_902731,cust_00125,order_701981,34999,1787534879,failed,wallet,customer_125@razorpay-demo.com,+919870000125,,Gateway Retry with Different IDs
pay_900260,cust_00040,order_700260,99999,1787529942,captured,wallet,customer_40@razorpay-demo.com,+919870000040,,legitimate
pay_900651,cust_00099,order_700651,299999,1787554096,failed,upi,customer_99@razorpay-demo.com,+919870000099,cust99@okaxis,legitimate
pay_902515,cust_00087,order_701765,12499,1787536654,captured,wallet,customer_87@razorpay-demo.com,+919870000087,,Multiple Browser Tabs Checkout
pay_902640,cust_00177,order_701890,299999,1787559173,captured,upi,customer_177@razorpay-demo.com,+919870000177,cust177@okaxis,Multiple Browser Tabs Checkout
pay_901928,cust_00090,order_701314,49999,1787570523,captured,upi,customer_90@razorpay-demo.com,+919870000090,cust90@okaxis,Failed UPI Retry
pay_902404,cust_00090,order_701654,14999,1787666527,captured,wallet,customer_90@razorpay-demo.com,+919870000090,,Multiple Browser Tabs Checkout
pay_900810,cust_00080,order_700755,14999,1787663747,captured,wallet,customer_80@razorpay-demo.com,+919870000080,,Double-Click Issue
pay_901371,cust_00094,order_701036,9999,1787588698,captured,wallet,customer_94@razorpay-demo.com,+919870000094,,Network Timeout Retry
pay_901135,cust_00196,order_700918,299999,1787581349,captured,wallet,customer_196@razorpay-demo.com,+919870000196,,Double-Click Issue
pay_902750,cust_00153,order_702000,99999,1787572378,captured,card,customer_153@razorpay-demo.com,+919870000153,,Gateway Retry with Different IDs
pay_902244,cust_00035,order_701494,7499,1787649826,captured,wallet,customer_35@razorpay-demo.com,+919870000035,,Multiple Browser Tabs Checkout
pay_900457,cust_00093,order_700457,7499,1787528781,captured,card,customer_93@razorpay-demo.com,+919870000093,,legitimate
pay_900463,cust_00191,order_700463,12499,1787525223,captured,card,customer_191@razorpay-demo.com,+919870000191,,legitimate
pay_902408,cust_00114,order_701658,14999,1787654679,captured,upi,customer_114@razorpay-demo.com,+919870000114,cust114@okaxis,Multiple Browser Tabs Checkout
pay_902432,cust_00154,order_701682,149999,1787615867,captured,netbanking,customer_154@razorpay-demo.com,+919870000154,,Multiple Browser Tabs Checkout
pay_900382,cust_00163,order_700382,49999,1787542478,captured,netbanking,customer_163@razorpay-demo.com,+919870000163,,legitimate
pay_900790,cust_00102,order_700745,49999,1787663469,captured,netbanking,customer_102@razorpay-demo.com,+919870000102,,Double-Click Issue
pay_901211,cust_00058,order_700956,49999,1787576422,captured,wallet,customer_58@razorpay-demo.com,+919870000058,,Network Timeout Retry
pay_902103,cust_00186,order_701402,99999,1787544347,captured,upi,customer_186@razorpay-demo.com,+919870000186,cust186@okaxis,Failed UPI Retry
pay_902749,cust_00153,order_701999,99999,1787572366,failed,card,customer_153@razorpay-demo.com,+919870000153,,Gateway Retry with Different IDs
pay_901299,cust_00015,order_701000,199999,1787626083,captured,upi,customer_15@razorpay-demo.com,+919870000015,cust15@okaxis,Network Timeout Retry
pay_901949,cust_00146,order_701325,9999,1787531497,captured,upi,customer_146@razorpay-demo.com,+919870000146,cust146@okaxis,Failed UPI Retry
pay_900820,cust_00015,order_700760,49999,1787526782,captured,upi,customer_15@razorpay-demo.com,+919870000015,cust15@okaxis,Double-Click Issue
pay_901129,cust_00137,order_700915,4999,1787646071,captured,card,customer_137@razorpay-demo.com,+919870000137,,Double-Click Issue
pay_900835,cust_00192,order_700768,249999,1787564701,captured,card,customer_192@razorpay-demo.com,+919870000192,,Double-Click Issue
pay_902758,cust_00019,order_702008,49999,1787531460,captured,wallet,customer_19@razorpay-demo.com,+919870000019,,Gateway Retry with Different IDs
pay_902583,cust_00110,order_701833,12499,1787652929,captured,netbanking,customer_110@razorpay-demo.com,+919870000110,,Multiple Browser Tabs Checkout
pay_901724,cust_00052,order_701212,199999,1787550841,captured,upi,customer_52@razorpay-demo.com,+919870000052,cust52@okaxis,Failed UPI Retry
pay_900543,cust_00102,order_700543,19999,1787689121,captured,wallet,customer_102@razorpay-demo.com,+919870000102,,legitimate
pay_902427,cust_00107,order_701677,9999,1787672135,captured,wallet,customer_107@razorpay-demo.com,+919870000107,,Multiple Browser Tabs Checkout
pay_901629,cust_00135,order_701165,12499,1787527821,captured,upi,customer_135@razorpay-demo.com,+919870000135,cust135@okaxis,Network Timeout Retry
pay_900606,cust_00102,order_700606,12499,1787693608,captured,wallet,customer_102@razorpay-demo.com,+919870000102,,legitimate
pay_902339,cust_00125,order_701589,49999,1787596685,captured,card,customer_125@razorpay-demo.com,+919870000125,,Multiple Browser Tabs Checkout
pay_901240,cust_00150,order_700970,249999,1787623163,captured,upi,customer_150@razorpay-demo.com,+919870000150,cust150@okaxis,Network Timeout Retry
pay_902047,cust_00002,order_701374,74999,1787601522,captured,upi,customer_2@razorpay-demo.com,+919870000002,cust2@okaxis,Failed UPI Retry
pay_902799,cust_00088,order_702049,299999,1787551913,failed,upi,customer_88@razorpay-demo.com,+919870000088,cust88@okaxis,Gateway Retry with Different IDs
pay_901227,cust_00042,order_700964,9999,1787669371,captured,card,customer_42@razorpay-demo.com,+919870000042,,Network Timeout Retry
pay_902798,cust_00117,order_702048,199999,1787623261,captured,wallet,customer_117@razorpay-demo.com,+919870000117,,Gateway Retry with Different IDs
pay_902405,cust_00056,order_701655,149999,1787643577,captured,wallet,customer_56@razorpay-demo.com,+919870000056,,Multiple Browser Tabs Checkout
pay_901190,cust_00131,order_700945,7499,1787578318,captured,wallet,customer_131@razorpay-demo.com,+919870000131,,Double-Click Issue
pay_900436,cust_00074,order_700436,99999,1787711555,captured,card,customer_74@razorpay-demo.com,+919870000074,,legitimate
pay_900677,cust_00008,order_700677,24999,1787635527,captured,wallet,customer_8@razorpay-demo.com,+919870000008,,legitimate
pay_900238,cust_00072,order_700238,4999,1787562371,captured,netbanking,customer_72@razorpay-demo.com,+919870000072,,legitimate
pay_901593,cust_00092,order_701147,9999,1787561231,captured,upi,customer_92@razorpay-demo.com,+919870000092,cust92@okaxis,Network Timeout Retry
pay_900110,cust_00020,order_700110,149999,1787566091,captured,netbanking,customer_20@razorpay-demo.com,+919870000020,,legitimate
pay_902079,cust_00044,order_701390,74999,1787524361,captured,upi,customer_44@razorpay-demo.com,+919870000044,cust44@okaxis,Failed UPI Retry
pay_900164,cust_00055,order_700164,14999,1787549365,captured,card,customer_55@razorpay-demo.com,+919870000055,,legitimate
pay_901939,cust_00046,order_701320,149999,1787618451,captured,upi,customer_46@razorpay-demo.com,+919870000046,cust46@okaxis,Failed UPI Retry
pay_900253,cust_00183,order_700253,299999,1787531315,captured,wallet,customer_183@razorpay-demo.com,+919870000183,,legitimate
pay_902233,cust_00017,order_701483,199999,1787589090,captured,upi,customer_17@razorpay-demo.com,+919870000017,cust17@okaxis,Multiple Browser Tabs Checkout
pay_902657,cust_00130,order_701907,7499,1787588167,captured,netbanking,customer_130@razorpay-demo.com,+919870000130,,Multiple Browser Tabs Checkout
pay_902648,cust_00078,order_701898,7499,1787566846,captured,upi,customer_78@razorpay-demo.com,+919870000078,cust78@okaxis,Multiple Browser Tabs Checkout
pay_902421,cust_00150,order_701671,14999,1787612085,captured,wallet,customer_150@razorpay-demo.com,+919870000150,,Multiple Browser Tabs Checkout
pay_901400,cust_00091,order_701050,19999,1787649346,captured,wallet,customer_91@razorpay-demo.com,+919870000091,,Network Timeout Retry
pay_902216,cust_00128,order_701466,49999,1787682470,captured,wallet,customer_128@razorpay-demo.com,+919870000128,,Multiple Browser Tabs Checkout
pay_902252,cust_00134,order_701502,34999,1787556794,captured,wallet,customer_134@razorpay-demo.com,+919870000134,,Multiple Browser Tabs Checkout
pay_901610,cust_00192,order_701155,99999,1787625012,captured,card,customer_192@razorpay-demo.com,+919870000192,,Network Timeout Retry
pay_900692,cust_00072,order_700692,4999,1787629798,captured,wallet,customer_72@razorpay-demo.com,+919870000072,,legitimate
pay_902827,cust_00027,order_702077,99999,1787684696,failed,wallet,customer_27@razorpay-demo.com,+919870000027,,Gateway Retry with Different IDs
pay_901124,cust_00065,order_700912,49999,1787614795,captured,card,customer_65@razorpay-demo.com,+919870000065,,Double-Click Issue
pay_900678,cust_00025,order_700678,34999,1787689083,captured,card,customer_25@razorpay-demo.com,+919870000025,,legitimate
pay_902319,cust_00099,order_701569,299999,1787607184,captured,netbanking,customer_99@razorpay-demo.com,+919870000099,,Multiple Browser Tabs Checkout
pay_900462,cust_00079,order_700462,149999,1787600966,captured,card,customer_79@razorpay-demo.com,+919870000079,,legitimate
pay_901643,cust_00063,order_701172,74999,1787665561,captured,upi,customer_63@razorpay-demo.com,+919870000063,cust63@okaxis,Network Timeout Retry
pay_900158,cust_00123,order_700158,7499,1787601994,captured,card,customer_123@razorpay-demo.com,+919870000123,,legitimate
pay_901767,cust_00024,order_701234,7499,1787637477,captured,upi,customer_24@razorpay-demo.com,+919870000024,cust24@okaxis,Failed UPI Retry
pay_902360,cust_00118,order_701610,14999,1787670678,captured,upi,customer_118@razorpay-demo.com,+919870000118,cust118@okaxis,Multiple Browser Tabs Checkout
pay_902741,cust_00064,order_701991,199999,1787632411,failed,wallet,customer_64@razorpay-demo.com,+919870000064,,Gateway Retry with Different IDs
pay_902900,cust_00162,order_702150,149999,1787587950,captured,netbanking,customer_162@razorpay-demo.com,+919870000162,,Gateway Retry with Different IDs
pay_900239,cust_00061,order_700239,249999,1787536901,captured,netbanking,customer_61@razorpay-demo.com,+919870000061,,legitimate
pay_900652,cust_00010,order_700652,49999,1787563936,captured,wallet,customer_10@razorpay-demo.com,+919870000010,,legitimate
pay_901111,cust_00167,order_700906,12499,1787604242,captured,netbanking,customer_167@razorpay-demo.com,+919870000167,,Double-Click Issue
pay_902704,cust_00156,order_701954,99999,1787516409,captured,card,customer_156@razorpay-demo.com,+919870000156,,Gateway Retry with Different IDs
pay_900101,cust_00117,order_700101,24999,1787670604,captured,upi,customer_117@razorpay-demo.com,+919870000117,cust117@okaxis,legitimate
pay_900316,cust_00159,order_700316,9999,1787548759,captured,wallet,customer_159@razorpay-demo.com,+919870000159,,legitimate
pay_902227,cust_00004,order_701477,9999,1787671767,captured,card,customer_4@razorpay-demo.com,+919870000004,,Multiple Browser Tabs Checkout
pay_902577,cust_00074,order_701827,14999,1787566818,captured,card,customer_74@razorpay-demo.com,+919870000074,,Multiple Browser Tabs Checkout
pay_901682,cust_00072,order_701191,12499,1787574529,captured,upi,customer_72@razorpay-demo.com,+919870000072,cust72@okaxis,Network Timeout Retry
pay_901897,cust_00129,order_701299,9999,1787548309,captured,upi,customer_129@razorpay-demo.com,+919870000129,cust129@okaxis,Failed UPI Retry
pay_900262,cust_00034,order_700262,49999,1787642117,captured,card,customer_34@razorpay-demo.com,+919870000034,,legitimate
pay_902247,cust_00181,order_701497,99999,1787587364,captured,netbanking,customer_181@razorpay-demo.com,+919870000181,,Multiple Browser Tabs Checkout
pay_901519,cust_00181,order_701110,34999,1787609225,captured,netbanking,customer_181@razorpay-demo.com,+919870000181,,Network Timeout Retry
pay_901937,cust_00099,order_701319,4999,1787530322,captured,upi,customer_99@razorpay-demo.com,+919870000099,cust99@okaxis,Failed UPI Retry
pay_902115,cust_00122,order_701408,14999,1787540523,captured,upi,customer_122@razorpay-demo.com,+919870000122,cust122@okaxis,Failed UPI Retry
pay_900180,cust_00195,order_700180,49999,1787613683,captured,card,customer_195@razorpay-demo.com,+919870000195,,legitimate
pay_902814,cust_00179,order_702064,12499,1787551647,captured,card,customer_179@razorpay-demo.com,+919870000179,,Gateway Retry with Different IDs
pay_900945,cust_00085,order_700823,12499,1787517644,captured,card,customer_85@razorpay-demo.com,+919870000085,,Double-Click Issue
pay_901107,cust_00186,order_700904,14999,1787672920,captured,card,customer_186@razorpay-demo.com,+919870000186,,Double-Click Issue
pay_901979,cust_00146,order_701340,199999,1787574573,captured,upi,customer_146@razorpay-demo.com,+919870000146,cust146@okaxis,Failed UPI Retry
pay_900928,cust_00006,order_700814,4999,1787587462,captured,card,customer_6@razorpay-demo.com,+919870000006,,Double-Click Issue
pay_900481,cust_00152,order_700481,299999,1787650655,captured,upi,customer_152@razorpay-demo.com,+919870000152,cust152@okaxis,legitimate
pay_902663,cust_00161,order_701913,14999,1787614941,captured,netbanking,customer_161@razorpay-demo.com,+919870000161,,Multiple Browser Tabs Checkout
pay_902660,cust_00117,order_701910,149999,1787647120,captured,card,customer_117@razorpay-demo.com,+919870000117,,Multiple Browser Tabs Checkout
pay_902845,cust_00186,order_702095,149999,1787681295,failed,wallet,customer_186@razorpay-demo.com,+919870000186,,Gateway Retry with Different IDs
pay_901953,cust_00165,order_701327,149999,1787647891,captured,upi,customer_165@razorpay-demo.com,+919870000165,cust165@okaxis,Failed UPI Retry
pay_901784,cust_00074,order_701242,99999,1787546711,captured,upi,customer_74@razorpay-demo.com,+919870000074,cust74@okaxis,Failed UPI Retry
pay_902333,cust_00189,order_701583,199999,1787645589,captured,upi,customer_189@razorpay-demo.com,+919870000189,cust189@okaxis,Multiple Browser Tabs Checkout
pay_902033,cust_00005,order_701367,9999,1787640088,captured,upi,customer_5@razorpay-demo.com,+919870000005,cust5@okaxis,Failed UPI Retry
pay_901695,cust_00198,order_701198,9999,1787570304,captured,upi,customer_198@razorpay-demo.com,+919870000198,cust198@okaxis,Network Timeout Retry
pay_901875,cust_00148,order_701288,99999,1787572762,captured,upi,customer_148@razorpay-demo.com,+919870000148,cust148@okaxis,Failed UPI Retry
pay_901765,cust_00183,order_701233,199999,1787543779,captured,upi,customer_183@razorpay-demo.com,+919870000183,cust183@okaxis,Failed UPI Retry
pay_900913,cust_00135,order_700807,19999,1787668883,captured,wallet,customer_135@razorpay-demo.com,+919870000135,,Double-Click Issue
pay_902852,cust_00171,order_702102,34999,1787545406,captured,upi,customer_171@razorpay-demo.com,+919870000171,cust171@okaxis,Gateway Retry with Different IDs
pay_900830,cust_00130,order_700765,24999,1787633149,captured,card,customer_130@razorpay-demo.com,+919870000130,,Double-Click Issue
pay_900248,cust_00151,order_700248,19999,1787553078,captured,card,customer_151@razorpay-demo.com,+919870000151,,legitimate
pay_902887,cust_00063,order_702137,9999,1787651472,failed,wallet,customer_63@razorpay-demo.com,+919870000063,,Gateway Retry with Different IDs
pay_901730,cust_00110,order_701215,24999,1787649678,captured,upi,customer_110@razorpay-demo.com,+919870000110,cust110@okaxis,Failed UPI Retry
pay_901965,cust_00073,order_701333,199999,1787575682,captured,upi,customer_73@razorpay-demo.com,+919870000073,cust73@okaxis,Failed UPI Retry
pay_901908,cust_00030,order_701304,4999,1787569213,captured,upi,customer_30@razorpay-demo.com,+919870000030,cust30@okaxis,Failed UPI Retry
pay_900348,cust_00102,order_700348,249999,1787570157,captured,wallet,customer_102@razorpay-demo.com,+919870000102,,legitimate
pay_902098,cust_00088,order_701399,7499,1787682704,captured,upi,customer_88@razorpay-demo.com,+919870000088,cust88@okaxis,Failed UPI Retry
pay_901847,cust_00107,order_701274,24999,1787523302,captured,upi,customer_107@razorpay-demo.com,+919870000107,cust107@okaxis,Failed UPI Retry
pay_902658,cust_00130,order_701908,7499,1787588182,captured,netbanking,customer_130@razorpay-demo.com,+919870000130,,Multiple Browser Tabs Checkout
pay_902531,cust_00195,order_701781,7499,1787652425,captured,wallet,customer_195@razorpay-demo.com,+919870000195,,Multiple Browser Tabs Checkout
pay_902665,cust_00041,order_701915,12499,1787661796,captured,upi,customer_41@razorpay-demo.com,+919870000041,cust41@okaxis,Multiple Browser Tabs Checkout
pay_902536,cust_00139,order_701786,19999,1787680053,captured,card,customer_139@razorpay-demo.com,+919870000139,,Multiple Browser Tabs Checkout
pay_902702,cust_00014,order_701952,19999,1787596850,captured,upi,customer_14@razorpay-demo.com,+919870000014,cust14@okaxis,Gateway Retry with Different IDs
pay_901578,cust_00111,order_701139,249999,1787620608,captured,netbanking,customer_111@razorpay-demo.com,+919870000111,,Network Timeout Retry
pay_902230,cust_00117,order_701480,74999,1787659797,captured,upi,customer_117@razorpay-demo.com,+919870000117,cust117@okaxis,Multiple Browser Tabs Checkout
pay_900446,cust_00104,order_700446,249999,1787626741,captured,wallet,customer_104@razorpay-demo.com,+919870000104,,legitimate
pay_900618,cust_00031,order_700618,249999,1787665352,captured,wallet,customer_31@razorpay-demo.com,+919870000031,,legitimate
pay_902034,cust_00005,order_701367,9999,1787640180,captured,upi,customer_5@razorpay-demo.com,+919870000005,cust5@okaxis,Failed UPI Retry
pay_902478,cust_00032,order_701728,299999,1787616990,captured,upi,customer_32@razorpay-demo.com,+919870000032,cust32@okaxis,Multiple Browser Tabs Checkout
pay_902469,cust_00177,order_701719,199999,1787528874,captured,card,customer_177@razorpay-demo.com,+919870000177,,Multiple Browser Tabs Checkout
pay_902463,cust_00045,order_701713,149999,1787520411,captured,netbanking,customer_45@razorpay-demo.com,+919870000045,,Multiple Browser Tabs Checkout
pay_901447,cust_00137,order_701074,4999,1787679075,captured,wallet,customer_137@razorpay-demo.com,+919870000137,,Network Timeout Retry
pay_902464,cust_00045,order_701714,149999,1787520419,captured,netbanking,customer_45@razorpay-demo.com,+919870000045,,Multiple Browser Tabs Checkout
pay_900548,cust_00030,order_700548,299999,1787643362,captured,upi,customer_30@razorpay-demo.com,+919870000030,cust30@okaxis,legitimate
pay_901850,cust_00144,order_701275,199999,1787625632,captured,upi,customer_144@razorpay-demo.com,+919870000144,cust144@okaxis,Failed UPI Retry
pay_900728,cust_00043,order_700714,99999,1787657427,captured,card,customer_43@razorpay-demo.com,+919870000043,,Double-Click Issue
pay_900264,cust_00193,order_700264,24999,1787724615,captured,card,customer_193@razorpay-demo.com,+919870000193,,legitimate
pay_901353,cust_00127,order_701027,299999,1787600252,captured,netbanking,customer_127@razorpay-demo.com,+919870000127,,Network Timeout Retry
pay_901676,cust_00161,order_701188,14999,1787687580,captured,upi,customer_161@razorpay-demo.com,+919870000161,cust161@okaxis,Network Timeout Retry
pay_900354,cust_00155,order_700354,249999,1787633263,captured,upi,customer_155@razorpay-demo.com,+919870000155,cust155@okaxis,legitimate
pay_900209,cust_00175,order_700209,199999,1787552157,captured,upi,customer_175@razorpay-demo.com,+919870000175,cust175@okaxis,legitimate
pay_901339,cust_00046,order_701020,34999,1787576532,captured,netbanking,customer_46@razorpay-demo.com,+919870000046,,Network Timeout Retry
pay_901996,cust_00024,order_701348,12499,1787656728,captured,upi,customer_24@razorpay-demo.com,+919870000024,cust24@okaxis,Failed UPI Retry
pay_901042,cust_00180,order_700871,299999,1787661127,captured,netbanking,customer_180@razorpay-demo.com,+919870000180,,Double-Click Issue
pay_902600,cust_00082,order_701850,249999,1787625002,captured,card,customer_82@razorpay-demo.com,+919870000082,,Multiple Browser Tabs Checkout
pay_901399,cust_00091,order_701050,19999,1787649317,captured,wallet,customer_91@razorpay-demo.com,+919870000091,,Network Timeout Retry
pay_900058,cust_00021,order_700058,24999,1787717337,captured,netbanking,customer_21@razorpay-demo.com,+919870000021,,legitimate
pay_901512,cust_00180,order_701106,49999,1787537206,captured,card,customer_180@razorpay-demo.com,+919870000180,,Network Timeout Retry
pay_902114,cust_00060,order_701407,24999,1787633630,captured,upi,customer_60@razorpay-demo.com,+919870000060,cust60@okaxis,Failed UPI Retry
pay_900562,cust_00187,order_700562,9999,1787582809,captured,netbanking,customer_187@razorpay-demo.com,+919870000187,,legitimate
pay_900230,cust_00117,order_700230,19999,1787641706,captured,netbanking,customer_117@razorpay-demo.com,+919870000117,,legitimate
pay_902703,cust_00156,order_701953,99999,1787516367,failed,card,customer_156@razorpay-demo.com,+919870000156,,Gateway Retry with Different IDs
pay_902637,cust_00079,order_701887,4999,1787660847,captured,card,customer_79@razorpay-demo.com,+919870000079,,Multiple Browser Tabs Checkout
pay_901081,cust_00048,order_700891,9999,1787580621,captured,card,customer_48@razorpay-demo.com,+919870000048,,Double-Click Issue
pay_900959,cust_00003,order_700830,249999,1787630069,captured,upi,customer_3@razorpay-demo.com,+919870000003,cust3@okaxis,Double-Click Issue
pay_901732,cust_00189,order_701216,249999,1787581240,captured,upi,customer_189@razorpay-demo.com,+919870000189,cust189@okaxis,Failed UPI Retry
pay_901015,cust_00075,order_700858,49999,1787636763,captured,netbanking,customer_75@razorpay-demo.com,+919870000075,,Double-Click Issue
pay_902309,cust_00056,order_701559,9999,1787566553,captured,netbanking,customer_56@razorpay-demo.com,+919870000056,,Multiple Browser Tabs Checkout
pay_900425,cust_00126,order_700425,19999,1787590782,failed,wallet,customer_126@razorpay-demo.com,+919870000126,,legitimate
pay_900070,cust_00024,order_700070,99999,1787694580,captured,wallet,customer_24@razorpay-demo.com,+919870000024,,legitimate
pay_900694,cust_00137,order_700694,249999,1787680476,failed,card,customer_137@razorpay-demo.com,+919870000137,,legitimate
pay_901741,cust_00138,order_701221,24999,1787685447,captured,upi,customer_138@razorpay-demo.com,+919870000138,cust138@okaxis,Failed UPI Retry
pay_901557,cust_00019,order_701129,249999,1787528908,captured,netbanking,customer_19@razorpay-demo.com,+919870000019,,Network Timeout Retry
pay_901476,cust_00108,order_701088,14999,1787687918,captured,wallet,customer_108@razorpay-demo.com,+919870000108,,Network Timeout Retry
pay_901191,cust_00170,order_700946,12499,1787646286,captured,upi,customer_170@razorpay-demo.com,+919870000170,cust170@okaxis,Double-Click Issue
pay_900943,cust_00141,order_700822,34999,1787634363,captured,upi,customer_141@razorpay-demo.com,+919870000141,cust141@okaxis,Double-Click Issue
pay_900621,cust_00193,order_700621,249999,1787654021,captured,upi,customer_193@razorpay-demo.com,+919870000193,cust193@okaxis,legitimate
pay_900708,cust_00094,order_700704,7499,1787637188,captured,netbanking,customer_94@razorpay-demo.com,+919870000094,,Double-Click Issue
pay_901101,cust_00003,order_700901,7499,1787592452,captured,netbanking,customer_3@razorpay-demo.com,+919870000003,,Double-Click Issue
pay_900868,cust_00182,order_700784,74999,1787574743,captured,upi,customer_182@razorpay-demo.com,+919870000182,cust182@okaxis,Double-Click Issue
pay_900858,cust_00067,order_700779,99999,1787547992,captured,netbanking,customer_67@razorpay-demo.com,+919870000067,,Double-Click Issue
pay_900931,cust_00053,order_700816,149999,1787567474,captured,card,customer_53@razorpay-demo.com,+919870000053,,Double-Click Issue
pay_900749,cust_00043,order_700725,74999,1787542588,captured,wallet,customer_43@razorpay-demo.com,+919870000043,,Double-Click Issue
pay_901424,cust_00196,order_701062,7499,1787560812,captured,card,customer_196@razorpay-demo.com,+919870000196,,Network Timeout Retry
pay_901890,cust_00096,order_701295,34999,1787658839,captured,upi,customer_96@razorpay-demo.com,+919870000096,cust96@okaxis,Failed UPI Retry
pay_902026,cust_00045,order_701363,34999,1787539573,captured,upi,customer_45@razorpay-demo.com,+919870000045,cust45@okaxis,Failed UPI Retry
pay_900280,cust_00055,order_700280,199999,1787680500,captured,upi,customer_55@razorpay-demo.com,+919870000055,cust55@okaxis,legitimate
pay_900788,cust_00082,order_700744,299999,1787530482,captured,card,customer_82@razorpay-demo.com,+919870000082,,Double-Click Issue
pay_900743,cust_00019,order_700722,19999,1787668875,captured,upi,customer_19@razorpay-demo.com,+919870000019,cust19@okaxis,Double-Click Issue
pay_902479,cust_00048,order_701729,99999,1787520497,captured,netbanking,customer_48@razorpay-demo.com,+919870000048,,Multiple Browser Tabs Checkout
pay_902801,cust_00192,order_702051,74999,1787666056,failed,netbanking,customer_192@razorpay-demo.com,+919870000192,,Gateway Retry with Different IDs
pay_901958,cust_00067,order_701329,299999,1787578298,captured,upi,customer_67@razorpay-demo.com,+919870000067,cust67@okaxis,Failed UPI Retry
pay_900795,cust_00038,order_700748,74999,1787675268,captured,card,customer_38@razorpay-demo.com,+919870000038,,Double-Click Issue
pay_900597,cust_00174,order_700597,249999,1787544728,captured,card,customer_174@razorpay-demo.com,+919870000174,,legitimate
pay_901026,cust_00163,order_700863,249999,1787648870,captured,card,customer_163@razorpay-demo.com,+919870000163,,Double-Click Issue
pay_902061,cust_00023,order_701381,12499,1787597080,captured,upi,customer_23@razorpay-demo.com,+919870000023,cust23@okaxis,Failed UPI Retry
pay_902629,cust_00113,order_701879,24999,1787664550,captured,netbanking,customer_113@razorpay-demo.com,+919870000113,,Multiple Browser Tabs Checkout
pay_900441,cust_00117,order_700441,99999,1787707521,captured,wallet,customer_117@razorpay-demo.com,+919870000117,,legitimate
pay_900509,cust_00137,order_700509,49999,1787518001,captured,wallet,customer_137@razorpay-demo.com,+919870000137,,legitimate
pay_900077,cust_00105,order_700077,74999,1787715406,captured,upi,customer_105@razorpay-demo.com,+919870000105,cust105@okaxis,legitimate
pay_902560,cust_00106,order_701810,19999,1787629715,captured,card,customer_106@razorpay-demo.com,+919870000106,,Multiple Browser Tabs Checkout
pay_900650,cust_00012,order_700650,249999,1787568264,captured,card,customer_12@razorpay-demo.com,+919870000012,,legitimate
pay_900523,cust_00037,order_700523,199999,1787716078,captured,wallet,customer_37@razorpay-demo.com,+919870000037,,legitimate
pay_901376,cust_00072,order_701038,34999,1787614213,captured,upi,customer_72@razorpay-demo.com,+919870000072,cust72@okaxis,Network Timeout Retry
pay_901114,cust_00043,order_700907,199999,1787623776,captured,card,customer_43@razorpay-demo.com,+919870000043,,Double-Click Issue
pay_901436,cust_00179,order_701068,49999,1787617565,captured,upi,customer_179@razorpay-demo.com,+919870000179,cust179@okaxis,Network Timeout Retry
pay_901256,cust_00174,order_700978,99999,1787605676,captured,wallet,customer_174@razorpay-demo.com,+919870000174,,Network Timeout Retry
pay_901426,cust_00022,order_701063,99999,1787568922,captured,wallet,customer_22@razorpay-demo.com,+919870000022,,Network Timeout Retry
pay_901098,cust_00055,order_700899,99999,1787572651,captured,netbanking,customer_55@razorpay-demo.com,+919870000055,,Double-Click Issue
pay_901526,cust_00142,order_701113,9999,1787607250,captured,card,customer_142@razorpay-demo.com,+919870000142,,Network Timeout Retry
pay_900631,cust_00153,order_700631,7499,1787728607,failed,card,customer_153@razorpay-demo.com,+919870000153,,legitimate
pay_902348,cust_00029,order_701598,149999,1787601217,captured,upi,customer_29@razorpay-demo.com,+919870000029,cust29@okaxis,Multiple Browser Tabs Checkout
pay_901396,cust_00032,order_701048,19999,1787615156,captured,upi,customer_32@razorpay-demo.com,+919870000032,cust32@okaxis,Network Timeout Retry
pay_902038,cust_00022,order_701369,9999,1787626503,captured,upi,customer_22@razorpay-demo.com,+919870000022,cust22@okaxis,Failed UPI Retry
pay_900483,cust_00135,order_700483,19999,1787603625,captured,wallet,customer_135@razorpay-demo.com,+919870000135,,legitimate
pay_901781,cust_00079,order_701241,14999,1787641613,captured,upi,customer_79@razorpay-demo.com,+919870000079,cust79@okaxis,Failed UPI Retry
pay_902269,cust_00012,order_701519,7499,1787675257,captured,card,customer_12@razorpay-demo.com,+919870000012,,Multiple Browser Tabs Checkout
pay_902475,cust_00012,order_701725,7499,1787630800,captured,netbanking,customer_12@razorpay-demo.com,+919870000012,,Multiple Browser Tabs Checkout
pay_901352,cust_00139,order_701026,4999,1787579609,captured,wallet,customer_139@razorpay-demo.com,+919870000139,,Network Timeout Retry
pay_900439,cust_00127,order_700439,9999,1787704817,captured,netbanking,customer_127@razorpay-demo.com,+919870000127,,legitimate
pay_902840,cust_00006,order_702090,9999,1787640970,captured,netbanking,customer_6@razorpay-demo.com,+919870000006,,Gateway Retry with Different IDs
pay_901428,cust_00189,order_701064,14999,1787623716,captured,wallet,customer_189@razorpay-demo.com,+919870000189,,Network Timeout Retry
pay_901833,cust_00067,order_701267,49999,1787614826,captured,upi,customer_67@razorpay-demo.com,+919870000067,cust67@okaxis,Failed UPI Retry
pay_900167,cust_00180,order_700167,249999,1787530816,captured,wallet,customer_180@razorpay-demo.com,+919870000180,,legitimate
pay_900060,cust_00166,order_700060,14999,1787583735,captured,wallet,customer_166@razorpay-demo.com,+919870000166,,legitimate
pay_900612,cust_00034,order_700612,299999,1787549780,failed,netbanking,customer_34@razorpay-demo.com,+919870000034,,legitimate
pay_900531,cust_00022,order_700531,14999,1787597521,captured,upi,customer_22@razorpay-demo.com,+919870000022,cust22@okaxis,legitimate
pay_901576,cust_00084,order_701138,249999,1787586729,captured,netbanking,customer_84@razorpay-demo.com,+919870000084,,Network Timeout Retry
pay_900050,cust_00004,order_700050,7499,1787551364,captured,upi,customer_4@razorpay-demo.com,+919870000004,cust4@okaxis,legitimate
pay_901848,cust_00107,order_701274,24999,1787523376,captured,upi,customer_107@razorpay-demo.com,+919870000107,cust107@okaxis,Failed UPI Retry
pay_900839,cust_00058,order_700770,99999,1787561939,captured,upi,customer_58@razorpay-demo.com,+919870000058,cust58@okaxis,Double-Click Issue
pay_902169,cust_00018,order_701435,34999,1787684685,captured,upi,customer_18@razorpay-demo.com,+919870000018,cust18@okaxis,Failed UPI Retry
pay_900049,cust_00020,order_700049,34999,1787526368,failed,card,customer_20@razorpay-demo.com,+919870000020,,legitimate
pay_900720,cust_00033,order_700710,9999,1787679394,captured,card,customer_33@razorpay-demo.com,+919870000033,,Double-Click Issue
pay_901076,cust_00181,order_700888,149999,1787645926,captured,netbanking,customer_181@razorpay-demo.com,+919870000181,,Double-Click Issue
pay_901179,cust_00020,order_700940,149999,1787669597,captured,card,customer_20@razorpay-demo.com,+919870000020,,Double-Click Issue
pay_902263,cust_00176,order_701513,249999,1787601411,captured,wallet,customer_176@razorpay-demo.com,+919870000176,,Multiple Browser Tabs Checkout
pay_901065,cust_00190,order_700883,49999,1787643730,captured,upi,customer_190@razorpay-demo.com,+919870000190,cust190@okaxis,Double-Click Issue
pay_900633,cust_00196,order_700633,34999,1787519046,captured,card,customer_196@razorpay-demo.com,+919870000196,,legitimate
pay_902725,cust_00014,order_701975,12499,1787521638,failed,upi,customer_14@razorpay-demo.com,+919870000014,cust14@okaxis,Gateway Retry with Different IDs
pay_902052,cust_00148,order_701376,19999,1787521257,captured,upi,customer_148@razorpay-demo.com,+919870000148,cust148@okaxis,Failed UPI Retry
pay_901212,cust_00058,order_700956,49999,1787576464,captured,wallet,customer_58@razorpay-demo.com,+919870000058,,Network Timeout Retry
pay_900026,cust_00065,order_700026,49999,1787662382,captured,card,customer_65@razorpay-demo.com,+919870000065,,legitimate
pay_901243,cust_00152,order_700972,7499,1787580796,captured,upi,customer_152@razorpay-demo.com,+919870000152,cust152@okaxis,Network Timeout Retry
pay_902644,cust_00137,order_701894,249999,1787663659,captured,upi,customer_137@razorpay-demo.com,+919870000137,cust137@okaxis,Multiple Browser Tabs Checkout
pay_900277,cust_00056,order_700277,199999,1787589998,captured,card,customer_56@razorpay-demo.com,+919870000056,,legitimate
pay_902081,cust_00189,order_701391,74999,1787520158,captured,upi,customer_189@razorpay-demo.com,+919870000189,cust189@okaxis,Failed UPI Retry
pay_900953,cust_00068,order_700827,34999,1787532688,captured,card,customer_68@razorpay-demo.com,+919870000068,,Double-Click Issue
pay_902064,cust_00172,order_701382,7499,1787633748,captured,upi,customer_172@razorpay-demo.com,+919870000172,cust172@okaxis,Failed UPI Retry
pay_900362,cust_00040,order_700362,99999,1787720387,captured,wallet,customer_40@razorpay-demo.com,+919870000040,,legitimate
pay_901104,cust_00158,order_700902,299999,1787681141,captured,upi,customer_158@razorpay-demo.com,+919870000158,cust158@okaxis,Double-Click Issue
pay_901430,cust_00135,order_701065,249999,1787520414,captured,upi,customer_135@razorpay-demo.com,+919870000135,cust135@okaxis,Network Timeout Retry
pay_902367,cust_00047,order_701617,9999,1787543306,captured,upi,customer_47@razorpay-demo.com,+919870000047,cust47@okaxis,Multiple Browser Tabs Checkout
pay_902253,cust_00157,order_701503,149999,1787618477,captured,card,customer_157@razorpay-demo.com,+919870000157,,Multiple Browser Tabs Checkout
pay_902548,cust_00169,order_701798,49999,1787597688,captured,wallet,customer_169@razorpay-demo.com,+919870000169,,Multiple Browser Tabs Checkout
pay_902127,cust_00086,order_701414,14999,1787561594,captured,upi,customer_86@razorpay-demo.com,+919870000086,cust86@okaxis,Failed UPI Retry
pay_902540,cust_00097,order_701790,34999,1787521668,captured,wallet,customer_97@razorpay-demo.com,+919870000097,,Multiple Browser Tabs Checkout
pay_900298,cust_00020,order_700298,99999,1787648283,captured,card,customer_20@razorpay-demo.com,+919870000020,,legitimate
pay_901090,cust_00158,order_700895,249999,1787600211,captured,netbanking,customer_158@razorpay-demo.com,+919870000158,,Double-Click Issue
pay_900241,cust_00032,order_700241,249999,1787535242,captured,wallet,customer_32@razorpay-demo.com,+919870000032,,legitimate
pay_902897,cust_00195,order_702147,4999,1787671395,failed,upi,customer_195@razorpay-demo.com,+919870000195,cust195@okaxis,Gateway Retry with Different IDs
pay_900583,cust_00144,order_700583,49999,1787603814,captured,wallet,customer_144@razorpay-demo.com,+919870000144,,legitimate
pay_901117,cust_00027,order_700909,12499,1787627167,captured,wallet,customer_27@razorpay-demo.com,+919870000027,,Double-Click Issue
pay_900966,cust_00030,order_700833,24999,1787681730,captured,wallet,customer_30@razorpay-demo.com,+919870000030,,Double-Click Issue
pay_902072,cust_00108,order_701386,19999,1787681496,captured,upi,customer_108@razorpay-demo.com,+919870000108,cust108@okaxis,Failed UPI Retry
pay_901544,cust_00050,order_701122,7499,1787614153,captured,card,customer_50@razorpay-demo.com,+919870000050,,Network Timeout Retry
pay_900351,cust_00103,order_700351,149999,1787708683,captured,wallet,customer_103@razorpay-demo.com,+919870000103,,legitimate
pay_902655,cust_00184,order_701905,24999,1787657897,captured,card,customer_184@razorpay-demo.com,+919870000184,,Multiple Browser Tabs Checkout
pay_902387,cust_00079,order_701637,4999,1787622149,captured,wallet,customer_79@razorpay-demo.com,+919870000079,,Multiple Browser Tabs Checkout
pay_900350,cust_00168,order_700350,19999,1787542327,captured,netbanking,customer_168@razorpay-demo.com,+919870000168,,legitimate
pay_901197,cust_00092,order_700949,4999,1787647023,captured,upi,customer_92@razorpay-demo.com,+919870000092,cust92@okaxis,Double-Click Issue
pay_901675,cust_00161,order_701188,14999,1787687549,captured,upi,customer_161@razorpay-demo.com,+919870000161,cust161@okaxis,Network Timeout Retry
pay_901870,cust_00119,order_701285,199999,1787656166,captured,upi,customer_119@razorpay-demo.com,+919870000119,cust119@okaxis,Failed UPI Retry
pay_902444,cust_00136,order_701694,99999,1787604247,captured,card,customer_136@razorpay-demo.com,+919870000136,,Multiple Browser Tabs Checkout
pay_901859,cust_00158,order_701280,4999,1787659218,captured,upi,customer_158@razorpay-demo.com,+919870000158,cust158@okaxis,Failed UPI Retry
pay_900658,cust_00190,order_700658,74999,1787615649,captured,upi,customer_190@razorpay-demo.com,+919870000190,cust190@okaxis,legitimate
pay_901770,cust_00093,order_701235,7499,1787606035,captured,upi,customer_93@razorpay-demo.com,+919870000093,cust93@okaxis,Failed UPI Retry
pay_901794,cust_00117,order_701247,24999,1787591903,captured,upi,customer_117@razorpay-demo.com,+919870000117,cust117@okaxis,Failed UPI Retry
pay_901651,cust_00193,order_701176,14999,1787623103,captured,wallet,customer_193@razorpay-demo.com,+919870000193,,Network Timeout Retry
pay_902383,cust_00145,order_701633,149999,1787573966,captured,wallet,customer_145@razorpay-demo.com,+919870000145,,Multiple Browser Tabs Checkout
pay_901744,cust_00143,order_701222,24999,1787604738,captured,upi,customer_143@razorpay-demo.com,+919870000143,cust143@okaxis,Failed UPI Retry
pay_900859,cust_00196,order_700780,12499,1787654619,captured,card,customer_196@razorpay-demo.com,+919870000196,,Double-Click Issue
pay_902579,cust_00058,order_701829,74999,1787639461,captured,card,customer_58@razorpay-demo.com,+919870000058,,Multiple Browser Tabs Checkout
pay_901570,cust_00027,order_701135,9999,1787610506,captured,upi,customer_27@razorpay-demo.com,+919870000027,cust27@okaxis,Network Timeout Retry
pay_900942,cust_00052,order_700821,19999,1787566479,captured,wallet,customer_52@razorpay-demo.com,+919870000052,,Double-Click Issue
pay_900539,cust_00069,order_700539,14999,1787621956,captured,netbanking,customer_69@razorpay-demo.com,+919870000069,,legitimate
pay_901834,cust_00067,order_701267,49999,1787614935,captured,upi,customer_67@razorpay-demo.com,+919870000067,cust67@okaxis,Failed UPI Retry
pay_901414,cust_00093,order_701057,149999,1787586998,captured,wallet,customer_93@razorpay-demo.com,+919870000093,,Network Timeout Retry
pay_902294,cust_00148,order_701544,49999,1787530404,captured,upi,customer_148@razorpay-demo.com,+919870000148,cust148@okaxis,Multiple Browser Tabs Checkout
pay_901621,cust_00147,order_701161,149999,1787610162,captured,card,customer_147@razorpay-demo.com,+919870000147,,Network Timeout Retry
pay_902399,cust_00171,order_701649,19999,1787541006,captured,wallet,customer_171@razorpay-demo.com,+919870000171,,Multiple Browser Tabs Checkout
pay_900787,cust_00082,order_700744,299999,1787530479,captured,card,customer_82@razorpay-demo.com,+919870000082,,Double-Click Issue
pay_902604,cust_00176,order_701854,74999,1787585582,captured,upi,customer_176@razorpay-demo.com,+919870000176,cust176@okaxis,Multiple Browser Tabs Checkout
pay_901886,cust_00181,order_701293,249999,1787569820,captured,upi,customer_181@razorpay-demo.com,+919870000181,cust181@okaxis,Failed UPI Retry
pay_900789,cust_00102,order_700745,49999,1787663466,captured,netbanking,customer_102@razorpay-demo.com,+919870000102,,Double-Click Issue
pay_901957,cust_00067,order_701329,299999,1787578245,captured,upi,customer_67@razorpay-demo.com,+919870000067,cust67@okaxis,Failed UPI Retry
pay_902775,cust_00024,order_702025,4999,1787683622,failed,netbanking,customer_24@razorpay-demo.com,+919870000024,,Gateway Retry with Different IDs
pay_901860,cust_00158,order_701280,4999,1787659272,captured,upi,customer_158@razorpay-demo.com,+919870000158,cust158@okaxis,Failed UPI Retry
pay_900715,cust_00178,order_700708,299999,1787554016,captured,netbanking,customer_178@razorpay-demo.com,+919870000178,,Double-Click Issue
pay_900804,cust_00037,order_700752,74999,1787522144,captured,wallet,customer_37@razorpay-demo.com,+919870000037,,Double-Click Issue
pay_902375,cust_00137,order_701625,14999,1787674492,captured,card,customer_137@razorpay-demo.com,+919870000137,,Multiple Browser Tabs Checkout
pay_901422,cust_00141,order_701061,4999,1787648689,captured,card,customer_141@razorpay-demo.com,+919870000141,,Network Timeout Retry
pay_900124,cust_00193,order_700124,249999,1787569932,captured,wallet,customer_193@razorpay-demo.com,+919870000193,,legitimate
pay_901916,cust_00006,order_701308,74999,1787646620,captured,upi,customer_6@razorpay-demo.com,+919870000006,cust6@okaxis,Failed UPI Retry
pay_902307,cust_00022,order_701557,49999,1787635219,captured,card,customer_22@razorpay-demo.com,+919870000022,,Multiple Browser Tabs Checkout
pay_901940,cust_00046,order_701320,149999,1787618556,captured,upi,customer_46@razorpay-demo.com,+919870000046,cust46@okaxis,Failed UPI Retry
pay_900619,cust_00059,order_700619,24999,1787673286,captured,card,customer_59@razorpay-demo.com,+919870000059,,legitimate
pay_900407,cust_00131,order_700407,24999,1787525226,captured,card,customer_131@razorpay-demo.com,+919870000131,,legitimate
pay_901451,cust_00060,order_701076,199999,1787610172,captured,card,customer_60@razorpay-demo.com,+919870000060,,Network Timeout Retry
pay_900930,cust_00032,order_700815,49999,1787597418,captured,netbanking,customer_32@razorpay-demo.com,+919870000032,,Double-Click Issue
pay_901475,cust_00108,order_701088,14999,1787687889,captured,wallet,customer_108@razorpay-demo.com,+919870000108,,Network Timeout Retry
pay_900498,cust_00057,order_700498,149999,1787518944,captured,upi,customer_57@razorpay-demo.com,+919870000057,cust57@okaxis,legitimate
pay_901147,cust_00079,order_700924,12499,1787552029,captured,netbanking,customer_79@razorpay-demo.com,+919870000079,,Double-Click Issue
pay_900326,cust_00057,order_700326,249999,1787706521,failed,wallet,customer_57@razorpay-demo.com,+919870000057,,legitimate
pay_900343,cust_00198,order_700343,74999,1787544257,captured,netbanking,customer_198@razorpay-demo.com,+919870000198,,legitimate
pay_902186,cust_00100,order_701443,14999,1787541711,captured,upi,customer_100@razorpay-demo.com,+919870000100,cust100@okaxis,Failed UPI Retry
pay_900783,cust_00011,order_700742,24999,1787686216,captured,card,customer_11@razorpay-demo.com,+919870000011,,Double-Click Issue
pay_902286,cust_00162,order_701536,19999,1787550392,captured,netbanking,customer_162@razorpay-demo.com,+919870000162,,Multiple Browser Tabs Checkout
pay_900300,cust_00167,order_700300,12499,1787646122,captured,netbanking,customer_167@razorpay-demo.com,+919870000167,,legitimate
pay_902808,cust_00169,order_702058,149999,1787567814,captured,wallet,customer_169@razorpay-demo.com,+919870000169,,Gateway Retry with Different IDs
pay_901062,cust_00177,order_700881,199999,1787550695,captured,netbanking,customer_177@razorpay-demo.com,+919870000177,,Double-Click Issue
pay_902133,cust_00151,order_701417,199999,1787549124,captured,upi,customer_151@razorpay-demo.com,+919870000151,cust151@okaxis,Failed UPI Retry
pay_900979,cust_00113,order_700840,4999,1787560648,captured,card,customer_113@razorpay-demo.com,+919870000113,,Double-Click Issue
pay_901972,cust_00137,order_701336,34999,1787584784,captured,upi,customer_137@razorpay-demo.com,+919870000137,cust137@okaxis,Failed UPI Retry
pay_901560,cust_00133,order_701130,7499,1787640783,captured,card,customer_133@razorpay-demo.com,+919870000133,,Network Timeout Retry
pay_900221,cust_00169,order_700221,99999,1787651142,failed,upi,customer_169@razorpay-demo.com,+919870000169,cust169@okaxis,legitimate
pay_901504,cust_00149,order_701102,199999,1787634417,captured,wallet,customer_149@razorpay-demo.com,+919870000149,,Network Timeout Retry
pay_902733,cust_00038,order_701983,7499,1787531611,failed,netbanking,customer_38@razorpay-demo.com,+919870000038,,Gateway Retry with Different IDs
pay_900450,cust_00067,order_700450,99999,1787665079,captured,netbanking,customer_67@razorpay-demo.com,+919870000067,,legitimate
pay_901589,cust_00006,order_701145,199999,1787674263,captured,netbanking,customer_6@razorpay-demo.com,+919870000006,,Network Timeout Retry
pay_901350,cust_00021,order_701025,99999,1787621549,captured,wallet,customer_21@razorpay-demo.com,+919870000021,,Network Timeout Retry
pay_902755,cust_00165,order_702005,14999,1787653361,failed,netbanking,customer_165@razorpay-demo.com,+919870000165,,Gateway Retry with Different IDs
pay_900085,cust_00174,order_700085,249999,1787718316,captured,netbanking,customer_174@razorpay-demo.com,+919870000174,,legitimate
pay_901377,cust_00176,order_701039,12499,1787639998,captured,card,customer_176@razorpay-demo.com,+919870000176,,Network Timeout Retry
pay_902282,cust_00014,order_701532,299999,1787540506,captured,wallet,customer_14@razorpay-demo.com,+919870000014,,Multiple Browser Tabs Checkout
pay_900842,cust_00132,order_700771,4999,1787597366,captured,card,customer_132@razorpay-demo.com,+919870000132,,Double-Click Issue
pay_900622,cust_00018,order_700622,49999,1787647270,captured,card,customer_18@razorpay-demo.com,+919870000018,,legitimate
pay_900267,cust_00058,order_700267,199999,1787697994,failed,wallet,customer_58@razorpay-demo.com,+919870000058,,legitimate
pay_900890,cust_00088,order_700795,24999,1787540193,captured,wallet,customer_88@razorpay-demo.com,+919870000088,,Double-Click Issue
pay_900291,cust_00187,order_700291,249999,1787566475,captured,upi,customer_187@razorpay-demo.com,+919870000187,cust187@okaxis,legitimate
pay_901011,cust_00184,order_700856,34999,1787532278,captured,card,customer_184@razorpay-demo.com,+919870000184,,Double-Click Issue
pay_901653,cust_00178,order_701177,149999,1787580518,captured,card,customer_178@razorpay-demo.com,+919870000178,,Network Timeout Retry
pay_901012,cust_00184,order_700856,34999,1787532281,captured,card,customer_184@razorpay-demo.com,+919870000184,,Double-Click Issue
pay_900417,cust_00108,order_700417,9999,1787664589,captured,wallet,customer_108@razorpay-demo.com,+919870000108,,legitimate
pay_900473,cust_00186,order_700473,199999,1787522400,captured,card,customer_186@razorpay-demo.com,+919870000186,,legitimate
pay_900605,cust_00171,order_700605,149999,1787699064,captured,netbanking,customer_171@razorpay-demo.com,+919870000171,,legitimate
pay_901878,cust_00017,order_701289,9999,1787563937,captured,upi,customer_17@razorpay-demo.com,+919870000017,cust17@okaxis,Failed UPI Retry
pay_902320,cust_00099,order_701570,299999,1787607198,captured,netbanking,customer_99@razorpay-demo.com,+919870000099,,Multiple Browser Tabs Checkout
pay_901511,cust_00180,order_701106,49999,1787537184,captured,card,customer_180@razorpay-demo.com,+919870000180,,Network Timeout Retry
pay_902461,cust_00036,order_701711,249999,1787669186,captured,wallet,customer_36@razorpay-demo.com,+919870000036,,Multiple Browser Tabs Checkout
pay_902809,cust_00093,order_702059,149999,1787654483,failed,wallet,customer_93@razorpay-demo.com,+919870000093,,Gateway Retry with Different IDs
pay_900655,cust_00012,order_700655,24999,1787704871,captured,card,customer_12@razorpay-demo.com,+919870000012,,legitimate
pay_902000,cust_00170,order_701350,9999,1787593782,captured,upi,customer_170@razorpay-demo.com,+919870000170,cust170@okaxis,Failed UPI Retry
pay_901991,cust_00176,order_701346,249999,1787618500,captured,upi,customer_176@razorpay-demo.com,+919870000176,cust176@okaxis,Failed UPI Retry
pay_901188,cust_00198,order_700944,74999,1787538579,captured,netbanking,customer_198@razorpay-demo.com,+919870000198,,Double-Click Issue
pay_900822,cust_00130,order_700761,24999,1787650317,captured,upi,customer_130@razorpay-demo.com,+919870000130,cust130@okaxis,Double-Click Issue
pay_900344,cust_00087,order_700344,249999,1787694804,captured,upi,customer_87@razorpay-demo.com,+919870000087,cust87@okaxis,legitimate
pay_902662,cust_00162,order_701912,34999,1787515983,captured,upi,customer_162@razorpay-demo.com,+919870000162,cust162@okaxis,Multiple Browser Tabs Checkout
pay_902892,cust_00175,order_702142,19999,1787591977,captured,card,customer_175@razorpay-demo.com,+919870000175,,Gateway Retry with Different IDs
pay_901357,cust_00033,order_701029,4999,1787598095,captured,wallet,customer_33@razorpay-demo.com,+919870000033,,Network Timeout Retry
pay_902576,cust_00052,order_701826,34999,1787660670,captured,card,customer_52@razorpay-demo.com,+919870000052,,Multiple Browser Tabs Checkout
pay_900279,cust_00057,order_700279,24999,1787517101,captured,card,customer_57@razorpay-demo.com,+919870000057,,legitimate
pay_902419,cust_00075,order_701669,49999,1787522739,captured,wallet,customer_75@razorpay-demo.com,+919870000075,,Multiple Browser Tabs Checkout
pay_901498,cust_00171,order_701099,12499,1787556244,captured,card,customer_171@razorpay-demo.com,+919870000171,,Network Timeout Retry
pay_901562,cust_00099,order_701131,12499,1787606389,captured,upi,customer_99@razorpay-demo.com,+919870000099,cust99@okaxis,Network Timeout Retry
pay_901346,cust_00068,order_701023,12499,1787550501,captured,upi,customer_68@razorpay-demo.com,+919870000068,cust68@okaxis,Network Timeout Retry
pay_900019,cust_00184,order_700019,19999,1787657016,captured,upi,customer_184@razorpay-demo.com,+919870000184,cust184@okaxis,legitimate
pay_900614,cust_00167,order_700614,9999,1787601051,captured,card,customer_167@razorpay-demo.com,+919870000167,,legitimate
pay_900644,cust_00185,order_700644,14999,1787595765,captured,upi,customer_185@razorpay-demo.com,+919870000185,cust185@okaxis,legitimate
pay_901879,cust_00087,order_701290,24999,1787623702,captured,upi,customer_87@razorpay-demo.com,+919870000087,cust87@okaxis,Failed UPI Retry
pay_902646,cust_00003,order_701896,299999,1787675727,captured,wallet,customer_3@razorpay-demo.com,+919870000003,,Multiple Browser Tabs Checkout
pay_901223,cust_00123,order_700962,12499,1787627287,captured,upi,customer_123@razorpay-demo.com,+919870000123,cust123@okaxis,Network Timeout Retry
pay_901612,cust_00098,order_701156,4999,1787606079,captured,netbanking,customer_98@razorpay-demo.com,+919870000098,,Network Timeout Retry
pay_902217,cust_00010,order_701467,19999,1787573799,captured,card,customer_10@razorpay-demo.com,+919870000010,,Multiple Browser Tabs Checkout
pay_902885,cust_00184,order_702135,199999,1787577760,failed,wallet,customer_184@razorpay-demo.com,+919870000184,,Gateway Retry with Different IDs
pay_901085,cust_00066,order_700893,4999,1787596023,captured,netbanking,customer_66@razorpay-demo.com,+919870000066,,Double-Click Issue
pay_902524,cust_00028,order_701774,7499,1787600011,captured,netbanking,customer_28@razorpay-demo.com,+919870000028,,Multiple Browser Tabs Checkout
pay_901806,cust_00085,order_701253,299999,1787530639,captured,upi,customer_85@razorpay-demo.com,+919870000085,cust85@okaxis,Failed UPI Retry
pay_900904,cust_00096,order_700802,4999,1787646227,captured,netbanking,customer_96@razorpay-demo.com,+919870000096,,Double-Click Issue
pay_901984,cust_00190,order_701342,299999,1787638551,captured,upi,customer_190@razorpay-demo.com,+919870000190,cust190@okaxis,Failed UPI Retry
pay_901766,cust_00183,order_701233,199999,1787543824,captured,upi,customer_183@razorpay-demo.com,+919870000183,cust183@okaxis,Failed UPI Retry
pay_901988,cust_00143,order_701344,7499,1787657538,captured,upi,customer_143@razorpay-demo.com,+919870000143,cust143@okaxis,Failed UPI Retry
pay_900681,cust_00020,order_700681,4999,1787558155,captured,card,customer_20@razorpay-demo.com,+919870000020,,legitimate
pay_902476,cust_00012,order_701726,7499,1787630808,captured,netbanking,customer_12@razorpay-demo.com,+919870000012,,Multiple Browser Tabs Checkout
pay_901423,cust_00196,order_701062,7499,1787560793,captured,card,customer_196@razorpay-demo.com,+919870000196,,Network Timeout Retry
pay_901826,cust_00054,order_701263,74999,1787525598,captured,upi,customer_54@razorpay-demo.com,+919870000054,cust54@okaxis,Failed UPI Retry
pay_901545,cust_00100,order_701123,99999,1787606303,captured,wallet,customer_100@razorpay-demo.com,+919870000100,,Network Timeout Retry
pay_900220,cust_00163,order_700220,12499,1787661838,captured,netbanking,customer_163@razorpay-demo.com,+919870000163,,legitimate
pay_900602,cust_00197,order_700602,7499,1787626813,captured,wallet,customer_197@razorpay-demo.com,+919870000197,,legitimate
pay_900361,cust_00094,order_700361,19999,1787720526,captured,wallet,customer_94@razorpay-demo.com,+919870000094,,legitimate
pay_901573,cust_00114,order_701137,299999,1787671390,captured,netbanking,customer_114@razorpay-demo.com,+919870000114,,Network Timeout Retry
pay_900304,cust_00100,order_700304,24999,1787662083,captured,netbanking,customer_100@razorpay-demo.com,+919870000100,,legitimate
pay_900053,cust_00074,order_700053,24999,1787548877,captured,wallet,customer_74@razorpay-demo.com,+919870000074,,legitimate
pay_902884,cust_00088,order_702134,14999,1787530202,captured,upi,customer_88@razorpay-demo.com,+919870000088,cust88@okaxis,Gateway Retry with Different IDs
pay_901033,cust_00188,order_700867,249999,1787533335,captured,upi,customer_188@razorpay-demo.com,+919870000188,cust188@okaxis,Double-Click Issue
pay_901692,cust_00149,order_701196,49999,1787664520,captured,upi,customer_149@razorpay-demo.com,+919870000149,cust149@okaxis,Network Timeout Retry
pay_902716,cust_00128,order_701966,249999,1787644702,captured,netbanking,customer_128@razorpay-demo.com,+919870000128,,Gateway Retry with Different IDs
pay_901150,cust_00132,order_700925,9999,1787547238,captured,upi,customer_132@razorpay-demo.com,+919870000132,cust132@okaxis,Double-Click Issue
pay_901464,cust_00018,order_701082,9999,1787565518,captured,upi,customer_18@razorpay-demo.com,+919870000018,cust18@okaxis,Network Timeout Retry
pay_900345,cust_00179,order_700345,34999,1787690724,captured,upi,customer_179@razorpay-demo.com,+919870000179,cust179@okaxis,legitimate
pay_900840,cust_00058,order_700770,99999,1787561941,captured,upi,customer_58@razorpay-demo.com,+919870000058,cust58@okaxis,Double-Click Issue
pay_901162,cust_00018,order_700931,299999,1787570356,captured,upi,customer_18@razorpay-demo.com,+919870000018,cust18@okaxis,Double-Click Issue
pay_902235,cust_00084,order_701485,7499,1787571012,captured,upi,customer_84@razorpay-demo.com,+919870000084,cust84@okaxis,Multiple Browser Tabs Checkout
pay_901601,cust_00125,order_701151,249999,1787618297,captured,card,customer_125@razorpay-demo.com,+919870000125,,Network Timeout Retry
pay_902361,cust_00044,order_701611,199999,1787554629,captured,netbanking,customer_44@razorpay-demo.com,+919870000044,,Multiple Browser Tabs Checkout
pay_900648,cust_00128,order_700648,249999,1787594861,captured,upi,customer_128@razorpay-demo.com,+919870000128,cust128@okaxis,legitimate
pay_902547,cust_00169,order_701797,49999,1787597678,captured,wallet,customer_169@razorpay-demo.com,+919870000169,,Multiple Browser Tabs Checkout
pay_901971,cust_00137,order_701336,34999,1787584702,captured,upi,customer_137@razorpay-demo.com,+919870000137,cust137@okaxis,Failed UPI Retry
pay_901751,cust_00177,order_701226,49999,1787671596,captured,upi,customer_177@razorpay-demo.com,+919870000177,cust177@okaxis,Failed UPI Retry
pay_902152,cust_00097,order_701426,99999,1787647547,captured,upi,customer_97@razorpay-demo.com,+919870000097,cust97@okaxis,Failed UPI Retry
pay_900962,cust_00085,order_700831,19999,1787680482,captured,wallet,customer_85@razorpay-demo.com,+919870000085,,Double-Click Issue
pay_901394,cust_00093,order_701047,19999,1787574936,captured,netbanking,customer_93@razorpay-demo.com,+919870000093,,Network Timeout Retry
pay_901270,cust_00134,order_700985,4999,1787628583,captured,wallet,customer_134@razorpay-demo.com,+919870000134,,Network Timeout Retry
pay_902100,cust_00040,order_701400,249999,1787601223,captured,upi,customer_40@razorpay-demo.com,+919870000040,cust40@okaxis,Failed UPI Retry
pay_900193,cust_00077,order_700193,249999,1787702337,captured,wallet,customer_77@razorpay-demo.com,+919870000077,,legitimate
pay_900802,cust_00156,order_700751,34999,1787545199,captured,card,customer_156@razorpay-demo.com,+919870000156,,Double-Click Issue
pay_900175,cust_00069,order_700175,74999,1787680272,captured,card,customer_69@razorpay-demo.com,+919870000069,,legitimate
pay_900086,cust_00067,order_700086,9999,1787523704,captured,netbanking,customer_67@razorpay-demo.com,+919870000067,,legitimate
pay_900963,cust_00188,order_700832,7499,1787656267,captured,netbanking,customer_188@razorpay-demo.com,+919870000188,,Double-Click Issue
pay_901933,cust_00139,order_701317,34999,1787524206,captured,upi,customer_139@razorpay-demo.com,+919870000139,cust139@okaxis,Failed UPI Retry
pay_902296,cust_00056,order_701546,74999,1787660086,captured,wallet,customer_56@razorpay-demo.com,+919870000056,,Multiple Browser Tabs Checkout
pay_900352,cust_00048,order_700352,34999,1787594788,captured,wallet,customer_48@razorpay-demo.com,+919870000048,,legitimate
pay_900669,cust_00101,order_700669,149999,1787584141,captured,netbanking,customer_101@razorpay-demo.com,+919870000101,,legitimate
pay_902425,cust_00164,order_701675,249999,1787536899,captured,wallet,customer_164@razorpay-demo.com,+919870000164,,Multiple Browser Tabs Checkout
pay_900129,cust_00180,order_700129,14999,1787551683,captured,netbanking,customer_180@razorpay-demo.com,+919870000180,,legitimate
pay_900341,cust_00163,order_700341,24999,1787570229,captured,netbanking,customer_163@razorpay-demo.com,+919870000163,,legitimate
pay_900008,cust_00092,order_700008,249999,1787645846,captured,netbanking,customer_92@razorpay-demo.com,+919870000092,,legitimate
pay_902744,cust_00007,order_701994,14999,1787583600,captured,card,customer_7@razorpay-demo.com,+919870000007,,Gateway Retry with Different IDs
pay_900892,cust_00047,order_700796,199999,1787599698,captured,card,customer_47@razorpay-demo.com,+919870000047,,Double-Click Issue
pay_902472,cust_00194,order_701722,24999,1787549376,captured,card,customer_194@razorpay-demo.com,+919870000194,,Multiple Browser Tabs Checkout
pay_900946,cust_00085,order_700823,12499,1787517645,captured,card,customer_85@razorpay-demo.com,+919870000085,,Double-Click Issue
pay_901337,cust_00103,order_701019,99999,1787528579,captured,netbanking,customer_103@razorpay-demo.com,+919870000103,,Network Timeout Retry
pay_900308,cust_00037,order_700308,299999,1787582451,captured,netbanking,customer_37@razorpay-demo.com,+919870000037,,legitimate
pay_900813,cust_00114,order_700757,199999,1787561997,captured,netbanking,customer_114@razorpay-demo.com,+919870000114,,Double-Click Issue
pay_900638,cust_00053,order_700638,199999,1787631301,captured,upi,customer_53@razorpay-demo.com,+919870000053,cust53@okaxis,legitimate
pay_900384,cust_00044,order_700384,99999,1787697427,captured,netbanking,customer_44@razorpay-demo.com,+919870000044,,legitimate
pay_902502,cust_00030,order_701752,24999,1787594415,captured,netbanking,customer_30@razorpay-demo.com,+919870000030,,Multiple Browser Tabs Checkout
pay_902442,cust_00163,order_701692,299999,1787523873,captured,netbanking,customer_163@razorpay-demo.com,+919870000163,,Multiple Browser Tabs Checkout
pay_902686,cust_00049,order_701936,249999,1787565221,captured,netbanking,customer_49@razorpay-demo.com,+919870000049,,Multiple Browser Tabs Checkout
pay_901294,cust_00154,order_700997,24999,1787526536,captured,card,customer_154@razorpay-demo.com,+919870000154,,Network Timeout Retry
pay_901034,cust_00188,order_700867,249999,1787533338,captured,upi,customer_188@razorpay-demo.com,+919870000188,cust188@okaxis,Double-Click Issue
pay_900178,cust_00105,order_700178,19999,1787660190,captured,netbanking,customer_105@razorpay-demo.com,+919870000105,,legitimate
pay_900427,cust_00098,order_700427,299999,1787692210,failed,wallet,customer_98@razorpay-demo.com,+919870000098,,legitimate
pay_900495,cust_00079,order_700495,14999,1787626209,captured,netbanking,customer_79@razorpay-demo.com,+919870000079,,legitimate
pay_900184,cust_00053,order_700184,14999,1787715818,captured,upi,customer_53@razorpay-demo.com,+919870000053,cust53@okaxis,legitimate
pay_902567,cust_00069,order_701817,4999,1787617045,captured,wallet,customer_69@razorpay-demo.com,+919870000069,,Multiple Browser Tabs Checkout
pay_901232,cust_00104,order_700966,74999,1787667285,captured,card,customer_104@razorpay-demo.com,+919870000104,,Network Timeout Retry
pay_900185,cust_00179,order_700185,34999,1787521677,captured,card,customer_179@razorpay-demo.com,+919870000179,,legitimate
pay_900991,cust_00020,order_700846,199999,1787570846,captured,wallet,customer_20@razorpay-demo.com,+919870000020,,Double-Click Issue
pay_901254,cust_00034,order_700977,299999,1787670476,captured,card,customer_34@razorpay-demo.com,+919870000034,,Network Timeout Retry
pay_902350,cust_00134,order_701600,99999,1787566110,captured,card,customer_134@razorpay-demo.com,+919870000134,,Multiple Browser Tabs Checkout
pay_902118,cust_00004,order_701409,14999,1787675752,captured,upi,customer_4@razorpay-demo.com,+919870000004,cust4@okaxis,Failed UPI Retry
pay_900811,cust_00026,order_700756,249999,1787538663,captured,upi,customer_26@razorpay-demo.com,+919870000026,cust26@okaxis,Double-Click Issue
pay_901002,cust_00027,order_700851,24999,1787521636,captured,wallet,customer_27@razorpay-demo.com,+919870000027,,Double-Click Issue
pay_901327,cust_00199,order_701014,34999,1787670360,captured,wallet,customer_199@razorpay-demo.com,+919870000199,,Network Timeout Retry
pay_902806,cust_00004,order_702056,9999,1787594992,captured,wallet,customer_4@razorpay-demo.com,+919870000004,,Gateway Retry with Different IDs
pay_901196,cust_00169,order_700948,249999,1787642610,captured,upi,customer_169@razorpay-demo.com,+919870000169,cust169@okaxis,Double-Click Issue
pay_900276,cust_00170,order_700276,24999,1787646569,captured,wallet,customer_170@razorpay-demo.com,+919870000170,,legitimate
pay_900490,cust_00195,order_700490,74999,1787618990,captured,upi,customer_195@razorpay-demo.com,+919870000195,cust195@okaxis,legitimate
pay_901663,cust_00167,order_701182,24999,1787684749,captured,upi,customer_167@razorpay-demo.com,+919870000167,cust167@okaxis,Network Timeout Retry
pay_902718,cust_00073,order_701968,299999,1787621413,captured,netbanking,customer_73@razorpay-demo.com,+919870000073,,Gateway Retry with Different IDs
pay_900691,cust_00082,order_700691,74999,1787521770,captured,upi,customer_82@razorpay-demo.com,+919870000082,cust82@okaxis,legitimate
pay_902618,cust_00094,order_701868,99999,1787584033,captured,card,customer_94@razorpay-demo.com,+919870000094,,Multiple Browser Tabs Checkout
pay_902255,cust_00157,order_701505,7499,1787575550,captured,netbanking,customer_157@razorpay-demo.com,+919870000157,,Multiple Browser Tabs Checkout
pay_902139,cust_00004,order_701420,24999,1787532323,captured,upi,customer_4@razorpay-demo.com,+919870000004,cust4@okaxis,Failed UPI Retry
pay_900757,cust_00126,order_700729,9999,1787577792,captured,card,customer_126@razorpay-demo.com,+919870000126,,Double-Click Issue
pay_902125,cust_00157,order_701413,299999,1787628118,captured,upi,customer_157@razorpay-demo.com,+919870000157,cust157@okaxis,Failed UPI Retry
pay_901963,cust_00029,order_701332,19999,1787598152,captured,upi,customer_29@razorpay-demo.com,+919870000029,cust29@okaxis,Failed UPI Retry
pay_901091,cust_00141,order_700896,19999,1787650921,captured,card,customer_141@razorpay-demo.com,+919870000141,,Double-Click Issue
pay_900119,cust_00104,order_700119,149999,1787696990,failed,upi,customer_104@razorpay-demo.com,+919870000104,cust104@okaxis,legitimate
pay_900001,cust_00164,order_700001,7499,1787675616,captured,card,customer_164@razorpay-demo.com,+919870000164,,legitimate
pay_901230,cust_00015,order_700965,9999,1787674871,captured,netbanking,customer_15@razorpay-demo.com,+919870000015,,Network Timeout Retry
pay_900282,cust_00098,order_700282,49999,1787623498,captured,upi,customer_98@razorpay-demo.com,+919870000098,cust98@okaxis,legitimate
pay_902553,cust_00083,order_701803,4999,1787617473,captured,card,customer_83@razorpay-demo.com,+919870000083,,Multiple Browser Tabs Checkout
pay_901201,cust_00053,order_700951,49999,1787582503,captured,netbanking,customer_53@razorpay-demo.com,+919870000053,,Network Timeout Retry
pay_902842,cust_00089,order_702092,34999,1787603207,captured,upi,customer_89@razorpay-demo.com,+919870000089,cust89@okaxis,Gateway Retry with Different IDs
pay_901836,cust_00091,order_701268,299999,1787537957,captured,upi,customer_91@razorpay-demo.com,+919870000091,cust91@okaxis,Failed UPI Retry
pay_902705,cust_00159,order_701955,24999,1787684357,failed,netbanking,customer_159@razorpay-demo.com,+919870000159,,Gateway Retry with Different IDs
pay_901054,cust_00074,order_700877,299999,1787655119,captured,wallet,customer_74@razorpay-demo.com,+919870000074,,Double-Click Issue
pay_900882,cust_00076,order_700791,34999,1787596753,captured,card,customer_76@razorpay-demo.com,+919870000076,,Double-Click Issue
pay_901193,cust_00115,order_700947,9999,1787613307,captured,upi,customer_115@razorpay-demo.com,+919870000115,cust115@okaxis,Double-Click Issue
pay_901809,cust_00157,order_701255,99999,1787634934,captured,upi,customer_157@razorpay-demo.com,+919870000157,cust157@okaxis,Failed UPI Retry
pay_901126,cust_00067,order_700913,24999,1787593397,captured,wallet,customer_67@razorpay-demo.com,+919870000067,,Double-Click Issue
pay_902257,cust_00143,order_701507,12499,1787535746,captured,upi,customer_143@razorpay-demo.com,+919870000143,cust143@okaxis,Multiple Browser Tabs Checkout
pay_902055,cust_00149,order_701378,34999,1787681629,captured,upi,customer_149@razorpay-demo.com,+919870000149,cust149@okaxis,Failed UPI Retry
pay_900719,cust_00033,order_700710,9999,1787679391,captured,card,customer_33@razorpay-demo.com,+919870000033,,Double-Click Issue
pay_900367,cust_00178,order_700367,299999,1787558679,captured,wallet,customer_178@razorpay-demo.com,+919870000178,,legitimate
pay_901796,cust_00154,order_701248,4999,1787557827,captured,upi,customer_154@razorpay-demo.com,+919870000154,cust154@okaxis,Failed UPI Retry
pay_902323,cust_00176,order_701573,7499,1787642580,captured,netbanking,customer_176@razorpay-demo.com,+919870000176,,Multiple Browser Tabs Checkout
pay_900556,cust_00171,order_700556,19999,1787655193,captured,upi,customer_171@razorpay-demo.com,+919870000171,cust171@okaxis,legitimate
pay_901656,cust_00170,order_701178,49999,1787559600,captured,card,customer_170@razorpay-demo.com,+919870000170,,Network Timeout Retry
pay_901473,cust_00024,order_701087,9999,1787600731,captured,card,customer_24@razorpay-demo.com,+919870000024,,Network Timeout Retry
pay_900305,cust_00162,order_700305,99999,1787529678,captured,netbanking,customer_162@razorpay-demo.com,+919870000162,,legitimate
pay_901704,cust_00190,order_701202,14999,1787541753,captured,upi,customer_190@razorpay-demo.com,+919870000190,cust190@okaxis,Failed UPI Retry
pay_900204,cust_00195,order_700204,34999,1787648812,captured,card,customer_195@razorpay-demo.com,+919870000195,,legitimate
pay_901942,cust_00162,order_701321,249999,1787634781,captured,upi,customer_162@razorpay-demo.com,+919870000162,cust162@okaxis,Failed UPI Retry
pay_901252,cust_00010,order_700976,299999,1787531580,captured,card,customer_10@razorpay-demo.com,+919870000010,,Network Timeout Retry
pay_900933,cust_00026,order_700817,99999,1787623060,captured,netbanking,customer_26@razorpay-demo.com,+919870000026,,Double-Click Issue
pay_902156,cust_00179,order_701428,9999,1787559306,captured,upi,customer_179@razorpay-demo.com,+919870000179,cust179@okaxis,Failed UPI Retry
pay_900121,cust_00170,order_700121,4999,1787654275,captured,card,customer_170@razorpay-demo.com,+919870000170,,legitimate
pay_900284,cust_00005,order_700284,34999,1787701657,captured,card,customer_5@razorpay-demo.com,+919870000005,,legitimate
pay_900980,cust_00113,order_700840,4999,1787560650,captured,card,customer_113@razorpay-demo.com,+919870000113,,Double-Click Issue
pay_901260,cust_00124,order_700980,199999,1787576050,captured,wallet,customer_124@razorpay-demo.com,+919870000124,,Network Timeout Retry
pay_900576,cust_00077,order_700576,299999,1787660617,captured,card,customer_77@razorpay-demo.com,+919870000077,,legitimate
pay_901728,cust_00084,order_701214,249999,1787594566,captured,upi,customer_84@razorpay-demo.com,+919870000084,cust84@okaxis,Failed UPI Retry
pay_902015,cust_00001,order_701358,149999,1787612214,captured,upi,customer_1@razorpay-demo.com,+919870000001,cust1@okaxis,Failed UPI Retry
pay_902535,cust_00139,order_701785,19999,1787680047,captured,card,customer_139@razorpay-demo.com,+919870000139,,Multiple Browser Tabs Checkout
pay_901310,cust_00104,order_701005,74999,1787604945,captured,upi,customer_104@razorpay-demo.com,+919870000104,cust104@okaxis,Network Timeout Retry
pay_901407,cust_00021,order_701054,9999,1787554877,captured,netbanking,customer_21@razorpay-demo.com,+919870000021,,Network Timeout Retry
pay_901913,cust_00134,order_701307,199999,1787629313,captured,upi,customer_134@razorpay-demo.com,+919870000134,cust134@okaxis,Failed UPI Retry
pay_902610,cust_00052,order_701860,9999,1787539029,captured,netbanking,customer_52@razorpay-demo.com,+919870000052,,Multiple Browser Tabs Checkout
pay_902004,cust_00053,order_701352,99999,1787667128,captured,upi,customer_53@razorpay-demo.com,+919870000053,cust53@okaxis,Failed UPI Retry
pay_900630,cust_00062,order_700630,34999,1787539793,captured,wallet,customer_62@razorpay-demo.com,+919870000062,,legitimate
pay_900287,cust_00023,order_700287,24999,1787567997,captured,card,customer_23@razorpay-demo.com,+919870000023,,legitimate
pay_902131,cust_00198,order_701416,99999,1787644884,captured,upi,customer_198@razorpay-demo.com,+919870000198,cust198@okaxis,Failed UPI Retry
pay_900301,cust_00016,order_700301,34999,1787690610,captured,card,customer_16@razorpay-demo.com,+919870000016,,legitimate
pay_901274,cust_00167,order_700987,74999,1787560626,captured,netbanking,customer_167@razorpay-demo.com,+919870000167,,Network Timeout Retry
pay_902058,cust_00037,order_701379,149999,1787641873,captured,upi,customer_37@razorpay-demo.com,+919870000037,cust37@okaxis,Failed UPI Retry
pay_900066,cust_00170,order_700066,7499,1787572566,failed,upi,customer_170@razorpay-demo.com,+919870000170,cust170@okaxis,legitimate
pay_902848,cust_00168,order_702098,149999,1787653005,captured,netbanking,customer_168@razorpay-demo.com,+919870000168,,Gateway Retry with Different IDs
pay_900891,cust_00047,order_700796,199999,1787599695,captured,card,customer_47@razorpay-demo.com,+919870000047,,Double-Click Issue
pay_902096,cust_00047,order_701398,199999,1787606608,captured,upi,customer_47@razorpay-demo.com,+919870000047,cust47@okaxis,Failed UPI Retry
pay_901599,cust_00188,order_701150,7499,1787652455,captured,netbanking,customer_188@razorpay-demo.com,+919870000188,,Network Timeout Retry
pay_900231,cust_00096,order_700231,7499,1787617280,captured,upi,customer_96@razorpay-demo.com,+919870000096,cust96@okaxis,legitimate
pay_900504,cust_00139,order_700504,99999,1787628613,captured,card,customer_139@razorpay-demo.com,+919870000139,,legitimate
pay_902291,cust_00057,order_701541,299999,1787619749,captured,netbanking,customer_57@razorpay-demo.com,+919870000057,,Multiple Browser Tabs Checkout
pay_901290,cust_00087,order_700995,199999,1787543261,captured,card,customer_87@razorpay-demo.com,+919870000087,,Network Timeout Retry
pay_901335,cust_00180,order_701018,249999,1787558340,captured,netbanking,customer_180@razorpay-demo.com,+919870000180,,Network Timeout Retry
pay_901898,cust_00129,order_701299,9999,1787548400,captured,upi,customer_129@razorpay-demo.com,+919870000129,cust129@okaxis,Failed UPI Retry
pay_901005,cust_00164,order_700853,14999,1787628555,captured,upi,customer_164@razorpay-demo.com,+919870000164,cust164@okaxis,Double-Click Issue
pay_900837,cust_00013,order_700769,9999,1787663550,captured,upi,customer_13@razorpay-demo.com,+919870000013,cust13@okaxis,Double-Click Issue
pay_901427,cust_00189,order_701064,14999,1787623697,captured,wallet,customer_189@razorpay-demo.com,+919870000189,,Network Timeout Retry
pay_900375,cust_00184,order_700375,149999,1787628991,captured,wallet,customer_184@razorpay-demo.com,+919870000184,,legitimate
pay_901152,cust_00065,order_700926,12499,1787546783,captured,card,customer_65@razorpay-demo.com,+919870000065,,Double-Click Issue
pay_902023,cust_00098,order_701362,24999,1787609637,captured,upi,customer_98@razorpay-demo.com,+919870000098,cust98@okaxis,Failed UPI Retry
pay_902633,cust_00082,order_701883,49999,1787597496,captured,wallet,customer_82@razorpay-demo.com,+919870000082,,Multiple Browser Tabs Checkout
pay_902487,cust_00194,order_701737,49999,1787683675,captured,card,customer_194@razorpay-demo.com,+919870000194,,Multiple Browser Tabs Checkout
pay_901951,cust_00120,order_701326,7499,1787594166,captured,upi,customer_120@razorpay-demo.com,+919870000120,cust120@okaxis,Failed UPI Retry
pay_900752,cust_00085,order_700726,12499,1787586167,captured,upi,customer_85@razorpay-demo.com,+919870000085,cust85@okaxis,Double-Click Issue
pay_900100,cust_00012,order_700100,12499,1787647476,captured,wallet,customer_12@razorpay-demo.com,+919870000012,,legitimate
pay_901592,cust_00143,order_701146,74999,1787531763,captured,upi,customer_143@razorpay-demo.com,+919870000143,cust143@okaxis,Network Timeout Retry
pay_900867,cust_00182,order_700784,74999,1787574740,captured,upi,customer_182@razorpay-demo.com,+919870000182,cust182@okaxis,Double-Click Issue
pay_902035,cust_00169,order_701368,24999,1787683917,captured,upi,customer_169@razorpay-demo.com,+919870000169,cust169@okaxis,Failed UPI Retry
pay_902742,cust_00064,order_701992,199999,1787632442,captured,wallet,customer_64@razorpay-demo.com,+919870000064,,Gateway Retry with Different IDs
pay_900530,cust_00022,order_700530,199999,1787687821,captured,netbanking,customer_22@razorpay-demo.com,+919870000022,,legitimate
pay_900637,cust_00158,order_700637,9999,1787533498,captured,netbanking,customer_158@razorpay-demo.com,+919870000158,,legitimate
pay_900186,cust_00062,order_700186,149999,1787582563,captured,upi,customer_62@razorpay-demo.com,+919870000062,cust62@okaxis,legitimate
pay_901092,cust_00141,order_700896,19999,1787650923,captured,card,customer_141@razorpay-demo.com,+919870000141,,Double-Click Issue
pay_901489,cust_00198,order_701095,7499,1787597145,captured,upi,customer_198@razorpay-demo.com,+919870000198,cust198@okaxis,Network Timeout Retry
pay_900932,cust_00053,order_700816,149999,1787567477,captured,card,customer_53@razorpay-demo.com,+919870000053,,Double-Click Issue
pay_902834,cust_00136,order_702084,4999,1787615088,captured,wallet,customer_136@razorpay-demo.com,+919870000136,,Gateway Retry with Different IDs
pay_902214,cust_00126,order_701464,24999,1787652440,captured,card,customer_126@razorpay-demo.com,+919870000126,,Multiple Browser Tabs Checkout
pay_901289,cust_00087,order_700995,199999,1787543216,captured,card,customer_87@razorpay-demo.com,+919870000087,,Network Timeout Retry
pay_901846,cust_00031,order_701273,149999,1787662095,captured,upi,customer_31@razorpay-demo.com,+919870000031,cust31@okaxis,Failed UPI Retry
pay_900608,cust_00145,order_700608,249999,1787685714,failed,wallet,customer_145@razorpay-demo.com,+919870000145,,legitimate
pay_902372,cust_00048,order_701622,12499,1787630464,captured,card,customer_48@razorpay-demo.com,+919870000048,,Multiple Browser Tabs Checkout
pay_900152,cust_00071,order_700152,149999,1787727231,captured,netbanking,customer_71@razorpay-demo.com,+919870000071,,legitimate
pay_901568,cust_00092,order_701134,99999,1787636870,captured,wallet,customer_92@razorpay-demo.com,+919870000092,,Network Timeout Retry
pay_902562,cust_00061,order_701812,99999,1787617837,captured,netbanking,customer_61@razorpay-demo.com,+919870000061,,Multiple Browser Tabs Checkout
pay_900732,cust_00054,order_700716,12499,1787576005,captured,card,customer_54@razorpay-demo.com,+919870000054,,Double-Click Issue
pay_901235,cust_00115,order_700968,74999,1787665311,captured,wallet,customer_115@razorpay-demo.com,+919870000115,,Network Timeout Retry
pay_901481,cust_00019,order_701091,49999,1787546822,captured,wallet,customer_19@razorpay-demo.com,+919870000019,,Network Timeout Retry
pay_902639,cust_00177,order_701889,299999,1787559156,captured,upi,customer_177@razorpay-demo.com,+919870000177,cust177@okaxis,Multiple Browser Tabs Checkout
pay_900024,cust_00040,order_700024,99999,1787686530,captured,upi,customer_40@razorpay-demo.com,+919870000040,cust40@okaxis,legitimate
pay_901534,cust_00083,order_701117,149999,1787629225,captured,card,customer_83@razorpay-demo.com,+919870000083,,Network Timeout Retry
pay_900159,cust_00162,order_700159,99999,1787548214,captured,card,customer_162@razorpay-demo.com,+919870000162,,legitimate
pay_900862,cust_00104,order_700781,99999,1787633078,captured,netbanking,customer_104@razorpay-demo.com,+919870000104,,Double-Click Issue
pay_900903,cust_00096,order_700802,4999,1787646224,captured,netbanking,customer_96@razorpay-demo.com,+919870000096,,Double-Click Issue
pay_901322,cust_00030,order_701011,199999,1787666874,captured,netbanking,customer_30@razorpay-demo.com,+919870000030,,Network Timeout Retry
pay_902173,cust_00028,order_701437,9999,1787608862,captured,upi,customer_28@razorpay-demo.com,+919870000028,cust28@okaxis,Failed UPI Retry
pay_900445,cust_00194,order_700445,12499,1787647407,captured,upi,customer_194@razorpay-demo.com,+919870000194,cust194@okaxis,legitimate
pay_902843,cust_00176,order_702093,19999,1787538105,failed,wallet,customer_176@razorpay-demo.com,+919870000176,,Gateway Retry with Different IDs
pay_902128,cust_00086,order_701414,14999,1787561636,captured,upi,customer_86@razorpay-demo.com,+919870000086,cust86@okaxis,Failed UPI Retry
pay_900924,cust_00010,order_700812,24999,1787648716,captured,netbanking,customer_10@razorpay-demo.com,+919870000010,,Double-Click Issue
pay_902873,cust_00130,order_702123,7499,1787624292,failed,upi,customer_130@razorpay-demo.com,+919870000130,cust130@okaxis,Gateway Retry with Different IDs
pay_902006,cust_00146,order_701353,199999,1787673311,captured,upi,customer_146@razorpay-demo.com,+919870000146,cust146@okaxis,Failed UPI Retry
pay_900312,cust_00093,order_700312,4999,1787582156,failed,netbanking,customer_93@razorpay-demo.com,+919870000093,,legitimate
pay_900549,cust_00175,order_700549,199999,1787721290,captured,card,customer_175@razorpay-demo.com,+919870000175,,legitimate
pay_901798,cust_00072,order_701249,74999,1787624125,captured,upi,customer_72@razorpay-demo.com,+919870000072,cust72@okaxis,Failed UPI Retry
pay_901367,cust_00093,order_701034,74999,1787547781,captured,netbanking,customer_93@razorpay-demo.com,+919870000093,,Network Timeout Retry
pay_900307,cust_00155,order_700307,249999,1787587447,captured,upi,customer_155@razorpay-demo.com,+919870000155,cust155@okaxis,legitimate
pay_900288,cust_00135,order_700288,7499,1787703474,captured,wallet,customer_135@razorpay-demo.com,+919870000135,,legitimate
pay_900695,cust_00148,order_700695,249999,1787592079,captured,wallet,customer_148@razorpay-demo.com,+919870000148,,legitimate
pay_900309,cust_00170,order_700309,24999,1787643970,failed,upi,customer_170@razorpay-demo.com,+919870000170,cust170@okaxis,legitimate
pay_902239,cust_00071,order_701489,9999,1787544480,captured,wallet,customer_71@razorpay-demo.com,+919870000071,,Multiple Browser Tabs Checkout
pay_900750,cust_00043,order_700725,74999,1787542589,captured,wallet,customer_43@razorpay-demo.com,+919870000043,,Double-Click Issue
pay_901929,cust_00181,order_701315,199999,1787564390,captured,upi,customer_181@razorpay-demo.com,+919870000181,cust181@okaxis,Failed UPI Retry
pay_900909,cust_00099,order_700805,49999,1787544302,captured,netbanking,customer_99@razorpay-demo.com,+919870000099,,Double-Click Issue
pay_901736,cust_00153,order_701218,49999,1787606321,captured,upi,customer_153@razorpay-demo.com,+919870000153,cust153@okaxis,Failed UPI Retry
pay_902299,cust_00064,order_701549,19999,1787615573,captured,wallet,customer_64@razorpay-demo.com,+919870000064,,Multiple Browser Tabs Checkout
pay_901488,cust_00064,order_701094,149999,1787549897,captured,card,customer_64@razorpay-demo.com,+919870000064,,Network Timeout Retry
pay_902410,cust_00187,order_701660,299999,1787539565,captured,wallet,customer_187@razorpay-demo.com,+919870000187,,Multiple Browser Tabs Checkout
pay_900971,cust_00041,order_700836,7499,1787672901,captured,wallet,customer_41@razorpay-demo.com,+919870000041,,Double-Click Issue
pay_900014,cust_00180,order_700014,299999,1787647013,captured,card,customer_180@razorpay-demo.com,+919870000180,,legitimate
pay_900874,cust_00143,order_700787,9999,1787532308,captured,netbanking,customer_143@razorpay-demo.com,+919870000143,,Double-Click Issue
pay_900809,cust_00080,order_700755,14999,1787663744,captured,wallet,customer_80@razorpay-demo.com,+919870000080,,Double-Click Issue
pay_900515,cust_00176,order_700515,249999,1787656648,captured,card,customer_176@razorpay-demo.com,+919870000176,,legitimate
pay_902331,cust_00036,order_701581,19999,1787608690,captured,upi,customer_36@razorpay-demo.com,+919870000036,cust36@okaxis,Multiple Browser Tabs Checkout
pay_900410,cust_00101,order_700410,74999,1787643685,captured,netbanking,customer_101@razorpay-demo.com,+919870000101,,legitimate
pay_902721,cust_00081,order_701971,149999,1787647404,failed,wallet,customer_81@razorpay-demo.com,+919870000081,,Gateway Retry with Different IDs
pay_902179,cust_00019,order_701440,74999,1787641161,captured,upi,customer_19@razorpay-demo.com,+919870000019,cust19@okaxis,Failed UPI Retry
pay_901207,cust_00149,order_700954,49999,1787580528,captured,upi,customer_149@razorpay-demo.com,+919870000149,cust149@okaxis,Network Timeout Retry
pay_901128,cust_00111,order_700914,19999,1787582748,captured,card,customer_111@razorpay-demo.com,+919870000111,,Double-Click Issue
pay_901238,cust_00057,order_700969,249999,1787619306,captured,wallet,customer_57@razorpay-demo.com,+919870000057,,Network Timeout Retry
pay_901616,cust_00057,order_701158,9999,1787631872,captured,card,customer_57@razorpay-demo.com,+919870000057,,Network Timeout Retry
pay_900383,cust_00137,order_700383,7499,1787643271,captured,upi,customer_137@razorpay-demo.com,+919870000137,cust137@okaxis,legitimate
pay_901456,cust_00184,order_701078,149999,1787658615,captured,wallet,customer_184@razorpay-demo.com,+919870000184,,Network Timeout Retry
pay_902111,cust_00122,order_701406,149999,1787679299,captured,upi,customer_122@razorpay-demo.com,+919870000122,cust122@okaxis,Failed UPI Retry
pay_902357,cust_00168,order_701607,99999,1787599447,captured,netbanking,customer_168@razorpay-demo.com,+919870000168,,Multiple Browser Tabs Checkout
pay_902740,cust_00135,order_701990,199999,1787587412,captured,upi,customer_135@razorpay-demo.com,+919870000135,cust135@okaxis,Gateway Retry with Different IDs
pay_900553,cust_00097,order_700553,7499,1787729432,captured,wallet,customer_97@razorpay-demo.com,+919870000097,,legitimate
pay_900223,cust_00094,order_700223,149999,1787534910,captured,upi,customer_94@razorpay-demo.com,+919870000094,cust94@okaxis,legitimate
pay_901097,cust_00055,order_700899,99999,1787572649,captured,netbanking,customer_55@razorpay-demo.com,+919870000055,,Double-Click Issue
pay_902510,cust_00173,order_701760,7499,1787591144,captured,wallet,customer_173@razorpay-demo.com,+919870000173,,Multiple Browser Tabs Checkout
pay_900009,cust_00187,order_700009,34999,1787725634,captured,card,customer_187@razorpay-demo.com,+919870000187,,legitimate
pay_902354,cust_00075,order_701604,12499,1787519261,captured,card,customer_75@razorpay-demo.com,+919870000075,,Multiple Browser Tabs Checkout
pay_900317,cust_00178,order_700317,199999,1787671216,captured,upi,customer_178@razorpay-demo.com,+919870000178,cust178@okaxis,legitimate
pay_900428,cust_00038,order_700428,14999,1787577569,captured,card,customer_38@razorpay-demo.com,+919870000038,,legitimate
pay_901231,cust_00104,order_700966,74999,1787667247,captured,card,customer_104@razorpay-demo.com,+919870000104,,Network Timeout Retry
pay_900106,cust_00144,order_700106,74999,1787720649,failed,netbanking,customer_144@razorpay-demo.com,+919870000144,,legitimate
pay_902148,cust_00056,order_701424,74999,1787625822,captured,upi,customer_56@razorpay-demo.com,+919870000056,cust56@okaxis,Failed UPI Retry
pay_901974,cust_00062,order_701337,74999,1787557601,captured,upi,customer_62@razorpay-demo.com,+919870000062,cust62@okaxis,Failed UPI Retry
pay_900122,cust_00119,order_700122,9999,1787571635,captured,card,customer_119@razorpay-demo.com,+919870000119,,legitimate
pay_902290,cust_00120,order_701540,34999,1787545039,captured,wallet,customer_120@razorpay-demo.com,+919870000120,,Multiple Browser Tabs Checkout
pay_902771,cust_00069,order_702021,74999,1787531031,failed,wallet,customer_69@razorpay-demo.com,+919870000069,,Gateway Retry with Different IDs
pay_901755,cust_00029,order_701228,9999,1787650006,captured,upi,customer_29@razorpay-demo.com,+919870000029,cust29@okaxis,Failed UPI Retry
pay_902678,cust_00013,order_701928,24999,1787619198,captured,wallet,customer_13@razorpay-demo.com,+919870000013,,Multiple Browser Tabs Checkout
pay_901262,cust_00190,order_700981,299999,1787588988,captured,card,customer_190@razorpay-demo.com,+919870000190,,Network Timeout Retry
pay_900116,cust_00100,order_700116,249999,1787631697,captured,wallet,customer_100@razorpay-demo.com,+919870000100,,legitimate
pay_901453,cust_00106,order_701077,299999,1787583654,captured,wallet,customer_106@razorpay-demo.com,+919870000106,,Network Timeout Retry
pay_901764,cust_00024,order_701232,14999,1787571554,captured,upi,customer_24@razorpay-demo.com,+919870000024,cust24@okaxis,Failed UPI Retry
pay_902067,cust_00137,order_701384,199999,1787517304,captured,upi,customer_137@razorpay-demo.com,+919870000137,cust137@okaxis,Failed UPI Retry
pay_902706,cust_00159,order_701956,24999,1787684409,captured,netbanking,customer_159@razorpay-demo.com,+919870000159,,Gateway Retry with Different IDs
pay_902853,cust_00156,order_702103,34999,1787652555,failed,card,customer_156@razorpay-demo.com,+919870000156,,Gateway Retry with Different IDs
pay_902846,cust_00186,order_702096,149999,1787681348,captured,wallet,customer_186@razorpay-demo.com,+919870000186,,Gateway Retry with Different IDs
pay_901658,cust_00073,order_701179,12499,1787524649,captured,netbanking,customer_73@razorpay-demo.com,+919870000073,,Network Timeout Retry
pay_900673,cust_00079,order_700673,34999,1787699577,captured,netbanking,customer_79@razorpay-demo.com,+919870000079,,legitimate
pay_901323,cust_00148,order_701012,14999,1787682375,captured,wallet,customer_148@razorpay-demo.com,+919870000148,,Network Timeout Retry
pay_901508,cust_00024,order_701104,99999,1787676331,captured,netbanking,customer_24@razorpay-demo.com,+919870000024,,Network Timeout Retry
pay_900592,cust_00031,order_700592,199999,1787560775,captured,upi,customer_31@razorpay-demo.com,+919870000031,cust31@okaxis,legitimate
pay_902899,cust_00162,order_702149,149999,1787587897,failed,netbanking,customer_162@razorpay-demo.com,+919870000162,,Gateway Retry with Different IDs
pay_900889,cust_00088,order_700795,24999,1787540190,captured,wallet,customer_88@razorpay-demo.com,+919870000088,,Double-Click Issue
pay_901619,cust_00101,order_701160,9999,1787573531,captured,upi,customer_101@razorpay-demo.com,+919870000101,cust101@okaxis,Network Timeout Retry
pay_901261,cust_00190,order_700981,299999,1787588965,captured,card,customer_190@razorpay-demo.com,+919870000190,,Network Timeout Retry
pay_901712,cust_00007,order_701206,19999,1787529265,captured,upi,customer_7@razorpay-demo.com,+919870000007,cust7@okaxis,Failed UPI Retry
pay_900214,cust_00065,order_700214,34999,1787558472,captured,netbanking,customer_65@razorpay-demo.com,+919870000065,,legitimate
pay_902491,cust_00113,order_701741,99999,1787546691,captured,card,customer_113@razorpay-demo.com,+919870000113,,Multiple Browser Tabs Checkout
pay_901540,cust_00029,order_701120,7499,1787523051,captured,card,customer_29@razorpay-demo.com,+919870000029,,Network Timeout Retry
pay_900801,cust_00156,order_700751,34999,1787545197,captured,card,customer_156@razorpay-demo.com,+919870000156,,Double-Click Issue
pay_902396,cust_00174,order_701646,99999,1787684083,captured,card,customer_174@razorpay-demo.com,+919870000174,,Multiple Browser Tabs Checkout
pay_901408,cust_00021,order_701054,9999,1787554902,captured,netbanking,customer_21@razorpay-demo.com,+919870000021,,Network Timeout Retry
pay_902229,cust_00117,order_701479,74999,1787659790,captured,upi,customer_117@razorpay-demo.com,+919870000117,cust117@okaxis,Multiple Browser Tabs Checkout
pay_902572,cust_00126,order_701822,7499,1787573511,captured,upi,customer_126@razorpay-demo.com,+919870000126,cust126@okaxis,Multiple Browser Tabs Checkout
pay_902621,cust_00128,order_701871,299999,1787556581,captured,card,customer_128@razorpay-demo.com,+919870000128,,Multiple Browser Tabs Checkout
pay_900274,cust_00146,order_700274,74999,1787706243,captured,card,customer_146@razorpay-demo.com,+919870000146,,legitimate
pay_900072,cust_00190,order_700072,34999,1787636597,captured,wallet,customer_190@razorpay-demo.com,+919870000190,,legitimate
pay_901652,cust_00193,order_701176,14999,1787623122,captured,wallet,customer_193@razorpay-demo.com,+919870000193,,Network Timeout Retry
pay_901088,cust_00011,order_700894,9999,1787618585,captured,netbanking,customer_11@razorpay-demo.com,+919870000011,,Double-Click Issue
pay_900395,cust_00108,order_700395,12499,1787691152,failed,upi,customer_108@razorpay-demo.com,+919870000108,cust108@okaxis,legitimate
pay_900584,cust_00182,order_700584,249999,1787621000,captured,wallet,customer_182@razorpay-demo.com,+919870000182,,legitimate
pay_901821,cust_00032,order_701261,149999,1787663947,captured,upi,customer_32@razorpay-demo.com,+919870000032,cust32@okaxis,Failed UPI Retry
pay_901830,cust_00124,order_701265,149999,1787634560,captured,upi,customer_124@razorpay-demo.com,+919870000124,cust124@okaxis,Failed UPI Retry
pay_900501,cust_00176,order_700501,19999,1787680327,captured,netbanking,customer_176@razorpay-demo.com,+919870000176,,legitimate
pay_901861,cust_00085,order_701281,249999,1787573836,captured,upi,customer_85@razorpay-demo.com,+919870000085,cust85@okaxis,Failed UPI Retry
pay_902182,cust_00005,order_701441,299999,1787601557,captured,upi,customer_5@razorpay-demo.com,+919870000005,cust5@okaxis,Failed UPI Retry
pay_902881,cust_00113,order_702131,24999,1787557831,failed,card,customer_113@razorpay-demo.com,+919870000113,,Gateway Retry with Different IDs
pay_902650,cust_00113,order_701900,99999,1787667431,captured,netbanking,customer_113@razorpay-demo.com,+919870000113,,Multiple Browser Tabs Checkout
pay_902625,cust_00192,order_701875,149999,1787677095,captured,upi,customer_192@razorpay-demo.com,+919870000192,cust192@okaxis,Multiple Browser Tabs Checkout
pay_901609,cust_00192,order_701155,99999,1787624977,captured,card,customer_192@razorpay-demo.com,+919870000192,,Network Timeout Retry
pay_900206,cust_00112,order_700206,7499,1787611275,captured,card,customer_112@razorpay-demo.com,+919870000112,,legitimate
pay_900734,cust_00185,order_700717,4999,1787582134,captured,card,customer_185@razorpay-demo.com,+919870000185,,Double-Click Issue
pay_901869,cust_00119,order_701285,199999,1787656129,captured,upi,customer_119@razorpay-demo.com,+919870000119,cust119@okaxis,Failed UPI Retry
pay_900527,cust_00020,order_700527,19999,1787724728,captured,wallet,customer_20@razorpay-demo.com,+919870000020,,legitimate
pay_901269,cust_00134,order_700985,4999,1787628546,captured,wallet,customer_134@razorpay-demo.com,+919870000134,,Network Timeout Retry
pay_900899,cust_00163,order_700800,24999,1787589576,captured,wallet,customer_163@razorpay-demo.com,+919870000163,,Double-Click Issue
pay_900378,cust_00142,order_700378,99999,1787681282,captured,upi,customer_142@razorpay-demo.com,+919870000142,cust142@okaxis,legitimate
pay_901595,cust_00150,order_701148,12499,1787559720,captured,upi,customer_150@razorpay-demo.com,+919870000150,cust150@okaxis,Network Timeout Retry
pay_902592,cust_00148,order_701842,34999,1787629647,captured,upi,customer_148@razorpay-demo.com,+919870000148,cust148@okaxis,Multiple Browser Tabs Checkout
pay_902043,cust_00109,order_701372,49999,1787657149,captured,upi,customer_109@razorpay-demo.com,+919870000109,cust109@okaxis,Failed UPI Retry
pay_900387,cust_00164,order_700387,4999,1787707464,captured,wallet,customer_164@razorpay-demo.com,+919870000164,,legitimate
pay_900199,cust_00129,order_700199,74999,1787703296,captured,netbanking,customer_129@razorpay-demo.com,+919870000129,,legitimate
pay_901051,cust_00123,order_700876,74999,1787631950,captured,wallet,customer_123@razorpay-demo.com,+919870000123,,Double-Click Issue
pay_900591,cust_00116,order_700591,14999,1787701676,captured,netbanking,customer_116@razorpay-demo.com,+919870000116,,legitimate
pay_900520,cust_00178,order_700520,299999,1787573997,failed,wallet,customer_178@razorpay-demo.com,+919870000178,,legitimate
pay_902341,cust_00116,order_701591,74999,1787653664,captured,netbanking,customer_116@razorpay-demo.com,+919870000116,,Multiple Browser Tabs Checkout
pay_900430,cust_00055,order_700430,12499,1787716974,captured,netbanking,customer_55@razorpay-demo.com,+919870000055,,legitimate
pay_901084,cust_00072,order_700892,49999,1787537919,captured,netbanking,customer_72@razorpay-demo.com,+919870000072,,Double-Click Issue
pay_900208,cust_00096,order_700208,24999,1787568188,captured,upi,customer_96@razorpay-demo.com,+919870000096,cust96@okaxis,legitimate
pay_900492,cust_00190,order_700492,7499,1787712960,captured,wallet,customer_190@razorpay-demo.com,+919870000190,,legitimate
pay_902817,cust_00138,order_702067,12499,1787567439,failed,card,customer_138@razorpay-demo.com,+919870000138,,Gateway Retry with Different IDs
pay_900793,cust_00151,order_700747,49999,1787534884,captured,wallet,customer_151@razorpay-demo.com,+919870000151,,Double-Click Issue
pay_901865,cust_00166,order_701283,9999,1787598643,captured,upi,customer_166@razorpay-demo.com,+919870000166,cust166@okaxis,Failed UPI Retry
pay_901187,cust_00198,order_700944,74999,1787538576,captured,netbanking,customer_198@razorpay-demo.com,+919870000198,,Double-Click Issue
pay_901186,cust_00121,order_700943,99999,1787578655,captured,upi,customer_121@razorpay-demo.com,+919870000121,cust121@okaxis,Double-Click Issue
pay_901625,cust_00196,order_701163,9999,1787612087,captured,wallet,customer_196@razorpay-demo.com,+919870000196,,Network Timeout Retry
pay_901237,cust_00057,order_700969,249999,1787619266,captured,wallet,customer_57@razorpay-demo.com,+919870000057,,Network Timeout Retry
pay_900084,cust_00018,order_700084,199999,1787591288,captured,netbanking,customer_18@razorpay-demo.com,+919870000018,,legitimate
pay_902288,cust_00009,order_701538,149999,1787563937,captured,card,customer_9@razorpay-demo.com,+919870000009,,Multiple Browser Tabs Checkout
pay_902443,cust_00136,order_701693,99999,1787604237,captured,card,customer_136@razorpay-demo.com,+919870000136,,Multiple Browser Tabs Checkout
pay_900021,cust_00144,order_700021,49999,1787676796,captured,netbanking,customer_144@razorpay-demo.com,+919870000144,,legitimate
pay_901272,cust_00081,order_700986,24999,1787533886,captured,netbanking,customer_81@razorpay-demo.com,+919870000081,,Network Timeout Retry
pay_902632,cust_00126,order_701882,49999,1787636343,captured,netbanking,customer_126@razorpay-demo.com,+919870000126,,Multiple Browser Tabs Checkout
pay_901792,cust_00061,order_701246,12499,1787617286,captured,upi,customer_61@razorpay-demo.com,+919870000061,cust61@okaxis,Failed UPI Retry
pay_902603,cust_00176,order_701853,74999,1787585574,captured,upi,customer_176@razorpay-demo.com,+919870000176,cust176@okaxis,Multiple Browser Tabs Checkout
pay_901791,cust_00061,order_701246,12499,1787617196,captured,upi,customer_61@razorpay-demo.com,+919870000061,cust61@okaxis,Failed UPI Retry
pay_900974,cust_00146,order_700837,99999,1787546765,captured,wallet,customer_146@razorpay-demo.com,+919870000146,,Double-Click Issue
pay_902698,cust_00178,order_701948,24999,1787638723,captured,upi,customer_178@razorpay-demo.com,+919870000178,cust178@okaxis,Multiple Browser Tabs Checkout
pay_900884,cust_00150,order_700792,74999,1787597041,captured,card,customer_150@razorpay-demo.com,+919870000150,,Double-Click Issue
pay_901099,cust_00056,order_700900,199999,1787687659,captured,wallet,customer_56@razorpay-demo.com,+919870000056,,Double-Click Issue
pay_902285,cust_00162,order_701535,19999,1787550383,captured,netbanking,customer_162@razorpay-demo.com,+919870000162,,Multiple Browser Tabs Checkout
pay_902195,cust_00200,order_701448,34999,1787536385,captured,upi,customer_200@razorpay-demo.com,+919870000200,cust200@okaxis,Failed UPI Retry
pay_900887,cust_00014,order_700794,249999,1787539178,captured,upi,customer_14@razorpay-demo.com,+919870000014,cust14@okaxis,Double-Click Issue
pay_901559,cust_00133,order_701130,7499,1787640751,captured,card,customer_133@razorpay-demo.com,+919870000133,,Network Timeout Retry
pay_902652,cust_00009,order_701902,14999,1787657709,captured,card,customer_9@razorpay-demo.com,+919870000009,,Multiple Browser Tabs Checkout
pay_901790,cust_00140,order_701245,199999,1787516528,captured,upi,customer_140@razorpay-demo.com,+919870000140,cust140@okaxis,Failed UPI Retry
pay_902449,cust_00025,order_701699,49999,1787657710,captured,netbanking,customer_25@razorpay-demo.com,+919870000025,,Multiple Browser Tabs Checkout
pay_901362,cust_00199,order_701031,9999,1787684218,captured,wallet,customer_199@razorpay-demo.com,+919870000199,,Network Timeout Retry
pay_902872,cust_00157,order_702122,74999,1787657773,captured,card,customer_157@razorpay-demo.com,+919870000157,,Gateway Retry with Different IDs
pay_900459,cust_00114,order_700459,7499,1787670295,captured,upi,customer_114@razorpay-demo.com,+919870000114,cust114@okaxis,legitimate
pay_901748,cust_00078,order_701224,199999,1787658543,captured,upi,customer_78@razorpay-demo.com,+919870000078,cust78@okaxis,Failed UPI Retry
pay_900079,cust_00189,order_700079,299999,1787684436,captured,netbanking,customer_189@razorpay-demo.com,+919870000189,,legitimate
pay_902819,cust_00038,order_702069,34999,1787519211,failed,wallet,customer_38@razorpay-demo.com,+919870000038,,Gateway Retry with Different IDs
pay_901057,cust_00015,order_700879,12499,1787645073,captured,netbanking,customer_15@razorpay-demo.com,+919870000015,,Double-Click Issue
pay_900907,cust_00058,order_700804,149999,1787569370,captured,netbanking,customer_58@razorpay-demo.com,+919870000058,,Double-Click Issue
pay_901449,cust_00077,order_701075,4999,1787653329,captured,wallet,customer_77@razorpay-demo.com,+919870000077,,Network Timeout Retry
pay_902134,cust_00151,order_701417,199999,1787549197,captured,upi,customer_151@razorpay-demo.com,+919870000151,cust151@okaxis,Failed UPI Retry
pay_902606,cust_00039,order_701856,12499,1787557892,captured,card,customer_39@razorpay-demo.com,+919870000039,,Multiple Browser Tabs Checkout
pay_900381,cust_00089,order_700381,49999,1787698163,captured,netbanking,customer_89@razorpay-demo.com,+919870000089,,legitimate
pay_901922,cust_00172,order_701311,7499,1787562606,captured,upi,customer_172@razorpay-demo.com,+919870000172,cust172@okaxis,Failed UPI Retry
pay_902860,cust_00045,order_702110,249999,1787654890,captured,card,customer_45@razorpay-demo.com,+919870000045,,Gateway Retry with Different IDs
pay_900716,cust_00178,order_700708,299999,1787554019,captured,netbanking,customer_178@razorpay-demo.com,+919870000178,,Double-Click Issue
pay_902578,cust_00074,order_701828,14999,1787566835,captured,card,customer_74@razorpay-demo.com,+919870000074,,Multiple Browser Tabs Checkout
pay_900687,cust_00141,order_700687,34999,1787534389,captured,card,customer_141@razorpay-demo.com,+919870000141,,legitimate
pay_902477,cust_00032,order_701727,299999,1787616979,captured,upi,customer_32@razorpay-demo.com,+919870000032,cust32@okaxis,Multiple Browser Tabs Checkout
pay_900306,cust_00174,order_700306,24999,1787569872,captured,netbanking,customer_174@razorpay-demo.com,+919870000174,,legitimate
pay_900210,cust_00098,order_700210,74999,1787622937,captured,upi,customer_98@razorpay-demo.com,+919870000098,cust98@okaxis,legitimate
pay_901374,cust_00180,order_701037,199999,1787578553,captured,netbanking,customer_180@razorpay-demo.com,+919870000180,,Network Timeout Retry
pay_902141,cust_00176,order_701421,34999,1787576183,captured,upi,customer_176@razorpay-demo.com,+919870000176,cust176@okaxis,Failed UPI Retry
pay_902877,cust_00130,order_702127,34999,1787542103,failed,card,customer_130@razorpay-demo.com,+919870000130,,Gateway Retry with Different IDs
pay_901607,cust_00107,order_701154,299999,1787665740,captured,card,customer_107@razorpay-demo.com,+919870000107,,Network Timeout Retry
pay_900886,cust_00129,order_700793,7499,1787606999,captured,wallet,customer_129@razorpay-demo.com,+919870000129,,Double-Click Issue
pay_901510,cust_00161,order_701105,4999,1787576893,captured,card,customer_161@razorpay-demo.com,+919870000161,,Network Timeout Retry
pay_902012,cust_00104,order_701356,249999,1787537549,captured,upi,customer_104@razorpay-demo.com,+919870000104,cust104@okaxis,Failed UPI Retry
pay_901538,cust_00157,order_701119,14999,1787586280,captured,netbanking,customer_157@razorpay-demo.com,+919870000157,,Network Timeout Retry
pay_901533,cust_00083,order_701117,149999,1787629193,captured,card,customer_83@razorpay-demo.com,+919870000083,,Network Timeout Retry
pay_900192,cust_00107,order_700192,19999,1787692680,captured,netbanking,customer_107@razorpay-demo.com,+919870000107,,legitimate
pay_901614,cust_00139,order_701157,74999,1787571954,captured,upi,customer_139@razorpay-demo.com,+919870000139,cust139@okaxis,Network Timeout Retry
pay_901266,cust_00073,order_700983,74999,1787560005,captured,wallet,customer_73@razorpay-demo.com,+919870000073,,Network Timeout Retry
pay_900484,cust_00048,order_700484,199999,1787567490,captured,wallet,customer_48@razorpay-demo.com,+919870000048,,legitimate
pay_900916,cust_00088,order_700808,299999,1787577520,captured,wallet,customer_88@razorpay-demo.com,+919870000088,,Double-Click Issue
pay_902511,cust_00031,order_701761,9999,1787584669,captured,wallet,customer_31@razorpay-demo.com,+919870000031,,Multiple Browser Tabs Checkout
pay_900278,cust_00174,order_700278,99999,1787629259,captured,wallet,customer_174@razorpay-demo.com,+919870000174,,legitimate
pay_900989,cust_00130,order_700845,249999,1787662644,captured,wallet,customer_130@razorpay-demo.com,+919870000130,,Double-Click Issue
pay_901345,cust_00068,order_701023,12499,1787550479,captured,upi,customer_68@razorpay-demo.com,+919870000068,cust68@okaxis,Network Timeout Retry
pay_901855,cust_00083,order_701278,199999,1787516500,captured,upi,customer_83@razorpay-demo.com,+919870000083,cust83@okaxis,Failed UPI Retry
pay_902591,cust_00148,order_701841,34999,1787629628,captured,upi,customer_148@razorpay-demo.com,+919870000148,cust148@okaxis,Multiple Browser Tabs Checkout
pay_900572,cust_00138,order_700572,9999,1787585854,captured,netbanking,customer_138@razorpay-demo.com,+919870000138,,legitimate
pay_900994,cust_00072,order_700847,4999,1787610568,captured,upi,customer_72@razorpay-demo.com,+919870000072,cust72@okaxis,Double-Click Issue
pay_901296,cust_00095,order_700998,7499,1787640678,captured,card,customer_95@razorpay-demo.com,+919870000095,,Network Timeout Retry
pay_901293,cust_00154,order_700997,24999,1787526514,captured,card,customer_154@razorpay-demo.com,+919870000154,,Network Timeout Retry
pay_900586,cust_00138,order_700586,14999,1787684081,captured,upi,customer_138@razorpay-demo.com,+919870000138,cust138@okaxis,legitimate
pay_901457,cust_00068,order_701079,7499,1787623497,captured,wallet,customer_68@razorpay-demo.com,+919870000068,,Network Timeout Retry
pay_902894,cust_00003,order_702144,149999,1787530121,captured,card,customer_3@razorpay-demo.com,+919870000003,,Gateway Retry with Different IDs
pay_901873,cust_00081,order_701287,49999,1787608042,captured,upi,customer_81@razorpay-demo.com,+919870000081,cust81@okaxis,Failed UPI Retry
pay_900675,cust_00038,order_700675,7499,1787724615,captured,upi,customer_38@razorpay-demo.com,+919870000038,cust38@okaxis,legitimate
pay_901563,cust_00146,order_701132,99999,1787611936,captured,upi,customer_146@razorpay-demo.com,+919870000146,cust146@okaxis,Network Timeout Retry
pay_900856,cust_00017,order_700778,19999,1787626138,captured,netbanking,customer_17@razorpay-demo.com,+919870000017,,Double-Click Issue
pay_900448,cust_00064,order_700448,4999,1787598293,captured,netbanking,customer_64@razorpay-demo.com,+919870000064,,legitimate
pay_901514,cust_00082,order_701107,49999,1787654665,captured,netbanking,customer_82@razorpay-demo.com,+919870000082,,Network Timeout Retry
pay_901539,cust_00029,order_701120,7499,1787523006,captured,card,customer_29@razorpay-demo.com,+919870000029,,Network Timeout Retry
pay_902627,cust_00037,order_701877,7499,1787552439,captured,upi,customer_37@razorpay-demo.com,+919870000037,cust37@okaxis,Multiple Browser Tabs Checkout
pay_902178,cust_00184,order_701439,14999,1787533328,captured,upi,customer_184@razorpay-demo.com,+919870000184,cust184@okaxis,Failed UPI Retry
pay_902585,cust_00130,order_701835,199999,1787590248,captured,netbanking,customer_130@razorpay-demo.com,+919870000130,,Multiple Browser Tabs Checkout
pay_902304,cust_00011,order_701554,34999,1787589018,captured,card,customer_11@razorpay-demo.com,+919870000011,,Multiple Browser Tabs Checkout
pay_901585,cust_00005,order_701143,49999,1787687102,captured,upi,customer_5@razorpay-demo.com,+919870000005,cust5@okaxis,Network Timeout Retry
pay_902581,cust_00152,order_701831,19999,1787527065,captured,netbanking,customer_152@razorpay-demo.com,+919870000152,,Multiple Browser Tabs Checkout
pay_901248,cust_00130,order_700974,99999,1787658297,captured,wallet,customer_130@razorpay-demo.com,+919870000130,,Network Timeout Retry
pay_900295,cust_00039,order_700295,34999,1787616728,captured,card,customer_39@razorpay-demo.com,+919870000039,,legitimate
pay_900589,cust_00195,order_700589,149999,1787633453,failed,wallet,customer_195@razorpay-demo.com,+919870000195,,legitimate
pay_901282,cust_00124,order_700991,14999,1787615298,captured,netbanking,customer_124@razorpay-demo.com,+919870000124,,Network Timeout Retry
pay_902249,cust_00178,order_701499,9999,1787540166,captured,upi,customer_178@razorpay-demo.com,+919870000178,cust178@okaxis,Multiple Browser Tabs Checkout
pay_901685,cust_00174,order_701193,74999,1787587556,captured,upi,customer_174@razorpay-demo.com,+919870000174,cust174@okaxis,Network Timeout Retry
pay_901318,cust_00148,order_701009,4999,1787545718,captured,netbanking,customer_148@razorpay-demo.com,+919870000148,,Network Timeout Retry
pay_902172,cust_00157,order_701436,24999,1787546368,captured,upi,customer_157@razorpay-demo.com,+919870000157,cust157@okaxis,Failed UPI Retry
pay_900426,cust_00185,order_700426,14999,1787541766,captured,netbanking,customer_185@razorpay-demo.com,+919870000185,,legitimate
pay_900535,cust_00132,order_700535,24999,1787521113,captured,card,customer_132@razorpay-demo.com,+919870000132,,legitimate
pay_901055,cust_00028,order_700878,4999,1787540553,captured,wallet,customer_28@razorpay-demo.com,+919870000028,,Double-Click Issue
pay_902752,cust_00168,order_702002,74999,1787571642,captured,wallet,customer_168@razorpay-demo.com,+919870000168,,Gateway Retry with Different IDs
pay_902420,cust_00075,order_701670,49999,1787522753,captured,wallet,customer_75@razorpay-demo.com,+919870000075,,Multiple Browser Tabs Checkout
pay_901317,cust_00148,order_701009,4999,1787545687,captured,netbanking,customer_148@razorpay-demo.com,+919870000148,,Network Timeout Retry
pay_900133,cust_00161,order_700133,12499,1787666035,captured,card,customer_161@razorpay-demo.com,+919870000161,,legitimate
pay_902636,cust_00072,order_701886,299999,1787578183,captured,upi,customer_72@razorpay-demo.com,+919870000072,cust72@okaxis,Multiple Browser Tabs Checkout
pay_902888,cust_00063,order_702138,9999,1787651490,captured,wallet,customer_63@razorpay-demo.com,+919870000063,,Gateway Retry with Different IDs
pay_901978,cust_00178,order_701339,74999,1787590028,captured,upi,customer_178@razorpay-demo.com,+919870000178,cust178@okaxis,Failed UPI Retry
pay_902568,cust_00069,order_701818,4999,1787617060,captured,wallet,customer_69@razorpay-demo.com,+919870000069,,Multiple Browser Tabs Checkout
pay_901874,cust_00081,order_701287,49999,1787608098,captured,upi,customer_81@razorpay-demo.com,+919870000081,cust81@okaxis,Failed UPI Retry
pay_902107,cust_00068,order_701404,199999,1787657056,captured,upi,customer_68@razorpay-demo.com,+919870000068,cust68@okaxis,Failed UPI Retry
pay_900557,cust_00166,order_700557,99999,1787724272,captured,wallet,customer_166@razorpay-demo.com,+919870000166,,legitimate
pay_902121,cust_00175,order_701411,4999,1787532265,captured,upi,customer_175@razorpay-demo.com,+919870000175,cust175@okaxis,Failed UPI Retry
pay_901375,cust_00072,order_701038,34999,1787614180,captured,upi,customer_72@razorpay-demo.com,+919870000072,cust72@okaxis,Network Timeout Retry
pay_902589,cust_00172,order_701839,199999,1787667660,captured,upi,customer_172@razorpay-demo.com,+919870000172,cust172@okaxis,Multiple Browser Tabs Checkout
pay_900571,cust_00053,order_700571,14999,1787640148,captured,card,customer_53@razorpay-demo.com,+919870000053,,legitimate
pay_900353,cust_00069,order_700353,199999,1787672490,captured,card,customer_69@razorpay-demo.com,+919870000069,,legitimate
pay_900092,cust_00084,order_700092,24999,1787635194,captured,netbanking,customer_84@razorpay-demo.com,+919870000084,,legitimate
pay_902045,cust_00091,order_701373,12499,1787547546,captured,upi,customer_91@razorpay-demo.com,+919870000091,cust91@okaxis,Failed UPI Retry
pay_902448,cust_00176,order_701698,199999,1787562365,captured,netbanking,customer_176@razorpay-demo.com,+919870000176,,Multiple Browser Tabs Checkout
pay_901171,cust_00035,order_700936,99999,1787667140,captured,netbanking,customer_35@razorpay-demo.com,+919870000035,,Double-Click Issue
pay_901378,cust_00176,order_701039,12499,1787640038,captured,card,customer_176@razorpay-demo.com,+919870000176,,Network Timeout Retry
pay_901286,cust_00031,order_700993,149999,1787592649,captured,upi,customer_31@razorpay-demo.com,+919870000031,cust31@okaxis,Network Timeout Retry
pay_902016,cust_00001,order_701358,149999,1787612289,captured,upi,customer_1@razorpay-demo.com,+919870000001,cust1@okaxis,Failed UPI Retry
pay_901358,cust_00033,order_701029,4999,1787598127,captured,wallet,customer_33@razorpay-demo.com,+919870000033,,Network Timeout Retry
pay_901338,cust_00103,order_701019,99999,1787528623,captured,netbanking,customer_103@razorpay-demo.com,+919870000103,,Network Timeout Retry
pay_900698,cust_00146,order_700698,74999,1787637072,captured,upi,customer_146@razorpay-demo.com,+919870000146,cust146@okaxis,legitimate
pay_902422,cust_00150,order_701672,14999,1787612104,captured,wallet,customer_150@razorpay-demo.com,+919870000150,,Multiple Browser Tabs Checkout
pay_900349,cust_00049,order_700349,14999,1787701663,captured,netbanking,customer_49@razorpay-demo.com,+919870000049,,legitimate
pay_902358,cust_00168,order_701608,99999,1787599466,captured,netbanking,customer_168@razorpay-demo.com,+919870000168,,Multiple Browser Tabs Checkout
pay_902403,cust_00090,order_701653,14999,1787666520,captured,wallet,customer_90@razorpay-demo.com,+919870000090,,Multiple Browser Tabs Checkout
pay_902349,cust_00134,order_701599,99999,1787566101,captured,card,customer_134@razorpay-demo.com,+919870000134,,Multiple Browser Tabs Checkout
pay_902092,cust_00169,order_701396,34999,1787579389,captured,upi,customer_169@razorpay-demo.com,+919870000169,cust169@okaxis,Failed UPI Retry
pay_901138,cust_00008,order_700919,34999,1787607625,captured,upi,customer_8@razorpay-demo.com,+919870000008,cust8@okaxis,Double-Click Issue
pay_902440,cust_00092,order_701690,9999,1787562576,captured,card,customer_92@razorpay-demo.com,+919870000092,,Multiple Browser Tabs Checkout
pay_901411,cust_00070,order_701056,299999,1787650393,captured,wallet,customer_70@razorpay-demo.com,+919870000070,,Network Timeout Retry
pay_902745,cust_00028,order_701995,249999,1787542013,failed,netbanking,customer_28@razorpay-demo.com,+919870000028,,Gateway Retry with Different IDs
pay_902729,cust_00011,order_701979,34999,1787686309,failed,netbanking,customer_11@razorpay-demo.com,+919870000011,,Gateway Retry with Different IDs
pay_901340,cust_00046,order_701020,34999,1787576575,captured,netbanking,customer_46@razorpay-demo.com,+919870000046,,Network Timeout Retry
pay_902406,cust_00056,order_701656,149999,1787643595,captured,wallet,customer_56@razorpay-demo.com,+919870000056,,Multiple Browser Tabs Checkout
pay_900454,cust_00040,order_700454,34999,1787605264,captured,netbanking,customer_40@razorpay-demo.com,+919870000040,,legitimate
pay_900914,cust_00135,order_700807,19999,1787668884,captured,wallet,customer_135@razorpay-demo.com,+919870000135,,Double-Click Issue
pay_901200,cust_00017,order_700950,14999,1787555882,captured,netbanking,customer_17@razorpay-demo.com,+919870000017,,Double-Click Issue
pay_901275,cust_00109,order_700988,74999,1787621174,captured,netbanking,customer_109@razorpay-demo.com,+919870000109,,Network Timeout Retry
pay_902447,cust_00176,order_701697,199999,1787562349,captured,netbanking,customer_176@razorpay-demo.com,+919870000176,,Multiple Browser Tabs Checkout
pay_900038,cust_00172,order_700038,99999,1787610070,captured,netbanking,customer_172@razorpay-demo.com,+919870000172,,legitimate
pay_900975,cust_00200,order_700838,19999,1787664494,captured,card,customer_200@razorpay-demo.com,+919870000200,,Double-Click Issue
pay_902680,cust_00023,order_701930,19999,1787679133,captured,upi,customer_23@razorpay-demo.com,+919870000023,cust23@okaxis,Multiple Browser Tabs Checkout
pay_900984,cust_00087,order_700842,49999,1787590240,captured,card,customer_87@razorpay-demo.com,+919870000087,,Double-Click Issue
pay_901742,cust_00138,order_701221,24999,1787685482,captured,upi,customer_138@razorpay-demo.com,+919870000138,cust138@okaxis,Failed UPI Retry
pay_901813,cust_00192,order_701257,74999,1787577681,captured,upi,customer_192@razorpay-demo.com,+919870000192,cust192@okaxis,Failed UPI Retry
pay_901917,cust_00054,order_701309,19999,1787550097,captured,upi,customer_54@razorpay-demo.com,+919870000054,cust54@okaxis,Failed UPI Retry
pay_900040,cust_00142,order_700040,12499,1787516994,captured,upi,customer_142@razorpay-demo.com,+919870000142,cust142@okaxis,legitimate
pay_901691,cust_00149,order_701196,49999,1787664496,captured,upi,customer_149@razorpay-demo.com,+919870000149,cust149@okaxis,Network Timeout Retry
pay_900170,cust_00043,order_700170,199999,1787643970,captured,netbanking,customer_43@razorpay-demo.com,+919870000043,,legitimate
pay_901356,cust_00131,order_701028,14999,1787553851,captured,wallet,customer_131@razorpay-demo.com,+919870000131,,Network Timeout Retry
pay_900738,cust_00090,order_700719,49999,1787532970,captured,wallet,customer_90@razorpay-demo.com,+919870000090,,Double-Click Issue
pay_901437,cust_00162,order_701069,149999,1787605895,captured,wallet,customer_162@razorpay-demo.com,+919870000162,,Network Timeout Retry
pay_902609,cust_00052,order_701859,9999,1787539016,captured,netbanking,customer_52@razorpay-demo.com,+919870000052,,Multiple Browser Tabs Checkout
pay_901753,cust_00166,order_701227,34999,1787531069,captured,upi,customer_166@razorpay-demo.com,+919870000166,cust166@okaxis,Failed UPI Retry
pay_900635,cust_00102,order_700635,49999,1787651212,captured,netbanking,customer_102@razorpay-demo.com,+919870000102,,legitimate
pay_902628,cust_00037,order_701878,7499,1787552452,captured,upi,customer_37@razorpay-demo.com,+919870000037,cust37@okaxis,Multiple Browser Tabs Checkout
pay_902466,cust_00057,order_701716,9999,1787634349,captured,upi,customer_57@razorpay-demo.com,+919870000057,cust57@okaxis,Multiple Browser Tabs Checkout
pay_901291,cust_00163,order_700996,4999,1787657699,captured,card,customer_163@razorpay-demo.com,+919870000163,,Network Timeout Retry
pay_900580,cust_00166,order_700580,299999,1787635302,captured,upi,customer_166@razorpay-demo.com,+919870000166,cust166@okaxis,legitimate
pay_902737,cust_00145,order_701987,299999,1787616278,failed,upi,customer_145@razorpay-demo.com,+919870000145,cust145@okaxis,Gateway Retry with Different IDs
pay_901518,cust_00186,order_701109,9999,1787670760,captured,netbanking,customer_186@razorpay-demo.com,+919870000186,,Network Timeout Retry
pay_900893,cust_00046,order_700797,19999,1787516255,captured,card,customer_46@razorpay-demo.com,+919870000046,,Double-Click Issue
pay_901912,cust_00086,order_701306,34999,1787669135,captured,upi,customer_86@razorpay-demo.com,+919870000086,cust86@okaxis,Failed UPI Retry
pay_900781,cust_00045,order_700741,9999,1787655143,captured,upi,customer_45@razorpay-demo.com,+919870000045,cust45@okaxis,Double-Click Issue
pay_900160,cust_00078,order_700160,7499,1787541026,captured,upi,customer_78@razorpay-demo.com,+919870000078,cust78@okaxis,legitimate
pay_901432,cust_00092,order_701066,249999,1787664811,captured,netbanking,customer_92@razorpay-demo.com,+919870000092,,Network Timeout Retry
pay_902850,cust_00160,order_702100,12499,1787634808,captured,netbanking,customer_160@razorpay-demo.com,+919870000160,,Gateway Retry with Different IDs
pay_902243,cust_00035,order_701493,7499,1787649821,captured,wallet,customer_35@razorpay-demo.com,+919870000035,,Multiple Browser Tabs Checkout
pay_900062,cust_00026,order_700062,7499,1787624712,captured,upi,customer_26@razorpay-demo.com,+919870000026,cust26@okaxis,legitimate
pay_900850,cust_00174,order_700775,49999,1787616441,captured,wallet,customer_174@razorpay-demo.com,+919870000174,,Double-Click Issue
pay_902054,cust_00146,order_701377,34999,1787637289,captured,upi,customer_146@razorpay-demo.com,+919870000146,cust146@okaxis,Failed UPI Retry
pay_902797,cust_00117,order_702047,199999,1787623235,failed,wallet,customer_117@razorpay-demo.com,+919870000117,,Gateway Retry with Different IDs
pay_901044,cust_00081,order_700872,149999,1787550157,captured,upi,customer_81@razorpay-demo.com,+919870000081,cust81@okaxis,Double-Click Issue
pay_902412,cust_00037,order_701662,12499,1787597469,captured,netbanking,customer_37@razorpay-demo.com,+919870000037,,Multiple Browser Tabs Checkout
pay_901789,cust_00140,order_701245,199999,1787516435,captured,upi,customer_140@razorpay-demo.com,+919870000140,cust140@okaxis,Failed UPI Retry
pay_901499,cust_00084,order_701100,4999,1787652712,captured,upi,customer_84@razorpay-demo.com,+919870000084,cust84@okaxis,Network Timeout Retry
pay_901071,cust_00081,order_700886,49999,1787517681,captured,card,customer_81@razorpay-demo.com,+919870000081,,Double-Click Issue
pay_900054,cust_00015,order_700054,74999,1787677004,captured,card,customer_15@razorpay-demo.com,+919870000015,,legitimate
pay_900259,cust_00081,order_700259,24999,1787659104,captured,netbanking,customer_81@razorpay-demo.com,+919870000081,,legitimate
pay_900506,cust_00162,order_700506,12499,1787668189,captured,card,customer_162@razorpay-demo.com,+919870000162,,legitimate
pay_900753,cust_00185,order_700727,299999,1787629592,captured,netbanking,customer_185@razorpay-demo.com,+919870000185,,Double-Click Issue
pay_902347,cust_00029,order_701597,149999,1787601206,captured,upi,customer_29@razorpay-demo.com,+919870000029,cust29@okaxis,Multiple Browser Tabs Checkout
pay_901887,cust_00070,order_701294,24999,1787530440,captured,upi,customer_70@razorpay-demo.com,+919870000070,cust70@okaxis,Failed UPI Retry
pay_901843,cust_00001,order_701272,7499,1787519586,captured,upi,customer_1@razorpay-demo.com,+919870000001,cust1@okaxis,Failed UPI Retry
pay_901406,cust_00087,order_701053,24999,1787662148,captured,wallet,customer_87@razorpay-demo.com,+919870000087,,Network Timeout Retry
pay_902898,cust_00195,order_702148,4999,1787671408,captured,upi,customer_195@razorpay-demo.com,+919870000195,cust195@okaxis,Gateway Retry with Different IDs
pay_902193,cust_00139,order_701447,12499,1787516012,captured,upi,customer_139@razorpay-demo.com,+919870000139,cust139@okaxis,Failed UPI Retry
pay_901390,cust_00042,order_701045,4999,1787656099,captured,upi,customer_42@razorpay-demo.com,+919870000042,cust42@okaxis,Network Timeout Retry
pay_901267,cust_00182,order_700984,149999,1787615317,captured,card,customer_182@razorpay-demo.com,+919870000182,,Network Timeout Retry
pay_902382,cust_00122,order_701632,299999,1787682998,captured,netbanking,customer_122@razorpay-demo.com,+919870000122,,Multiple Browser Tabs Checkout
pay_902832,cust_00125,order_702082,49999,1787555527,captured,wallet,customer_125@razorpay-demo.com,+919870000125,,Gateway Retry with Different IDs
pay_900772,cust_00016,order_700736,9999,1787530253,captured,card,customer_16@razorpay-demo.com,+919870000016,,Double-Click Issue
pay_902711,cust_00034,order_701961,7499,1787638173,failed,netbanking,customer_34@razorpay-demo.com,+919870000034,,Gateway Retry with Different IDs
pay_901622,cust_00147,order_701161,149999,1787610185,captured,card,customer_147@razorpay-demo.com,+919870000147,,Network Timeout Retry
pay_902595,cust_00134,order_701845,12499,1787595359,captured,netbanking,customer_134@razorpay-demo.com,+919870000134,,Multiple Browser Tabs Checkout
pay_901086,cust_00066,order_700893,4999,1787596024,captured,netbanking,customer_66@razorpay-demo.com,+919870000066,,Double-Click Issue
pay_901588,cust_00002,order_701144,14999,1787552587,captured,upi,customer_2@razorpay-demo.com,+919870000002,cust2@okaxis,Network Timeout Retry
pay_901420,cust_00027,order_701060,7499,1787677349,captured,card,customer_27@razorpay-demo.com,+919870000027,,Network Timeout Retry
pay_901326,cust_00124,order_701013,199999,1787646377,captured,upi,customer_124@razorpay-demo.com,+919870000124,cust124@okaxis,Network Timeout Retry
pay_902041,cust_00109,order_701371,74999,1787546510,captured,upi,customer_109@razorpay-demo.com,+919870000109,cust109@okaxis,Failed UPI Retry
pay_901583,cust_00102,order_701142,4999,1787685296,captured,card,customer_102@razorpay-demo.com,+919870000102,,Network Timeout Retry
pay_901564,cust_00146,order_701132,99999,1787611968,captured,upi,customer_146@razorpay-demo.com,+919870000146,cust146@okaxis,Network Timeout Retry
pay_901737,cust_00010,order_701219,49999,1787534331,captured,upi,customer_10@razorpay-demo.com,+919870000010,cust10@okaxis,Failed UPI Retry
pay_901551,cust_00168,order_701126,34999,1787596321,captured,card,customer_168@razorpay-demo.com,+919870000168,,Network Timeout Retry
pay_901552,cust_00168,order_701126,34999,1787596356,captured,card,customer_168@razorpay-demo.com,+919870000168,,Network Timeout Retry
pay_901584,cust_00102,order_701142,4999,1787685330,captured,card,customer_102@razorpay-demo.com,+919870000102,,Network Timeout Retry
pay_901164,cust_00085,order_700932,74999,1787635271,captured,netbanking,customer_85@razorpay-demo.com,+919870000085,,Double-Click Issue
pay_900964,cust_00188,order_700832,7499,1787656268,captured,netbanking,customer_188@razorpay-demo.com,+919870000188,,Double-Click Issue
pay_902807,cust_00169,order_702057,149999,1787567765,failed,wallet,customer_169@razorpay-demo.com,+919870000169,,Gateway Retry with Different IDs
pay_902671,cust_00022,order_701921,24999,1787546871,captured,netbanking,customer_22@razorpay-demo.com,+919870000022,,Multiple Browser Tabs Checkout
pay_900399,cust_00091,order_700399,4999,1787576214,captured,card,customer_91@razorpay-demo.com,+919870000091,,legitimate
pay_900585,cust_00008,order_700585,199999,1787578532,captured,upi,customer_8@razorpay-demo.com,+919870000008,cust8@okaxis,legitimate
pay_900949,cust_00200,order_700825,49999,1787640473,captured,card,customer_200@razorpay-demo.com,+919870000200,,Double-Click Issue
pay_900705,cust_00151,order_700703,149999,1787649251,captured,upi,customer_151@razorpay-demo.com,+919870000151,cust151@okaxis,Double-Click Issue
pay_900432,cust_00136,order_700432,12499,1787526779,captured,upi,customer_136@razorpay-demo.com,+919870000136,cust136@okaxis,legitimate
pay_900293,cust_00046,order_700293,199999,1787615655,captured,wallet,customer_46@razorpay-demo.com,+919870000046,,legitimate
pay_900146,cust_00195,order_700146,12499,1787654956,captured,wallet,customer_195@razorpay-demo.com,+919870000195,,legitimate
pay_901914,cust_00134,order_701307,199999,1787629382,captured,upi,customer_134@razorpay-demo.com,+919870000134,cust134@okaxis,Failed UPI Retry
pay_902021,cust_00161,order_701361,19999,1787638435,captured,upi,customer_161@razorpay-demo.com,+919870000161,cust161@okaxis,Failed UPI Retry
pay_901166,cust_00145,order_700933,74999,1787655013,captured,netbanking,customer_145@razorpay-demo.com,+919870000145,,Double-Click Issue
pay_900003,cust_00023,order_700003,74999,1787522306,captured,wallet,customer_23@razorpay-demo.com,+919870000023,,legitimate
pay_900577,cust_00062,order_700577,14999,1787554978,captured,card,customer_62@razorpay-demo.com,+919870000062,,legitimate
pay_902219,cust_00104,order_701469,7499,1787654908,captured,upi,customer_104@razorpay-demo.com,+919870000104,cust104@okaxis,Multiple Browser Tabs Checkout
pay_900340,cust_00130,order_700340,49999,1787599779,captured,card,customer_130@razorpay-demo.com,+919870000130,,legitimate
pay_902743,cust_00007,order_701993,14999,1787583553,failed,card,customer_7@razorpay-demo.com,+919870000007,,Gateway Retry with Different IDs
pay_902237,cust_00196,order_701487,4999,1787573416,captured,upi,customer_196@razorpay-demo.com,+919870000196,cust196@okaxis,Multiple Browser Tabs Checkout
pay_900926,cust_00013,order_700813,74999,1787629832,captured,card,customer_13@razorpay-demo.com,+919870000013,,Double-Click Issue
pay_900266,cust_00028,order_700266,19999,1787540256,captured,netbanking,customer_28@razorpay-demo.com,+919870000028,,legitimate
pay_900377,cust_00116,order_700377,34999,1787543161,captured,netbanking,customer_116@razorpay-demo.com,+919870000116,,legitimate
pay_901722,cust_00070,order_701211,24999,1787554013,captured,upi,customer_70@razorpay-demo.com,+919870000070,cust70@okaxis,Failed UPI Retry
pay_900272,cust_00008,order_700272,7499,1787596699,captured,upi,customer_8@razorpay-demo.com,+919870000008,cust8@okaxis,legitimate
pay_900697,cust_00179,order_700697,19999,1787667387,captured,card,customer_179@razorpay-demo.com,+919870000179,,legitimate
pay_902875,cust_00093,order_702125,9999,1787637811,failed,netbanking,customer_93@razorpay-demo.com,+919870000093,,Gateway Retry with Different IDs
pay_900245,cust_00199,order_700245,9999,1787575332,failed,card,customer_199@razorpay-demo.com,+919870000199,,legitimate
pay_902211,cust_00010,order_701461,12499,1787639812,captured,card,customer_10@razorpay-demo.com,+919870000010,,Multiple Browser Tabs Checkout
pay_900477,cust_00056,order_700477,199999,1787545710,failed,card,customer_56@razorpay-demo.com,+919870000056,,legitimate
pay_901565,cust_00107,order_701133,149999,1787647855,captured,card,customer_107@razorpay-demo.com,+919870000107,,Network Timeout Retry
pay_901591,cust_00143,order_701146,74999,1787531734,captured,upi,customer_143@razorpay-demo.com,+919870000143,cust143@okaxis,Network Timeout Retry
pay_902804,cust_00112,order_702054,49999,1787516468,captured,card,customer_112@razorpay-demo.com,+919870000112,,Gateway Retry with Different IDs
pay_901548,cust_00152,order_701124,14999,1787578781,captured,card,customer_152@razorpay-demo.com,+919870000152,,Network Timeout Retry
pay_902693,cust_00159,order_701943,34999,1787579314,captured,upi,customer_159@razorpay-demo.com,+919870000159,cust159@okaxis,Multiple Browser Tabs Checkout
pay_902858,cust_00092,order_702108,299999,1787577158,captured,netbanking,customer_92@razorpay-demo.com,+919870000092,,Gateway Retry with Different IDs
pay_901778,cust_00169,order_701239,249999,1787541424,captured,upi,customer_169@razorpay-demo.com,+919870000169,cust169@okaxis,Failed UPI Retry
pay_901727,cust_00084,order_701214,249999,1787594505,captured,upi,customer_84@razorpay-demo.com,+919870000084,cust84@okaxis,Failed UPI Retry
pay_900251,cust_00158,order_700251,4999,1787614378,failed,netbanking,customer_158@razorpay-demo.com,+919870000158,,legitimate
pay_900414,cust_00168,order_700414,199999,1787671263,captured,upi,customer_168@razorpay-demo.com,+919870000168,cust168@okaxis,legitimate
pay_900546,cust_00082,order_700546,14999,1787724478,captured,wallet,customer_82@razorpay-demo.com,+919870000082,,legitimate
pay_901194,cust_00115,order_700947,9999,1787613310,captured,upi,customer_115@razorpay-demo.com,+919870000115,cust115@okaxis,Double-Click Issue
pay_900739,cust_00148,order_700720,99999,1787543548,captured,upi,customer_148@razorpay-demo.com,+919870000148,cust148@okaxis,Double-Click Issue
pay_900311,cust_00033,order_700311,99999,1787654982,captured,card,customer_33@razorpay-demo.com,+919870000033,,legitimate
pay_900894,cust_00046,order_700797,19999,1787516257,captured,card,customer_46@razorpay-demo.com,+919870000046,,Double-Click Issue
pay_901132,cust_00012,order_700916,149999,1787577254,captured,card,customer_12@razorpay-demo.com,+919870000012,,Double-Click Issue
pay_901450,cust_00077,order_701075,4999,1787653363,captured,wallet,customer_77@razorpay-demo.com,+919870000077,,Network Timeout Retry
pay_902812,cust_00033,order_702062,9999,1787548422,captured,card,customer_33@razorpay-demo.com,+919870000033,,Gateway Retry with Different IDs
pay_900016,cust_00164,order_700016,149999,1787663318,captured,upi,customer_164@razorpay-demo.com,+919870000164,cust164@okaxis,legitimate
pay_902565,cust_00010,order_701815,34999,1787613600,captured,wallet,customer_10@razorpay-demo.com,+919870000010,,Multiple Browser Tabs Checkout
pay_900722,cust_00101,order_700711,249999,1787546907,captured,card,customer_101@razorpay-demo.com,+919870000101,,Double-Click Issue
pay_901421,cust_00141,order_701061,4999,1787648658,captured,card,customer_141@razorpay-demo.com,+919870000141,,Network Timeout Retry
pay_902544,cust_00126,order_701794,24999,1787569451,captured,upi,customer_126@razorpay-demo.com,+919870000126,cust126@okaxis,Multiple Browser Tabs Checkout
pay_900982,cust_00004,order_700841,149999,1787684424,captured,upi,customer_4@razorpay-demo.com,+919870000004,cust4@okaxis,Double-Click Issue
pay_901731,cust_00189,order_701216,249999,1787581170,captured,upi,customer_189@razorpay-demo.com,+919870000189,cust189@okaxis,Failed UPI Retry
pay_902445,cust_00196,order_701695,7499,1787609394,captured,upi,customer_196@razorpay-demo.com,+919870000196,cust196@okaxis,Multiple Browser Tabs Checkout
pay_902340,cust_00125,order_701590,49999,1787596699,captured,card,customer_125@razorpay-demo.com,+919870000125,,Multiple Browser Tabs Checkout
pay_900364,cust_00167,order_700364,14999,1787722913,captured,upi,customer_167@razorpay-demo.com,+919870000167,cust167@okaxis,legitimate
pay_902668,cust_00082,order_701918,34999,1787666392,captured,wallet,customer_82@razorpay-demo.com,+919870000082,,Multiple Browser Tabs Checkout
pay_900183,cust_00093,order_700183,74999,1787650529,captured,wallet,customer_93@razorpay-demo.com,+919870000093,,legitimate
pay_900986,cust_00064,order_700843,34999,1787630133,captured,netbanking,customer_64@razorpay-demo.com,+919870000064,,Double-Click Issue
pay_902275,cust_00108,order_701525,12499,1787555196,captured,netbanking,customer_108@razorpay-demo.com,+919870000108,,Multiple Browser Tabs Checkout
pay_901195,cust_00169,order_700948,249999,1787642608,captured,upi,customer_169@razorpay-demo.com,+919870000169,cust169@okaxis,Double-Click Issue
pay_901718,cust_00126,order_701209,34999,1787539257,captured,upi,customer_126@razorpay-demo.com,+919870000126,cust126@okaxis,Failed UPI Retry
pay_902352,cust_00122,order_701602,19999,1787592145,captured,wallet,customer_122@razorpay-demo.com,+919870000122,,Multiple Browser Tabs Checkout
pay_901122,cust_00085,order_700911,4999,1787528099,captured,card,customer_85@razorpay-demo.com,+919870000085,,Double-Click Issue
pay_900188,cust_00119,order_700188,7499,1787623090,captured,upi,customer_119@razorpay-demo.com,+919870000119,cust119@okaxis,legitimate
pay_900620,cust_00081,order_700620,19999,1787545061,captured,netbanking,customer_81@razorpay-demo.com,+919870000081,,legitimate
pay_902677,cust_00013,order_701927,24999,1787619189,captured,wallet,customer_13@razorpay-demo.com,+919870000013,,Multiple Browser Tabs Checkout
pay_901176,cust_00045,order_700938,99999,1787660904,captured,card,customer_45@razorpay-demo.com,+919870000045,,Double-Click Issue
pay_901927,cust_00090,order_701314,49999,1787570475,captured,upi,customer_90@razorpay-demo.com,+919870000090,cust90@okaxis,Failed UPI Retry
pay_902120,cust_00098,order_701410,99999,1787570089,captured,upi,customer_98@razorpay-demo.com,+919870000098,cust98@okaxis,Failed UPI Retry
pay_900615,cust_00180,order_700615,199999,1787608155,captured,upi,customer_180@razorpay-demo.com,+919870000180,cust180@okaxis,legitimate
pay_901467,cust_00126,order_701084,12499,1787518792,captured,netbanking,customer_126@razorpay-demo.com,+919870000126,,Network Timeout Retry
pay_902672,cust_00022,order_701922,24999,1787546888,captured,netbanking,customer_22@razorpay-demo.com,+919870000022,,Multiple Browser Tabs Checkout
pay_900995,cust_00104,order_700848,249999,1787529063,captured,upi,customer_104@razorpay-demo.com,+919870000104,cust104@okaxis,Double-Click Issue
pay_900935,cust_00036,order_700818,24999,1787603843,captured,card,customer_36@razorpay-demo.com,+919870000036,,Double-Click Issue
pay_900372,cust_00032,order_700372,12499,1787566576,captured,upi,customer_32@razorpay-demo.com,+919870000032,cust32@okaxis,legitimate
pay_901777,cust_00169,order_701239,249999,1787541376,captured,upi,customer_169@razorpay-demo.com,+919870000169,cust169@okaxis,Failed UPI Retry
pay_902792,cust_00021,order_702042,199999,1787535181,captured,card,customer_21@razorpay-demo.com,+919870000021,,Gateway Retry with Different IDs
pay_900594,cust_00053,order_700594,249999,1787689416,captured,upi,customer_53@razorpay-demo.com,+919870000053,cust53@okaxis,legitimate
pay_900727,cust_00043,order_700714,99999,1787657424,captured,card,customer_43@razorpay-demo.com,+919870000043,,Double-Click Issue
pay_900827,cust_00181,order_700764,12499,1787579092,captured,netbanking,customer_181@razorpay-demo.com,+919870000181,,Double-Click Issue
pay_900688,cust_00108,order_700688,12499,1787651684,captured,upi,customer_108@razorpay-demo.com,+919870000108,cust108@okaxis,legitimate
pay_902135,cust_00174,order_701418,149999,1787687068,captured,upi,customer_174@razorpay-demo.com,+919870000174,cust174@okaxis,Failed UPI Retry
pay_900137,cust_00028,order_700137,24999,1787652727,captured,netbanking,customer_28@razorpay-demo.com,+919870000028,,legitimate
pay_900629,cust_00049,order_700629,149999,1787579278,captured,wallet,customer_49@razorpay-demo.com,+919870000049,,legitimate
pay_900335,cust_00160,order_700335,34999,1787539386,failed,card,customer_160@razorpay-demo.com,+919870000160,,legitimate
pay_902666,cust_00041,order_701916,12499,1787661814,captured,upi,customer_41@razorpay-demo.com,+919870000041,cust41@okaxis,Multiple Browser Tabs Checkout
pay_902228,cust_00004,order_701478,9999,1787671775,captured,card,customer_4@razorpay-demo.com,+919870000004,,Multiple Browser Tabs Checkout
pay_901110,cust_00132,order_700905,199999,1787599563,captured,wallet,customer_132@razorpay-demo.com,+919870000132,,Double-Click Issue
pay_902805,cust_00004,order_702055,9999,1787594957,failed,wallet,customer_4@razorpay-demo.com,+919870000004,,Gateway Retry with Different IDs
pay_902608,cust_00119,order_701858,34999,1787588372,captured,wallet,customer_119@razorpay-demo.com,+919870000119,,Multiple Browser Tabs Checkout
pay_900711,cust_00035,order_700706,9999,1787652271,captured,wallet,customer_35@razorpay-demo.com,+919870000035,,Double-Click Issue
pay_901040,cust_00076,order_700870,34999,1787539321,captured,upi,customer_76@razorpay-demo.com,+919870000076,cust76@okaxis,Double-Click Issue
pay_901740,cust_00011,order_701220,299999,1787687617,captured,upi,customer_11@razorpay-demo.com,+919870000011,cust11@okaxis,Failed UPI Retry
pay_901710,cust_00060,order_701205,74999,1787555679,captured,upi,customer_60@razorpay-demo.com,+919870000060,cust60@okaxis,Failed UPI Retry
pay_901915,cust_00006,order_701308,74999,1787646509,captured,upi,customer_6@razorpay-demo.com,+919870000006,cust6@okaxis,Failed UPI Retry
pay_902667,cust_00082,order_701917,34999,1787666383,captured,wallet,customer_82@razorpay-demo.com,+919870000082,,Multiple Browser Tabs Checkout
pay_902435,cust_00096,order_701685,49999,1787661505,captured,card,customer_96@razorpay-demo.com,+919870000096,,Multiple Browser Tabs Checkout
pay_901113,cust_00043,order_700907,199999,1787623775,captured,card,customer_43@razorpay-demo.com,+919870000043,,Double-Click Issue
pay_900466,cust_00197,order_700466,99999,1787596324,failed,wallet,customer_197@razorpay-demo.com,+919870000197,,legitimate
pay_901224,cust_00123,order_700962,12499,1787627315,captured,upi,customer_123@razorpay-demo.com,+919870000123,cust123@okaxis,Network Timeout Retry
pay_901805,cust_00085,order_701253,299999,1787530596,captured,upi,customer_85@razorpay-demo.com,+919870000085,cust85@okaxis,Failed UPI Retry
pay_902869,cust_00118,order_702119,249999,1787683862,failed,card,customer_118@razorpay-demo.com,+919870000118,,Gateway Retry with Different IDs
pay_902267,cust_00073,order_701517,12499,1787558880,captured,wallet,customer_73@razorpay-demo.com,+919870000073,,Multiple Browser Tabs Checkout
pay_901509,cust_00161,order_701105,4999,1787576874,captured,card,customer_161@razorpay-demo.com,+919870000161,,Network Timeout Retry
pay_901105,cust_00083,order_700903,24999,1787582120,captured,card,customer_83@razorpay-demo.com,+919870000083,,Double-Click Issue
pay_901838,cust_00128,order_701269,49999,1787641537,captured,upi,customer_128@razorpay-demo.com,+919870000128,cust128@okaxis,Failed UPI Retry
pay_900339,cust_00135,order_700339,19999,1787721376,captured,card,customer_135@razorpay-demo.com,+919870000135,,legitimate
pay_901923,cust_00071,order_701312,7499,1787518077,captured,upi,customer_71@razorpay-demo.com,+919870000071,cust71@okaxis,Failed UPI Retry
pay_901772,cust_00187,order_701236,199999,1787684062,captured,upi,customer_187@razorpay-demo.com,+919870000187,cust187@okaxis,Failed UPI Retry
pay_902430,cust_00008,order_701680,7499,1787600647,captured,netbanking,customer_8@razorpay-demo.com,+919870000008,,Multiple Browser Tabs Checkout
pay_902713,cust_00037,order_701963,14999,1787569574,failed,card,customer_37@razorpay-demo.com,+919870000037,,Gateway Retry with Different IDs
pay_902695,cust_00022,order_701945,4999,1787538459,captured,wallet,customer_22@razorpay-demo.com,+919870000022,,Multiple Browser Tabs Checkout
pay_901554,cust_00016,order_701127,19999,1787657527,captured,wallet,customer_16@razorpay-demo.com,+919870000016,,Network Timeout Retry
pay_902437,cust_00149,order_701687,4999,1787570682,captured,upi,customer_149@razorpay-demo.com,+919870000149,cust149@okaxis,Multiple Browser Tabs Checkout
pay_900817,cust_00105,order_700759,149999,1787646681,captured,wallet,customer_105@razorpay-demo.com,+919870000105,,Double-Click Issue
pay_901068,cust_00100,order_700884,12499,1787635181,captured,netbanking,customer_100@razorpay-demo.com,+919870000100,,Double-Click Issue
pay_900275,cust_00194,order_700275,74999,1787661018,captured,card,customer_194@razorpay-demo.com,+919870000194,,legitimate
pay_902164,cust_00200,order_701432,7499,1787563393,captured,upi,customer_200@razorpay-demo.com,+919870000200,cust200@okaxis,Failed UPI Retry
pay_900866,cust_00108,order_700783,24999,1787642751,captured,wallet,customer_108@razorpay-demo.com,+919870000108,,Double-Click Issue
pay_900102,cust_00103,order_700102,12499,1787657149,captured,upi,customer_103@razorpay-demo.com,+919870000103,cust103@okaxis,legitimate
pay_901502,cust_00031,order_701101,24999,1787517000,captured,upi,customer_31@razorpay-demo.com,+919870000031,cust31@okaxis,Network Timeout Retry
pay_902116,cust_00122,order_701408,14999,1787540608,captured,upi,customer_122@razorpay-demo.com,+919870000122,cust122@okaxis,Failed UPI Retry
pay_902871,cust_00157,order_702121,74999,1787657761,failed,card,customer_157@razorpay-demo.com,+919870000157,,Gateway Retry with Different IDs
pay_900108,cust_00041,order_700108,149999,1787612656,captured,wallet,customer_41@razorpay-demo.com,+919870000041,,legitimate
pay_901721,cust_00070,order_701211,24999,1787553898,captured,upi,customer_70@razorpay-demo.com,+919870000070,cust70@okaxis,Failed UPI Retry
pay_901522,cust_00049,order_701111,74999,1787609403,captured,upi,customer_49@razorpay-demo.com,+919870000049,cust49@okaxis,Network Timeout Retry
pay_902889,cust_00110,order_702139,24999,1787670627,failed,wallet,customer_110@razorpay-demo.com,+919870000110,,Gateway Retry with Different IDs
pay_901964,cust_00029,order_701332,19999,1787598203,captured,upi,customer_29@razorpay-demo.com,+919870000029,cust29@okaxis,Failed UPI Retry
pay_902868,cust_00132,order_702118,74999,1787637546,captured,card,customer_132@razorpay-demo.com,+919870000132,,Gateway Retry with Different IDs
pay_901717,cust_00126,order_701209,34999,1787539203,captured,upi,customer_126@razorpay-demo.com,+919870000126,cust126@okaxis,Failed UPI Retry
pay_901814,cust_00192,order_701257,74999,1787577715,captured,upi,customer_192@razorpay-demo.com,+919870000192,cust192@okaxis,Failed UPI Retry
pay_902895,cust_00103,order_702145,199999,1787590449,failed,upi,customer_103@razorpay-demo.com,+919870000103,cust103@okaxis,Gateway Retry with Different IDs
pay_902259,cust_00159,order_701509,19999,1787595657,captured,upi,customer_159@razorpay-demo.com,+919870000159,cust159@okaxis,Multiple Browser Tabs Checkout
pay_901623,cust_00022,order_701162,24999,1787649158,captured,wallet,customer_22@razorpay-demo.com,+919870000022,,Network Timeout Retry
pay_901986,cust_00030,order_701343,74999,1787618514,captured,upi,customer_30@razorpay-demo.com,+919870000030,cust30@okaxis,Failed UPI Retry
pay_900713,cust_00167,order_700707,19999,1787637642,captured,upi,customer_167@razorpay-demo.com,+919870000167,cust167@okaxis,Double-Click Issue
pay_900073,cust_00177,order_700073,299999,1787633288,captured,upi,customer_177@razorpay-demo.com,+919870000177,cust177@okaxis,legitimate
pay_901804,cust_00171,order_701252,74999,1787660318,captured,upi,customer_171@razorpay-demo.com,+919870000171,cust171@okaxis,Failed UPI Retry
pay_902189,cust_00198,order_701445,34999,1787598063,captured,upi,customer_198@razorpay-demo.com,+919870000198,cust198@okaxis,Failed UPI Retry
pay_902473,cust_00169,order_701723,49999,1787596498,captured,card,customer_169@razorpay-demo.com,+919870000169,,Multiple Browser Tabs Checkout
pay_902790,cust_00170,order_702040,149999,1787576911,captured,netbanking,customer_170@razorpay-demo.com,+919870000170,,Gateway Retry with Different IDs
pay_900482,cust_00127,order_700482,4999,1787718824,captured,netbanking,customer_127@razorpay-demo.com,+919870000127,,legitimate
pay_902138,cust_00141,order_701419,4999,1787631739,captured,upi,customer_141@razorpay-demo.com,+919870000141,cust141@okaxis,Failed UPI Retry
pay_901531,cust_00005,order_701116,74999,1787649537,captured,netbanking,customer_5@razorpay-demo.com,+919870000005,,Network Timeout Retry
pay_901884,cust_00030,order_701292,249999,1787650699,captured,upi,customer_30@razorpay-demo.com,+919870000030,cust30@okaxis,Failed UPI Retry
pay_901515,cust_00188,order_701108,12499,1787634543,captured,card,customer_188@razorpay-demo.com,+919870000188,,Network Timeout Retry
pay_902863,cust_00125,order_702113,14999,1787651069,failed,netbanking,customer_125@razorpay-demo.com,+919870000125,,Gateway Retry with Different IDs
pay_901491,cust_00080,order_701096,299999,1787542849,captured,netbanking,customer_80@razorpay-demo.com,+919870000080,,Network Timeout Retry
pay_901172,cust_00035,order_700936,99999,1787667142,captured,netbanking,customer_35@razorpay-demo.com,+919870000035,,Double-Click Issue
pay_902537,cust_00111,order_701787,299999,1787581732,captured,card,customer_111@razorpay-demo.com,+919870000111,,Multiple Browser Tabs Checkout
pay_901952,cust_00120,order_701326,7499,1787594283,captured,upi,customer_120@razorpay-demo.com,+919870000120,cust120@okaxis,Failed UPI Retry
pay_902890,cust_00110,order_702140,24999,1787670670,captured,wallet,customer_110@razorpay-demo.com,+919870000110,,Gateway Retry with Different IDs
pay_902242,cust_00142,order_701492,9999,1787557549,captured,wallet,customer_142@razorpay-demo.com,+919870000142,,Multiple Browser Tabs Checkout
pay_900406,cust_00087,order_700406,49999,1787678513,captured,netbanking,customer_87@razorpay-demo.com,+919870000087,,legitimate
pay_900758,cust_00126,order_700729,9999,1787577794,captured,card,customer_126@razorpay-demo.com,+919870000126,,Double-Click Issue
pay_901808,cust_00107,order_701254,9999,1787543386,captured,upi,customer_107@razorpay-demo.com,+919870000107,cust107@okaxis,Failed UPI Retry
pay_902108,cust_00068,order_701404,199999,1787657092,captured,upi,customer_68@razorpay-demo.com,+919870000068,cust68@okaxis,Failed UPI Retry
pay_902669,cust_00067,order_701919,9999,1787653599,captured,netbanking,customer_67@razorpay-demo.com,+919870000067,,Multiple Browser Tabs Checkout
pay_900098,cust_00159,order_700098,19999,1787692220,captured,card,customer_159@razorpay-demo.com,+919870000159,,legitimate
pay_901334,cust_00081,order_701017,24999,1787604708,captured,netbanking,customer_81@razorpay-demo.com,+919870000081,,Network Timeout Retry
pay_902308,cust_00022,order_701558,49999,1787635237,captured,card,customer_22@razorpay-demo.com,+919870000022,,Multiple Browser Tabs Checkout
pay_900744,cust_00019,order_700722,19999,1787668876,captured,upi,customer_19@razorpay-demo.com,+919870000019,cust19@okaxis,Double-Click Issue
pay_900807,cust_00096,order_700754,4999,1787656685,captured,netbanking,customer_96@razorpay-demo.com,+919870000096,,Double-Click Issue
pay_902679,cust_00023,order_701929,19999,1787679125,captured,upi,customer_23@razorpay-demo.com,+919870000023,cust23@okaxis,Multiple Browser Tabs Checkout
pay_902785,cust_00110,order_702035,14999,1787610653,failed,card,customer_110@razorpay-demo.com,+919870000110,,Gateway Retry with Different IDs
pay_902415,cust_00164,order_701665,299999,1787587069,captured,netbanking,customer_164@razorpay-demo.com,+919870000164,,Multiple Browser Tabs Checkout
pay_901536,cust_00100,order_701118,12499,1787647779,captured,wallet,customer_100@razorpay-demo.com,+919870000100,,Network Timeout Retry
pay_902864,cust_00125,order_702114,14999,1787651128,captured,netbanking,customer_125@razorpay-demo.com,+919870000125,,Gateway Retry with Different IDs
pay_902355,cust_00134,order_701605,99999,1787586581,captured,netbanking,customer_134@razorpay-demo.com,+919870000134,,Multiple Browser Tabs Checkout
pay_900149,cust_00109,order_700149,149999,1787591432,captured,netbanking,customer_109@razorpay-demo.com,+919870000109,,legitimate
pay_902391,cust_00150,order_701641,49999,1787650447,captured,upi,customer_150@razorpay-demo.com,+919870000150,cust150@okaxis,Multiple Browser Tabs Checkout
pay_901905,cust_00118,order_701303,24999,1787638764,captured,upi,customer_118@razorpay-demo.com,+919870000118,cust118@okaxis,Failed UPI Retry
pay_902457,cust_00107,order_701707,34999,1787535583,captured,card,customer_107@razorpay-demo.com,+919870000107,,Multiple Browser Tabs Checkout
pay_901906,cust_00118,order_701303,24999,1787638860,captured,upi,customer_118@razorpay-demo.com,+919870000118,cust118@okaxis,Failed UPI Retry
pay_900693,cust_00060,order_700693,9999,1787568978,captured,card,customer_60@razorpay-demo.com,+919870000060,,legitimate
pay_900819,cust_00015,order_700760,49999,1787526779,captured,upi,customer_15@razorpay-demo.com,+919870000015,cust15@okaxis,Double-Click Issue
pay_901387,cust_00065,order_701044,49999,1787584285,captured,card,customer_65@razorpay-demo.com,+919870000065,,Network Timeout Retry
pay_902638,cust_00079,order_701888,4999,1787660853,captured,card,customer_79@razorpay-demo.com,+919870000079,,Multiple Browser Tabs Checkout
pay_901911,cust_00086,order_701306,34999,1787669092,captured,upi,customer_86@razorpay-demo.com,+919870000086,cust86@okaxis,Failed UPI Retry
pay_901600,cust_00188,order_701150,7499,1787652475,captured,netbanking,customer_188@razorpay-demo.com,+919870000188,,Network Timeout Retry
pay_902280,cust_00052,order_701530,24999,1787528167,captured,upi,customer_52@razorpay-demo.com,+919870000052,cust52@okaxis,Multiple Browser Tabs Checkout
pay_902374,cust_00038,order_701624,19999,1787608740,captured,wallet,customer_38@razorpay-demo.com,+919870000038,,Multiple Browser Tabs Checkout
pay_900702,cust_00085,order_700701,299999,1787654797,captured,upi,customer_85@razorpay-demo.com,+919870000085,cust85@okaxis,Double-Click Issue
pay_902099,cust_00040,order_701400,249999,1787601141,captured,upi,customer_40@razorpay-demo.com,+919870000040,cust40@okaxis,Failed UPI Retry
pay_902580,cust_00058,order_701830,74999,1787639469,captured,card,customer_58@razorpay-demo.com,+919870000058,,Multiple Browser Tabs Checkout
pay_900922,cust_00130,order_700811,9999,1787578791,captured,card,customer_130@razorpay-demo.com,+919870000130,,Double-Click Issue
pay_901425,cust_00022,order_701063,99999,1787568900,captured,wallet,customer_22@razorpay-demo.com,+919870000022,,Network Timeout Retry
pay_900906,cust_00049,order_700803,4999,1787623733,captured,card,customer_49@razorpay-demo.com,+919870000049,,Double-Click Issue
pay_900455,cust_00121,order_700455,199999,1787680003,captured,upi,customer_121@razorpay-demo.com,+919870000121,cust121@okaxis,legitimate
pay_901967,cust_00033,order_701334,49999,1787533228,captured,upi,customer_33@razorpay-demo.com,+919870000033,cust33@okaxis,Failed UPI Retry
pay_902223,cust_00019,order_701473,4999,1787599922,captured,upi,customer_19@razorpay-demo.com,+919870000019,cust19@okaxis,Multiple Browser Tabs Checkout
pay_902800,cust_00088,order_702050,299999,1787551928,captured,upi,customer_88@razorpay-demo.com,+919870000088,cust88@okaxis,Gateway Retry with Different IDs
pay_900168,cust_00068,order_700168,199999,1787607271,captured,upi,customer_68@razorpay-demo.com,+919870000068,cust68@okaxis,legitimate
pay_900731,cust_00054,order_700716,12499,1787576004,captured,card,customer_54@razorpay-demo.com,+919870000054,,Double-Click Issue
pay_902109,cust_00043,order_701405,34999,1787584344,captured,upi,customer_43@razorpay-demo.com,+919870000043,cust43@okaxis,Failed UPI Retry
pay_901311,cust_00181,order_701006,7499,1787610410,captured,card,customer_181@razorpay-demo.com,+919870000181,,Network Timeout Retry
pay_900027,cust_00138,order_700027,199999,1787681458,captured,netbanking,customer_138@razorpay-demo.com,+919870000138,,legitimate
pay_902454,cust_00106,order_701704,19999,1787533148,captured,upi,customer_106@razorpay-demo.com,+919870000106,cust106@okaxis,Multiple Browser Tabs Checkout
pay_902017,cust_00029,order_701359,249999,1787564207,captured,upi,customer_29@razorpay-demo.com,+919870000029,cust29@okaxis,Failed UPI Retry
pay_901862,cust_00085,order_701281,249999,1787573952,captured,upi,customer_85@razorpay-demo.com,+919870000085,cust85@okaxis,Failed UPI Retry
pay_900998,cust_00147,order_700849,34999,1787663461,captured,card,customer_147@razorpay-demo.com,+919870000147,,Double-Click Issue
pay_901177,cust_00138,order_700939,12499,1787642197,captured,netbanking,customer_138@razorpay-demo.com,+919870000138,,Double-Click Issue
pay_901041,cust_00180,order_700871,299999,1787661124,captured,netbanking,customer_180@razorpay-demo.com,+919870000180,,Double-Click Issue
pay_900034,cust_00021,order_700034,7499,1787691702,failed,wallet,customer_21@razorpay-demo.com,+919870000021,,legitimate
pay_901962,cust_00117,order_701331,34999,1787520761,captured,upi,customer_117@razorpay-demo.com,+919870000117,cust117@okaxis,Failed UPI Retry
pay_902287,cust_00009,order_701537,149999,1787563929,captured,card,customer_9@razorpay-demo.com,+919870000009,,Multiple Browser Tabs Checkout
pay_901380,cust_00061,order_701040,49999,1787663432,captured,wallet,customer_61@razorpay-demo.com,+919870000061,,Network Timeout Retry
pay_900042,cust_00019,order_700042,49999,1787575592,captured,upi,customer_19@razorpay-demo.com,+919870000019,cust19@okaxis,legitimate
pay_901787,cust_00004,order_701244,34999,1787601431,captured,upi,customer_4@razorpay-demo.com,+919870000004,cust4@okaxis,Failed UPI Retry
pay_902112,cust_00122,order_701406,149999,1787679397,captured,upi,customer_122@razorpay-demo.com,+919870000122,cust122@okaxis,Failed UPI Retry
pay_902518,cust_00186,order_701768,34999,1787647614,captured,netbanking,customer_186@razorpay-demo.com,+919870000186,,Multiple Browser Tabs Checkout
pay_902401,cust_00095,order_701651,24999,1787517547,captured,netbanking,customer_95@razorpay-demo.com,+919870000095,,Multiple Browser Tabs Checkout
pay_901671,cust_00136,order_701186,14999,1787600101,captured,netbanking,customer_136@razorpay-demo.com,+919870000136,,Network Timeout Retry
pay_900610,cust_00118,order_700610,4999,1787716198,captured,card,customer_118@razorpay-demo.com,+919870000118,,legitimate
pay_901133,cust_00028,order_700917,14999,1787620255,captured,netbanking,customer_28@razorpay-demo.com,+919870000028,,Double-Click Issue
pay_900029,cust_00185,order_700029,14999,1787625100,captured,upi,customer_185@razorpay-demo.com,+919870000185,cust185@okaxis,legitimate
pay_900442,cust_00130,order_700442,34999,1787557088,captured,netbanking,customer_130@razorpay-demo.com,+919870000130,,legitimate
pay_902794,cust_00119,order_702044,9999,1787661108,captured,upi,customer_119@razorpay-demo.com,+919870000119,cust119@okaxis,Gateway Retry with Different IDs
pay_902084,cust_00022,order_701392,9999,1787602873,captured,upi,customer_22@razorpay-demo.com,+919870000022,cust22@okaxis,Failed UPI Retry
pay_900494,cust_00199,order_700494,14999,1787616151,captured,wallet,customer_199@razorpay-demo.com,+919870000199,,legitimate
pay_901259,cust_00124,order_700980,199999,1787576010,captured,wallet,customer_124@razorpay-demo.com,+919870000124,,Network Timeout Retry
pay_901302,cust_00003,order_701001,12499,1787549133,captured,netbanking,customer_3@razorpay-demo.com,+919870000003,,Network Timeout Retry
pay_902284,cust_00046,order_701534,24999,1787539023,captured,netbanking,customer_46@razorpay-demo.com,+919870000046,,Multiple Browser Tabs Checkout
pay_901383,cust_00046,order_701042,24999,1787538678,captured,wallet,customer_46@razorpay-demo.com,+919870000046,,Network Timeout Retry
pay_901305,cust_00010,order_701003,19999,1787628628,captured,upi,customer_10@razorpay-demo.com,+919870000010,cust10@okaxis,Network Timeout Retry
pay_900237,cust_00107,order_700237,99999,1787695519,captured,card,customer_107@razorpay-demo.com,+919870000107,,legitimate
pay_900552,cust_00078,order_700552,12499,1787657712,captured,netbanking,customer_78@razorpay-demo.com,+919870000078,,legitimate
pay_900521,cust_00176,order_700521,299999,1787709692,captured,netbanking,customer_176@razorpay-demo.com,+919870000176,,legitimate
pay_902137,cust_00141,order_701419,4999,1787631701,captured,upi,customer_141@razorpay-demo.com,+919870000141,cust141@okaxis,Failed UPI Retry
pay_901233,cust_00170,order_700967,249999,1787679126,captured,netbanking,customer_170@razorpay-demo.com,+919870000170,,Network Timeout Retry
pay_901139,cust_00192,order_700920,24999,1787681352,captured,netbanking,customer_192@razorpay-demo.com,+919870000192,,Double-Click Issue
pay_900721,cust_00101,order_700711,249999,1787546905,captured,card,customer_101@razorpay-demo.com,+919870000101,,Double-Click Issue
pay_900736,cust_00108,order_700718,9999,1787600647,captured,wallet,customer_108@razorpay-demo.com,+919870000108,,Double-Click Issue
pay_902563,cust_00079,order_701813,7499,1787544779,captured,netbanking,customer_79@razorpay-demo.com,+919870000079,,Multiple Browser Tabs Checkout
pay_900059,cust_00184,order_700059,19999,1787572814,captured,upi,customer_184@razorpay-demo.com,+919870000184,cust184@okaxis,legitimate
pay_900632,cust_00034,order_700632,24999,1787594370,captured,wallet,customer_34@razorpay-demo.com,+919870000034,,legitimate
pay_901182,cust_00162,order_700941,4999,1787648360,captured,wallet,customer_162@razorpay-demo.com,+919870000162,,Double-Click Issue
pay_902213,cust_00126,order_701463,24999,1787652426,captured,card,customer_126@razorpay-demo.com,+919870000126,,Multiple Browser Tabs Checkout
pay_900593,cust_00177,order_700593,19999,1787551293,captured,wallet,customer_177@razorpay-demo.com,+919870000177,,legitimate
pay_901304,cust_00154,order_701002,49999,1787621782,captured,upi,customer_154@razorpay-demo.com,+919870000154,cust154@okaxis,Network Timeout Retry
pay_901388,cust_00065,order_701044,49999,1787584322,captured,card,customer_65@razorpay-demo.com,+919870000065,,Network Timeout Retry
pay_902527,cust_00018,order_701777,34999,1787683415,captured,card,customer_18@razorpay-demo.com,+919870000018,,Multiple Browser Tabs Checkout
pay_902541,cust_00143,order_701791,99999,1787668317,captured,netbanking,customer_143@razorpay-demo.com,+919870000143,,Multiple Browser Tabs Checkout
pay_902619,cust_00061,order_701869,7499,1787605635,captured,card,customer_61@razorpay-demo.com,+919870000061,,Multiple Browser Tabs Checkout
pay_900940,cust_00051,order_700820,74999,1787649875,captured,upi,customer_51@razorpay-demo.com,+919870000051,cust51@okaxis,Double-Click Issue
pay_902697,cust_00178,order_701947,24999,1787638705,captured,upi,customer_178@razorpay-demo.com,+919870000178,cust178@okaxis,Multiple Browser Tabs Checkout
pay_901250,cust_00025,order_700975,9999,1787671273,captured,wallet,customer_25@razorpay-demo.com,+919870000025,,Network Timeout Retry
pay_900905,cust_00049,order_700803,4999,1787623732,captured,card,customer_49@razorpay-demo.com,+919870000049,,Double-Click Issue
pay_901280,cust_00143,order_700990,34999,1787579446,captured,upi,customer_143@razorpay-demo.com,+919870000143,cust143@okaxis,Network Timeout Retry
pay_902321,cust_00110,order_701571,199999,1787636065,captured,netbanking,customer_110@razorpay-demo.com,+919870000110,,Multiple Browser Tabs Checkout
pay_902784,cust_00176,order_702034,299999,1787660902,captured,netbanking,customer_176@razorpay-demo.com,+919870000176,,Gateway Retry with Different IDs
pay_902051,cust_00148,order_701376,19999,1787521223,captured,upi,customer_148@razorpay-demo.com,+919870000148,cust148@okaxis,Failed UPI Retry
pay_902446,cust_00196,order_701696,7499,1787609409,captured,upi,customer_196@razorpay-demo.com,+919870000196,cust196@okaxis,Multiple Browser Tabs Checkout
pay_902175,cust_00056,order_701438,74999,1787626610,captured,upi,customer_56@razorpay-demo.com,+919870000056,cust56@okaxis,Failed UPI Retry
pay_901143,cust_00142,order_700922,249999,1787536736,captured,upi,customer_142@razorpay-demo.com,+919870000142,cust142@okaxis,Double-Click Issue
pay_902300,cust_00064,order_701550,19999,1787615582,captured,wallet,customer_64@razorpay-demo.com,+919870000064,,Multiple Browser Tabs Checkout
pay_900707,cust_00094,order_700704,7499,1787637185,captured,netbanking,customer_94@razorpay-demo.com,+919870000094,,Double-Click Issue
pay_902552,cust_00158,order_701802,99999,1787647901,captured,netbanking,customer_158@razorpay-demo.com,+919870000158,,Multiple Browser Tabs Checkout
pay_901023,cust_00184,order_700862,19999,1787646276,captured,card,customer_184@razorpay-demo.com,+919870000184,,Double-Click Issue
pay_900746,cust_00188,order_700723,7499,1787573842,captured,card,customer_188@razorpay-demo.com,+919870000188,,Double-Click Issue
pay_901547,cust_00152,order_701124,14999,1787578747,captured,card,customer_152@razorpay-demo.com,+919870000152,,Network Timeout Retry
pay_902276,cust_00108,order_701526,12499,1787555204,captured,netbanking,customer_108@razorpay-demo.com,+919870000108,,Multiple Browser Tabs Checkout
pay_901892,cust_00056,order_701296,49999,1787567725,captured,upi,customer_56@razorpay-demo.com,+919870000056,cust56@okaxis,Failed UPI Retry
pay_900514,cust_00118,order_700514,74999,1787729331,captured,upi,customer_118@razorpay-demo.com,+919870000118,cust118@okaxis,legitimate
pay_900082,cust_00118,order_700082,19999,1787692677,captured,netbanking,customer_118@razorpay-demo.com,+919870000118,,legitimate
pay_902571,cust_00126,order_701821,7499,1787573496,captured,upi,customer_126@razorpay-demo.com,+919870000126,cust126@okaxis,Multiple Browser Tabs Checkout
pay_901309,cust_00104,order_701005,74999,1787604907,captured,upi,customer_104@razorpay-demo.com,+919870000104,cust104@okaxis,Network Timeout Retry
pay_902411,cust_00037,order_701661,12499,1787597454,captured,netbanking,customer_37@razorpay-demo.com,+919870000037,,Multiple Browser Tabs Checkout
pay_900915,cust_00088,order_700808,299999,1787577519,captured,wallet,customer_88@razorpay-demo.com,+919870000088,,Double-Click Issue
pay_901405,cust_00087,order_701053,24999,1787662131,captured,wallet,customer_87@razorpay-demo.com,+919870000087,,Network Timeout Retry
pay_901648,cust_00079,order_701174,34999,1787519393,captured,wallet,customer_79@razorpay-demo.com,+919870000079,,Network Timeout Retry
pay_902670,cust_00067,order_701920,9999,1787653610,captured,netbanking,customer_67@razorpay-demo.com,+919870000067,,Multiple Browser Tabs Checkout
pay_901109,cust_00132,order_700905,199999,1787599561,captured,wallet,customer_132@razorpay-demo.com,+919870000132,,Double-Click Issue
pay_900151,cust_00031,order_700151,149999,1787556814,captured,upi,customer_31@razorpay-demo.com,+919870000031,cust31@okaxis,legitimate
pay_900775,cust_00134,order_700738,24999,1787614406,captured,wallet,customer_134@razorpay-demo.com,+919870000134,,Double-Click Issue
pay_900330,cust_00074,order_700330,299999,1787665792,captured,wallet,customer_74@razorpay-demo.com,+919870000074,,legitimate
pay_900007,cust_00040,order_700007,12499,1787537518,captured,netbanking,customer_40@razorpay-demo.com,+919870000040,,legitimate
pay_900944,cust_00141,order_700822,34999,1787634365,captured,upi,customer_141@razorpay-demo.com,+919870000141,cust141@okaxis,Double-Click Issue
pay_900823,cust_00146,order_700762,4999,1787548750,captured,upi,customer_146@razorpay-demo.com,+919870000146,cust146@okaxis,Double-Click Issue
pay_900735,cust_00108,order_700718,9999,1787600645,captured,wallet,customer_108@razorpay-demo.com,+919870000108,,Double-Click Issue
pay_900910,cust_00099,order_700805,49999,1787544303,captured,netbanking,customer_99@razorpay-demo.com,+919870000099,,Double-Click Issue
pay_900469,cust_00046,order_700469,49999,1787629671,captured,wallet,customer_46@razorpay-demo.com,+919870000046,,legitimate
pay_900182,cust_00001,order_700182,99999,1787604702,captured,wallet,customer_1@razorpay-demo.com,+919870000001,,legitimate
pay_900165,cust_00020,order_700165,9999,1787603681,captured,card,customer_20@razorpay-demo.com,+919870000020,,legitimate
pay_902675,cust_00023,order_701925,34999,1787560677,captured,upi,customer_23@razorpay-demo.com,+919870000023,cust23@okaxis,Multiple Browser Tabs Checkout
pay_900452,cust_00181,order_700452,199999,1787664544,captured,netbanking,customer_181@razorpay-demo.com,+919870000181,,legitimate
pay_900491,cust_00086,order_700491,14999,1787561191,captured,card,customer_86@razorpay-demo.com,+919870000086,,legitimate
pay_901851,cust_00164,order_701276,12499,1787634676,captured,upi,customer_164@razorpay-demo.com,+919870000164,cust164@okaxis,Failed UPI Retry
pay_901144,cust_00142,order_700922,249999,1787536737,captured,upi,customer_142@razorpay-demo.com,+919870000142,cust142@okaxis,Double-Click Issue
pay_901312,cust_00181,order_701006,7499,1787610448,captured,card,customer_181@razorpay-demo.com,+919870000181,,Network Timeout Retry
pay_902162,cust_00198,order_701431,199999,1787571375,captured,upi,customer_198@razorpay-demo.com,+919870000198,cust198@okaxis,Failed UPI Retry
pay_901112,cust_00167,order_700906,12499,1787604243,captured,netbanking,customer_167@razorpay-demo.com,+919870000167,,Double-Click Issue
pay_902762,cust_00042,order_702012,24999,1787564736,captured,wallet,customer_42@razorpay-demo.com,+919870000042,,Gateway Retry with Different IDs
pay_901442,cust_00023,order_701071,34999,1787578671,captured,netbanking,customer_23@razorpay-demo.com,+919870000023,,Network Timeout Retry
pay_901745,cust_00013,order_701223,12499,1787565757,captured,upi,customer_13@razorpay-demo.com,+919870000013,cust13@okaxis,Failed UPI Retry
pay_902163,cust_00200,order_701432,7499,1787563356,captured,upi,customer_200@razorpay-demo.com,+919870000200,cust200@okaxis,Failed UPI Retry
pay_901628,cust_00102,order_701164,99999,1787612449,captured,upi,customer_102@razorpay-demo.com,+919870000102,cust102@okaxis,Network Timeout Retry
pay_901633,cust_00109,order_701167,19999,1787548357,captured,netbanking,customer_109@razorpay-demo.com,+919870000109,,Network Timeout Retry
pay_901075,cust_00181,order_700888,149999,1787645923,captured,netbanking,customer_181@razorpay-demo.com,+919870000181,,Double-Click Issue
pay_901961,cust_00117,order_701331,34999,1787520671,captured,upi,customer_117@razorpay-demo.com,+919870000117,cust117@okaxis,Failed UPI Retry
pay_902005,cust_00146,order_701353,199999,1787673243,captured,upi,customer_146@razorpay-demo.com,+919870000146,cust146@okaxis,Failed UPI Retry
pay_902264,cust_00176,order_701514,249999,1787601421,captured,wallet,customer_176@razorpay-demo.com,+919870000176,,Multiple Browser Tabs Checkout
pay_902791,cust_00021,order_702041,199999,1787535129,failed,card,customer_21@razorpay-demo.com,+919870000021,,Gateway Retry with Different IDs
pay_902316,cust_00198,order_701566,9999,1787547415,captured,wallet,customer_198@razorpay-demo.com,+919870000198,,Multiple Browser Tabs Checkout
pay_900328,cust_00021,order_700328,19999,1787521529,failed,upi,customer_21@razorpay-demo.com,+919870000021,cust21@okaxis,legitimate
pay_900443,cust_00042,order_700443,149999,1787655470,captured,wallet,customer_42@razorpay-demo.com,+919870000042,,legitimate
pay_902094,cust_00067,order_701397,199999,1787636627,captured,upi,customer_67@razorpay-demo.com,+919870000067,cust67@okaxis,Failed UPI Retry
pay_901831,cust_00074,order_701266,24999,1787620649,captured,upi,customer_74@razorpay-demo.com,+919870000074,cust74@okaxis,Failed UPI Retry
pay_900833,cust_00151,order_700767,49999,1787574927,captured,netbanking,customer_151@razorpay-demo.com,+919870000151,,Double-Click Issue
pay_902293,cust_00148,order_701543,49999,1787530384,captured,upi,customer_148@razorpay-demo.com,+919870000148,cust148@okaxis,Multiple Browser Tabs Checkout
pay_902009,cust_00023,order_701355,74999,1787516844,captured,upi,customer_23@razorpay-demo.com,+919870000023,cust23@okaxis,Failed UPI Retry
pay_901415,cust_00006,order_701058,9999,1787629838,captured,upi,customer_6@razorpay-demo.com,+919870000006,cust6@okaxis,Network Timeout Retry
pay_901202,cust_00053,order_700951,49999,1787582547,captured,netbanking,customer_53@razorpay-demo.com,+919870000053,,Network Timeout Retry
pay_901500,cust_00084,order_701100,4999,1787652745,captured,upi,customer_84@razorpay-demo.com,+919870000084,cust84@okaxis,Network Timeout Retry
pay_901743,cust_00143,order_701222,24999,1787604628,captured,upi,customer_143@razorpay-demo.com,+919870000143,cust143@okaxis,Failed UPI Retry
pay_900087,cust_00089,order_700087,149999,1787609702,failed,netbanking,customer_89@razorpay-demo.com,+919870000089,,legitimate
pay_901404,cust_00038,order_701052,249999,1787626177,captured,upi,customer_38@razorpay-demo.com,+919870000038,cust38@okaxis,Network Timeout Retry
pay_902831,cust_00125,order_702081,49999,1787555514,failed,wallet,customer_125@razorpay-demo.com,+919870000125,,Gateway Retry with Different IDs
pay_901482,cust_00019,order_701091,49999,1787546865,captured,wallet,customer_19@razorpay-demo.com,+919870000019,,Network Timeout Retry
pay_900778,cust_00122,order_700739,14999,1787583666,captured,card,customer_122@razorpay-demo.com,+919870000122,,Double-Click Issue
pay_901981,cust_00061,order_701341,9999,1787629940,captured,upi,customer_61@razorpay-demo.com,+919870000061,cust61@okaxis,Failed UPI Retry
pay_901667,cust_00137,order_701184,7499,1787549806,captured,upi,customer_137@razorpay-demo.com,+919870000137,cust137@okaxis,Network Timeout Retry
pay_900055,cust_00150,order_700055,34999,1787527727,captured,upi,customer_150@razorpay-demo.com,+919870000150,cust150@okaxis,legitimate
pay_902281,cust_00014,order_701531,299999,1787540487,captured,wallet,customer_14@razorpay-demo.com,+919870000014,,Multiple Browser Tabs Checkout
pay_901288,cust_00042,order_700994,7499,1787603323,captured,upi,customer_42@razorpay-demo.com,+919870000042,cust42@okaxis,Network Timeout Retry
pay_901668,cust_00137,order_701184,7499,1787549851,captured,upi,customer_137@razorpay-demo.com,+919870000137,cust137@okaxis,Network Timeout Retry
pay_902498,cust_00134,order_701748,9999,1787647176,captured,wallet,customer_134@razorpay-demo.com,+919870000134,,Multiple Browser Tabs Checkout
pay_902078,cust_00067,order_701389,4999,1787624288,captured,upi,customer_67@razorpay-demo.com,+919870000067,cust67@okaxis,Failed UPI Retry
pay_901702,cust_00106,order_701201,24999,1787567970,captured,upi,customer_106@razorpay-demo.com,+919870000106,cust106@okaxis,Failed UPI Retry
pay_901246,cust_00028,order_700973,4999,1787605809,captured,upi,customer_28@razorpay-demo.com,+919870000028,cust28@okaxis,Network Timeout Retry
pay_900114,cust_00100,order_700114,299999,1787700495,captured,card,customer_100@razorpay-demo.com,+919870000100,,legitimate
pay_902715,cust_00128,order_701965,249999,1787644665,failed,netbanking,customer_128@razorpay-demo.com,+919870000128,,Gateway Retry with Different IDs
pay_900988,cust_00099,order_700844,9999,1787517454,captured,card,customer_99@razorpay-demo.com,+919870000099,,Double-Click Issue
pay_900502,cust_00186,order_700502,99999,1787614980,captured,wallet,customer_186@razorpay-demo.com,+919870000186,,legitimate
pay_902124,cust_00164,order_701412,19999,1787680754,captured,upi,customer_164@razorpay-demo.com,+919870000164,cust164@okaxis,Failed UPI Retry
pay_901010,cust_00085,order_700855,49999,1787639281,captured,wallet,customer_85@razorpay-demo.com,+919870000085,,Double-Click Issue
pay_901199,cust_00017,order_700950,14999,1787555879,captured,netbanking,customer_17@razorpay-demo.com,+919870000017,,Double-Click Issue
pay_901395,cust_00032,order_701048,19999,1787615121,captured,upi,customer_32@razorpay-demo.com,+919870000032,cust32@okaxis,Network Timeout Retry
pay_900590,cust_00027,order_700590,149999,1787579746,failed,upi,customer_27@razorpay-demo.com,+919870000027,cust27@okaxis,legitimate
pay_900769,cust_00120,order_700735,14999,1787660088,captured,upi,customer_120@razorpay-demo.com,+919870000120,cust120@okaxis,Double-Click Issue
pay_900018,cust_00103,order_700018,14999,1787561013,failed,card,customer_103@razorpay-demo.com,+919870000103,,legitimate
pay_901043,cust_00081,order_700872,149999,1787550154,captured,upi,customer_81@razorpay-demo.com,+919870000081,cust81@okaxis,Double-Click Issue
pay_901448,cust_00137,order_701074,4999,1787679105,captured,wallet,customer_137@razorpay-demo.com,+919870000137,,Network Timeout Retry
pay_902379,cust_00040,order_701629,4999,1787627285,captured,netbanking,customer_40@razorpay-demo.com,+919870000040,,Multiple Browser Tabs Checkout
pay_900286,cust_00084,order_700286,9999,1787695158,failed,wallet,customer_84@razorpay-demo.com,+919870000084,,legitimate
pay_902549,cust_00130,order_701799,4999,1787560955,captured,wallet,customer_130@razorpay-demo.com,+919870000130,,Multiple Browser Tabs Checkout
pay_900429,cust_00089,order_700429,299999,1787657131,captured,wallet,customer_89@razorpay-demo.com,+919870000089,,legitimate
pay_901329,cust_00008,order_701015,34999,1787559992,captured,card,customer_8@razorpay-demo.com,+919870000008,,Network Timeout Retry
pay_901801,cust_00090,order_701251,4999,1787540562,captured,upi,customer_90@razorpay-demo.com,+919870000090,cust90@okaxis,Failed UPI Retry
pay_900670,cust_00020,order_700670,12499,1787683907,captured,upi,customer_20@razorpay-demo.com,+919870000020,cust20@okaxis,legitimate
pay_900032,cust_00029,order_700032,299999,1787705245,captured,netbanking,customer_29@razorpay-demo.com,+919870000029,,legitimate
pay_901342,cust_00147,order_701021,14999,1787679139,captured,upi,customer_147@razorpay-demo.com,+919870000147,cust147@okaxis,Network Timeout Retry
pay_900723,cust_00157,order_700712,12499,1787677301,captured,card,customer_157@razorpay-demo.com,+919870000157,,Double-Click Issue
pay_900952,cust_00066,order_700826,99999,1787594369,captured,upi,customer_66@razorpay-demo.com,+919870000066,cust66@okaxis,Double-Click Issue
pay_902212,cust_00010,order_701462,12499,1787639824,captured,card,customer_10@razorpay-demo.com,+919870000010,,Multiple Browser Tabs Checkout
pay_900215,cust_00124,order_700215,7499,1787597816,captured,upi,customer_124@razorpay-demo.com,+919870000124,cust124@okaxis,legitimate
pay_900990,cust_00130,order_700845,249999,1787662645,captured,wallet,customer_130@razorpay-demo.com,+919870000130,,Double-Click Issue
pay_901165,cust_00145,order_700933,74999,1787655011,captured,netbanking,customer_145@razorpay-demo.com,+919870000145,,Double-Click Issue
pay_902701,cust_00014,order_701951,19999,1787596818,failed,upi,customer_14@razorpay-demo.com,+919870000014,cust14@okaxis,Gateway Retry with Different IDs
pay_900327,cust_00107,order_700327,4999,1787623874,captured,wallet,customer_107@razorpay-demo.com,+919870000107,,legitimate
pay_900561,cust_00027,order_700561,14999,1787714279,captured,wallet,customer_27@razorpay-demo.com,+919870000027,,legitimate
pay_901384,cust_00046,order_701042,24999,1787538721,captured,wallet,customer_46@razorpay-demo.com,+919870000046,,Network Timeout Retry
pay_901725,cust_00113,order_701213,249999,1787622069,captured,upi,customer_113@razorpay-demo.com,+919870000113,cust113@okaxis,Failed UPI Retry
pay_901087,cust_00011,order_700894,9999,1787618582,captured,netbanking,customer_11@razorpay-demo.com,+919870000011,,Double-Click Issue
pay_902250,cust_00178,order_701500,9999,1787540179,captured,upi,customer_178@razorpay-demo.com,+919870000178,cust178@okaxis,Multiple Browser Tabs Checkout
pay_900342,cust_00018,order_700342,19999,1787673756,captured,upi,customer_18@razorpay-demo.com,+919870000018,cust18@okaxis,legitimate
pay_901654,cust_00178,order_701177,149999,1787580561,captured,card,customer_178@razorpay-demo.com,+919870000178,,Network Timeout Retry
pay_900148,cust_00079,order_700148,99999,1787617665,captured,netbanking,customer_79@razorpay-demo.com,+919870000079,,legitimate
pay_902258,cust_00143,order_701508,12499,1787535754,captured,upi,customer_143@razorpay-demo.com,+919870000143,cust143@okaxis,Multiple Browser Tabs Checkout
pay_902330,cust_00094,order_701580,9999,1787612351,captured,card,customer_94@razorpay-demo.com,+919870000094,,Multiple Browser Tabs Checkout
pay_901108,cust_00186,order_700904,14999,1787672922,captured,card,customer_186@razorpay-demo.com,+919870000186,,Double-Click Issue
pay_900849,cust_00174,order_700775,49999,1787616440,captured,wallet,customer_174@razorpay-demo.com,+919870000174,,Double-Click Issue
pay_900967,cust_00099,order_700834,149999,1787653663,captured,wallet,customer_99@razorpay-demo.com,+919870000099,,Double-Click Issue
pay_901073,cust_00052,order_700887,74999,1787658862,captured,wallet,customer_52@razorpay-demo.com,+919870000052,,Double-Click Issue
pay_902380,cust_00040,order_701630,4999,1787627299,captured,netbanking,customer_40@razorpay-demo.com,+919870000040,,Multiple Browser Tabs Checkout
pay_900156,cust_00027,order_700156,249999,1787639439,captured,card,customer_27@razorpay-demo.com,+919870000027,,legitimate
pay_900666,cust_00149,order_700666,7499,1787653079,captured,upi,customer_149@razorpay-demo.com,+919870000149,cust149@okaxis,legitimate
pay_900662,cust_00169,order_700662,24999,1787537894,captured,netbanking,customer_169@razorpay-demo.com,+919870000169,,legitimate
pay_901003,cust_00001,order_700852,249999,1787652261,captured,card,customer_1@razorpay-demo.com,+919870000001,,Double-Click Issue
pay_902260,cust_00159,order_701510,19999,1787595668,captured,upi,customer_159@razorpay-demo.com,+919870000159,cust159@okaxis,Multiple Browser Tabs Checkout
pay_902431,cust_00154,order_701681,149999,1787615849,captured,netbanking,customer_154@razorpay-demo.com,+919870000154,,Multiple Browser Tabs Checkout
pay_900177,cust_00150,order_700177,24999,1787724757,captured,wallet,customer_150@razorpay-demo.com,+919870000150,,legitimate
pay_902564,cust_00079,order_701814,7499,1787544794,captured,netbanking,customer_79@razorpay-demo.com,+919870000079,,Multiple Browser Tabs Checkout
pay_901525,cust_00142,order_701113,9999,1787607221,captured,card,customer_142@razorpay-demo.com,+919870000142,,Network Timeout Retry
pay_902726,cust_00014,order_701976,12499,1787521664,captured,upi,customer_14@razorpay-demo.com,+919870000014,cust14@okaxis,Gateway Retry with Different IDs
pay_901204,cust_00117,order_700952,299999,1787522371,captured,card,customer_117@razorpay-demo.com,+919870000117,,Network Timeout Retry
pay_900025,cust_00017,order_700025,24999,1787644153,captured,wallet,customer_17@razorpay-demo.com,+919870000017,,legitimate
pay_902719,cust_00068,order_701969,49999,1787590743,failed,netbanking,customer_68@razorpay-demo.com,+919870000068,,Gateway Retry with Different IDs
pay_901845,cust_00031,order_701273,149999,1787661987,captured,upi,customer_31@razorpay-demo.com,+919870000031,cust31@okaxis,Failed UPI Retry
pay_902329,cust_00094,order_701579,9999,1787612340,captured,card,customer_94@razorpay-demo.com,+919870000094,,Multiple Browser Tabs Checkout
pay_902363,cust_00074,order_701613,199999,1787541074,captured,card,customer_74@razorpay-demo.com,+919870000074,,Multiple Browser Tabs Checkout
pay_900876,cust_00190,order_700788,14999,1787679071,captured,upi,customer_190@razorpay-demo.com,+919870000190,cust190@okaxis,Double-Click Issue
pay_902870,cust_00118,order_702120,249999,1787683922,captured,card,customer_118@razorpay-demo.com,+919870000118,,Gateway Retry with Different IDs
pay_900939,cust_00051,order_700820,74999,1787649872,captured,upi,customer_51@razorpay-demo.com,+919870000051,cust51@okaxis,Double-Click Issue
pay_902607,cust_00119,order_701857,34999,1787588366,captured,wallet,customer_119@razorpay-demo.com,+919870000119,,Multiple Browser Tabs Checkout
pay_901553,cust_00016,order_701127,19999,1787657487,captured,wallet,customer_16@razorpay-demo.com,+919870000016,,Network Timeout Retry
pay_900347,cust_00052,order_700347,299999,1787583610,captured,card,customer_52@razorpay-demo.com,+919870000052,,legitimate
pay_902423,cust_00058,order_701673,4999,1787542056,captured,card,customer_58@razorpay-demo.com,+919870000058,,Multiple Browser Tabs Checkout
pay_902874,cust_00130,order_702124,7499,1787624315,captured,upi,customer_130@razorpay-demo.com,+919870000130,cust130@okaxis,Gateway Retry with Different IDs
pay_901883,cust_00030,order_701292,249999,1787650630,captured,upi,customer_30@razorpay-demo.com,+919870000030,cust30@okaxis,Failed UPI Retry
pay_900386,cust_00068,order_700386,99999,1787681104,captured,upi,customer_68@razorpay-demo.com,+919870000068,cust68@okaxis,legitimate
pay_902085,cust_00065,order_701393,9999,1787621851,captured,upi,customer_65@razorpay-demo.com,+919870000065,cust65@okaxis,Failed UPI Retry
pay_902424,cust_00058,order_701674,4999,1787542070,captured,card,customer_58@razorpay-demo.com,+919870000058,,Multiple Browser Tabs Checkout
pay_902117,cust_00004,order_701409,14999,1787675665,captured,upi,customer_4@razorpay-demo.com,+919870000004,cust4@okaxis,Failed UPI Retry
pay_900244,cust_00054,order_700244,74999,1787691060,captured,upi,customer_54@razorpay-demo.com,+919870000054,cust54@okaxis,legitimate
pay_902495,cust_00029,order_701745,199999,1787536802,captured,netbanking,customer_29@razorpay-demo.com,+919870000029,,Multiple Browser Tabs Checkout
pay_901827,cust_00187,order_701264,99999,1787606843,captured,upi,customer_187@razorpay-demo.com,+919870000187,cust187@okaxis,Failed UPI Retry
pay_900937,cust_00031,order_700819,14999,1787651047,captured,card,customer_31@razorpay-demo.com,+919870000031,,Double-Click Issue
pay_901690,cust_00115,order_701195,49999,1787551188,captured,upi,customer_115@razorpay-demo.com,+919870000115,cust115@okaxis,Network Timeout Retry
pay_902516,cust_00087,order_701766,12499,1787536672,captured,wallet,customer_87@razorpay-demo.com,+919870000087,,Multiple Browser Tabs Checkout
pay_900313,cust_00088,order_700313,199999,1787556914,failed,wallet,customer_88@razorpay-demo.com,+919870000088,,legitimate
pay_901460,cust_00196,order_701080,199999,1787564671,captured,netbanking,customer_196@razorpay-demo.com,+919870000196,,Network Timeout Retry
pay_902830,cust_00189,order_702080,74999,1787521872,captured,netbanking,customer_189@razorpay-demo.com,+919870000189,,Gateway Retry with Different IDs
pay_902019,cust_00061,order_701360,24999,1787636785,captured,upi,customer_61@razorpay-demo.com,+919870000061,cust61@okaxis,Failed UPI Retry
pay_901333,cust_00081,order_701017,24999,1787604693,captured,netbanking,customer_81@razorpay-demo.com,+919870000081,,Network Timeout Retry
pay_900969,cust_00043,order_700835,7499,1787635739,captured,upi,customer_43@razorpay-demo.com,+919870000043,cust43@okaxis,Double-Click Issue
pay_901455,cust_00184,order_701078,149999,1787658593,captured,wallet,customer_184@razorpay-demo.com,+919870000184,,Network Timeout Retry
pay_900661,cust_00139,order_700661,19999,1787720855,captured,card,customer_139@razorpay-demo.com,+919870000139,,legitimate
pay_900936,cust_00036,order_700818,24999,1787603846,captured,card,customer_36@razorpay-demo.com,+919870000036,,Double-Click Issue
pay_900371,cust_00183,order_700371,149999,1787686879,captured,upi,customer_183@razorpay-demo.com,+919870000183,cust183@okaxis,legitimate
pay_900567,cust_00133,order_700567,9999,1787586935,captured,upi,customer_133@razorpay-demo.com,+919870000133,cust133@okaxis,legitimate
pay_901025,cust_00163,order_700863,249999,1787648868,captured,card,customer_163@razorpay-demo.com,+919870000163,,Double-Click Issue
pay_900825,cust_00015,order_700763,12499,1787594315,captured,card,customer_15@razorpay-demo.com,+919870000015,,Double-Click Issue
pay_900983,cust_00087,order_700842,49999,1787590237,captured,card,customer_87@razorpay-demo.com,+919870000087,,Double-Click Issue
pay_902345,cust_00046,order_701595,14999,1787534339,captured,card,customer_46@razorpay-demo.com,+919870000046,,Multiple Browser Tabs Checkout
pay_901948,cust_00021,order_701324,299999,1787646122,captured,upi,customer_21@razorpay-demo.com,+919870000021,cust21@okaxis,Failed UPI Retry
pay_901646,cust_00074,order_701173,4999,1787635347,captured,netbanking,customer_74@razorpay-demo.com,+919870000074,,Network Timeout Retry
pay_902494,cust_00098,order_701744,24999,1787604321,captured,upi,customer_98@razorpay-demo.com,+919870000098,cust98@okaxis,Multiple Browser Tabs Checkout
pay_902165,cust_00098,order_701433,24999,1787572924,captured,upi,customer_98@razorpay-demo.com,+919870000098,cust98@okaxis,Failed UPI Retry
pay_902053,cust_00146,order_701377,34999,1787637245,captured,upi,customer_146@razorpay-demo.com,+919870000146,cust146@okaxis,Failed UPI Retry
pay_900814,cust_00114,order_700757,199999,1787561999,captured,netbanking,customer_114@razorpay-demo.com,+919870000114,,Double-Click Issue
pay_901793,cust_00117,order_701247,24999,1787591797,captured,upi,customer_117@razorpay-demo.com,+919870000117,cust117@okaxis,Failed UPI Retry
pay_901431,cust_00092,order_701066,249999,1787664782,captured,netbanking,customer_92@razorpay-demo.com,+919870000092,,Network Timeout Retry
pay_900779,cust_00009,order_700740,49999,1787536226,captured,upi,customer_9@razorpay-demo.com,+919870000009,cust9@okaxis,Double-Click Issue
pay_901750,cust_00043,order_701225,24999,1787566353,captured,upi,customer_43@razorpay-demo.com,+919870000043,cust43@okaxis,Failed UPI Retry
pay_901321,cust_00030,order_701011,199999,1787666833,captured,netbanking,customer_30@razorpay-demo.com,+919870000030,,Network Timeout Retry
pay_902014,cust_00016,order_701357,19999,1787671183,captured,upi,customer_16@razorpay-demo.com,+919870000016,cust16@okaxis,Failed UPI Retry
pay_902776,cust_00024,order_702026,4999,1787683675,captured,netbanking,customer_24@razorpay-demo.com,+919870000024,,Gateway Retry with Different IDs
pay_901053,cust_00074,order_700877,299999,1787655116,captured,wallet,customer_74@razorpay-demo.com,+919870000074,,Double-Click Issue
pay_902413,cust_00017,order_701663,299999,1787530725,captured,wallet,customer_17@razorpay-demo.com,+919870000017,,Multiple Browser Tabs Checkout
pay_901014,cust_00057,order_700857,4999,1787576812,captured,netbanking,customer_57@razorpay-demo.com,+919870000057,,Double-Click Issue
pay_901402,cust_00021,order_701051,24999,1787595622,captured,netbanking,customer_21@razorpay-demo.com,+919870000021,,Network Timeout Retry
pay_901823,cust_00135,order_701262,24999,1787606100,captured,upi,customer_135@razorpay-demo.com,+919870000135,cust135@okaxis,Failed UPI Retry
pay_902167,cust_00067,order_701434,249999,1787561175,captured,upi,customer_67@razorpay-demo.com,+919870000067,cust67@okaxis,Failed UPI Retry
pay_902409,cust_00187,order_701659,299999,1787539558,captured,wallet,customer_187@razorpay-demo.com,+919870000187,,Multiple Browser Tabs Checkout
pay_902503,cust_00176,order_701753,249999,1787554472,captured,wallet,customer_176@razorpay-demo.com,+919870000176,,Multiple Browser Tabs Checkout
pay_900127,cust_00052,order_700127,249999,1787649649,captured,card,customer_52@razorpay-demo.com,+919870000052,,legitimate
pay_902222,cust_00174,order_701472,249999,1787643507,captured,upi,customer_174@razorpay-demo.com,+919870000174,cust174@okaxis,Multiple Browser Tabs Checkout
pay_902059,cust_00120,order_701380,49999,1787528960,captured,upi,customer_120@razorpay-demo.com,+919870000120,cust120@okaxis,Failed UPI Retry
pay_900888,cust_00014,order_700794,249999,1787539179,captured,upi,customer_14@razorpay-demo.com,+919870000014,cust14@okaxis,Double-Click Issue
pay_902373,cust_00038,order_701623,19999,1787608730,captured,wallet,customer_38@razorpay-demo.com,+919870000038,,Multiple Browser Tabs Checkout
pay_901348,cust_00159,order_701024,19999,1787650059,captured,upi,customer_159@razorpay-demo.com,+919870000159,cust159@okaxis,Network Timeout Retry
pay_901008,cust_00088,order_700854,19999,1787656549,captured,card,customer_88@razorpay-demo.com,+919870000088,,Double-Click Issue
pay_900356,cust_00110,order_700356,9999,1787591375,captured,wallet,customer_110@razorpay-demo.com,+919870000110,,legitimate
pay_901004,cust_00001,order_700852,249999,1787652264,captured,card,customer_1@razorpay-demo.com,+919870000001,,Double-Click Issue
pay_901484,cust_00065,order_701092,249999,1787658581,captured,wallet,customer_65@razorpay-demo.com,+919870000065,,Network Timeout Retry
pay_900683,cust_00013,order_700683,9999,1787692925,captured,wallet,customer_13@razorpay-demo.com,+919870000013,,legitimate
pay_900828,cust_00181,order_700764,12499,1787579094,captured,netbanking,customer_181@razorpay-demo.com,+919870000181,,Double-Click Issue
pay_902624,cust_00198,order_701874,199999,1787572358,captured,netbanking,customer_198@razorpay-demo.com,+919870000198,,Multiple Browser Tabs Checkout
pay_902205,cust_00142,order_701455,4999,1787629616,captured,wallet,customer_142@razorpay-demo.com,+919870000142,,Multiple Browser Tabs Checkout
pay_901973,cust_00062,order_701337,74999,1787557551,captured,upi,customer_62@razorpay-demo.com,+919870000062,cust62@okaxis,Failed UPI Retry
pay_900985,cust_00064,order_700843,34999,1787630130,captured,netbanking,customer_64@razorpay-demo.com,+919870000064,,Double-Click Issue
pay_901234,cust_00170,order_700967,249999,1787679147,captured,netbanking,customer_170@razorpay-demo.com,+919870000170,,Network Timeout Retry
pay_902465,cust_00057,order_701715,9999,1787634335,captured,upi,customer_57@razorpay-demo.com,+919870000057,cust57@okaxis,Multiple Browser Tabs Checkout
pay_901966,cust_00073,order_701333,199999,1787575785,captured,upi,customer_73@razorpay-demo.com,+919870000073,cust73@okaxis,Failed UPI Retry
pay_900141,cust_00023,order_700141,14999,1787568115,captured,wallet,customer_23@razorpay-demo.com,+919870000023,,legitimate
pay_900218,cust_00191,order_700218,4999,1787695334,failed,wallet,customer_191@razorpay-demo.com,+919870000191,,legitimate
pay_902381,cust_00122,order_701631,299999,1787682989,captured,netbanking,customer_122@razorpay-demo.com,+919870000122,,Multiple Browser Tabs Checkout
pay_900363,cust_00196,order_700363,7499,1787629804,captured,upi,customer_196@razorpay-demo.com,+919870000196,cust196@okaxis,legitimate
pay_902574,cust_00043,order_701824,74999,1787578243,captured,netbanking,customer_43@razorpay-demo.com,+919870000043,,Multiple Browser Tabs Checkout
pay_900346,cust_00199,order_700346,34999,1787578824,captured,card,customer_199@razorpay-demo.com,+919870000199,,legitimate
pay_901926,cust_00144,order_701313,49999,1787533230,captured,upi,customer_144@razorpay-demo.com,+919870000144,cust144@okaxis,Failed UPI Retry
pay_900023,cust_00131,order_700023,34999,1787678690,captured,card,customer_131@razorpay-demo.com,+919870000131,,legitimate
pay_900712,cust_00035,order_700706,9999,1787652273,captured,wallet,customer_35@razorpay-demo.com,+919870000035,,Double-Click Issue
pay_901158,cust_00186,order_700929,74999,1787679869,captured,wallet,customer_186@razorpay-demo.com,+919870000186,,Double-Click Issue
pay_901946,cust_00183,order_701323,199999,1787631465,captured,upi,customer_183@razorpay-demo.com,+919870000183,cust183@okaxis,Failed UPI Retry
pay_900872,cust_00092,order_700786,49999,1787661532,captured,netbanking,customer_92@razorpay-demo.com,+919870000092,,Double-Click Issue
pay_902683,cust_00173,order_701933,34999,1787554232,captured,card,customer_173@razorpay-demo.com,+919870000173,,Multiple Browser Tabs Checkout
pay_901938,cust_00099,order_701319,4999,1787530402,captured,upi,customer_99@razorpay-demo.com,+919870000099,cust99@okaxis,Failed UPI Retry
pay_900011,cust_00012,order_700011,99999,1787682424,failed,upi,customer_12@razorpay-demo.com,+919870000012,cust12@okaxis,legitimate
pay_902334,cust_00189,order_701584,199999,1787645601,captured,upi,customer_189@razorpay-demo.com,+919870000189,cust189@okaxis,Multiple Browser Tabs Checkout
pay_902191,cust_00187,order_701446,199999,1787655802,captured,upi,customer_187@razorpay-demo.com,+919870000187,cust187@okaxis,Failed UPI Retry
pay_902782,cust_00021,order_702032,299999,1787567367,captured,wallet,customer_21@razorpay-demo.com,+919870000021,,Gateway Retry with Different IDs
pay_901835,cust_00091,order_701268,299999,1787537855,captured,upi,customer_91@razorpay-demo.com,+919870000091,cust91@okaxis,Failed UPI Retry
pay_900794,cust_00151,order_700747,49999,1787534885,captured,wallet,customer_151@razorpay-demo.com,+919870000151,,Double-Click Issue
pay_901316,cust_00071,order_701008,12499,1787594050,captured,upi,customer_71@razorpay-demo.com,+919870000071,cust71@okaxis,Network Timeout Retry
pay_900755,cust_00061,order_700728,7499,1787583334,captured,card,customer_61@razorpay-demo.com,+919870000061,,Double-Click Issue
pay_900627,cust_00064,order_700627,49999,1787683698,captured,netbanking,customer_64@razorpay-demo.com,+919870000064,,legitimate
pay_900095,cust_00149,order_700095,74999,1787615878,captured,netbanking,customer_149@razorpay-demo.com,+919870000149,,legitimate
pay_901941,cust_00162,order_701321,249999,1787634694,captured,upi,customer_162@razorpay-demo.com,+919870000162,cust162@okaxis,Failed UPI Retry
pay_900130,cust_00192,order_700130,149999,1787683444,captured,card,customer_192@razorpay-demo.com,+919870000192,,legitimate
pay_901709,cust_00060,order_701205,74999,1787555562,captured,upi,customer_60@razorpay-demo.com,+919870000060,cust60@okaxis,Failed UPI Retry
pay_900844,cust_00166,order_700772,9999,1787554111,captured,card,customer_166@razorpay-demo.com,+919870000166,,Double-Click Issue
pay_900324,cust_00027,order_700324,149999,1787577014,captured,card,customer_27@razorpay-demo.com,+919870000027,,legitimate
pay_902507,cust_00122,order_701757,99999,1787546423,captured,netbanking,customer_122@razorpay-demo.com,+919870000122,,Multiple Browser Tabs Checkout
pay_901919,cust_00071,order_701310,49999,1787570590,captured,upi,customer_71@razorpay-demo.com,+919870000071,cust71@okaxis,Failed UPI Retry
pay_901285,cust_00031,order_700993,149999,1787592612,captured,upi,customer_31@razorpay-demo.com,+919870000031,cust31@okaxis,Network Timeout Retry
pay_901672,cust_00136,order_701186,14999,1787600139,captured,netbanking,customer_136@razorpay-demo.com,+919870000136,,Network Timeout Retry
pay_902811,cust_00033,order_702061,9999,1787548411,failed,card,customer_33@razorpay-demo.com,+919870000033,,Gateway Retry with Different IDs
pay_900015,cust_00187,order_700015,12499,1787615289,captured,upi,customer_187@razorpay-demo.com,+919870000187,cust187@okaxis,legitimate
pay_902177,cust_00184,order_701439,14999,1787533289,captured,upi,customer_184@razorpay-demo.com,+919870000184,cust184@okaxis,Failed UPI Retry
pay_900948,cust_00029,order_700824,249999,1787541214,captured,wallet,customer_29@razorpay-demo.com,+919870000029,,Double-Click Issue
pay_900216,cust_00076,order_700216,149999,1787520180,captured,netbanking,customer_76@razorpay-demo.com,+919870000076,,legitimate
pay_901901,cust_00037,order_701301,199999,1787666088,captured,upi,customer_37@razorpay-demo.com,+919870000037,cust37@okaxis,Failed UPI Retry
pay_900228,cust_00174,order_700228,149999,1787724371,captured,wallet,customer_174@razorpay-demo.com,+919870000174,,legitimate
pay_902314,cust_00147,order_701564,149999,1787684185,captured,card,customer_147@razorpay-demo.com,+919870000147,,Multiple Browser Tabs Checkout
pay_901183,cust_00010,order_700942,49999,1787609352,captured,netbanking,customer_10@razorpay-demo.com,+919870000010,,Double-Click Issue
pay_900806,cust_00177,order_700753,12499,1787644308,captured,card,customer_177@razorpay-demo.com,+919870000177,,Double-Click Issue
pay_902070,cust_00132,order_701385,299999,1787596596,captured,upi,customer_132@razorpay-demo.com,+919870000132,cust132@okaxis,Failed UPI Retry
pay_900865,cust_00108,order_700783,24999,1787642748,captured,wallet,customer_108@razorpay-demo.com,+919870000108,,Double-Click Issue
pay_901866,cust_00166,order_701283,9999,1787598753,captured,upi,customer_166@razorpay-demo.com,+919870000166,cust166@okaxis,Failed UPI Retry
pay_901659,cust_00003,order_701180,7499,1787629553,captured,wallet,customer_3@razorpay-demo.com,+919870000003,,Network Timeout Retry
pay_900517,cust_00122,order_700517,4999,1787667255,captured,card,customer_122@razorpay-demo.com,+919870000122,,legitimate
pay_901546,cust_00100,order_701123,99999,1787606340,captured,wallet,customer_100@razorpay-demo.com,+919870000100,,Network Timeout Retry
pay_901858,cust_00086,order_701279,19999,1787583980,captured,upi,customer_86@razorpay-demo.com,+919870000086,cust86@okaxis,Failed UPI Retry
pay_900598,cust_00106,order_700598,299999,1787729818,captured,card,customer_106@razorpay-demo.com,+919870000106,,legitimate
pay_900196,cust_00062,order_700196,74999,1787565890,captured,wallet,customer_62@razorpay-demo.com,+919870000062,,legitimate
pay_901278,cust_00102,order_700989,199999,1787586887,captured,upi,customer_102@razorpay-demo.com,+919870000102,cust102@okaxis,Network Timeout Retry
pay_900289,cust_00057,order_700289,19999,1787531939,captured,upi,customer_57@razorpay-demo.com,+919870000057,cust57@okaxis,legitimate
pay_900951,cust_00066,order_700826,99999,1787594367,captured,upi,customer_66@razorpay-demo.com,+919870000066,cust66@okaxis,Double-Click Issue
pay_902724,cust_00143,order_701974,249999,1787524657,captured,wallet,customer_143@razorpay-demo.com,+919870000143,,Gateway Retry with Different IDs
pay_902471,cust_00194,order_701721,24999,1787549370,captured,card,customer_194@razorpay-demo.com,+919870000194,,Multiple Browser Tabs Checkout
pay_902763,cust_00168,order_702013,9999,1787567030,failed,card,customer_168@razorpay-demo.com,+919870000168,,Gateway Retry with Different IDs
pay_901121,cust_00085,order_700911,4999,1787528098,captured,card,customer_85@razorpay-demo.com,+919870000085,,Double-Click Issue
pay_902359,cust_00118,order_701609,14999,1787670664,captured,upi,customer_118@razorpay-demo.com,+919870000118,cust118@okaxis,Multiple Browser Tabs Checkout
pay_900550,cust_00182,order_700550,12499,1787687741,captured,wallet,customer_182@razorpay-demo.com,+919870000182,,legitimate
pay_900157,cust_00113,order_700157,19999,1787723988,captured,upi,customer_113@razorpay-demo.com,+919870000113,cust113@okaxis,legitimate
pay_900420,cust_00170,order_700420,34999,1787583211,captured,wallet,customer_170@razorpay-demo.com,+919870000170,,legitimate
pay_900923,cust_00010,order_700812,24999,1787648713,captured,netbanking,customer_10@razorpay-demo.com,+919870000010,,Double-Click Issue
pay_902119,cust_00098,order_701410,99999,1787569992,captured,upi,customer_98@razorpay-demo.com,+919870000098,cust98@okaxis,Failed UPI Retry
pay_900478,cust_00060,order_700478,249999,1787640175,captured,netbanking,customer_60@razorpay-demo.com,+919870000060,,legitimate
pay_902190,cust_00198,order_701445,34999,1787598144,captured,upi,customer_198@razorpay-demo.com,+919870000198,cust198@okaxis,Failed UPI Retry
pay_901693,cust_00177,order_701197,149999,1787589756,captured,upi,customer_177@razorpay-demo.com,+919870000177,cust177@okaxis,Network Timeout Retry
pay_902132,cust_00198,order_701416,99999,1787645000,captured,upi,customer_198@razorpay-demo.com,+919870000198,cust198@okaxis,Failed UPI Retry
pay_902821,cust_00040,order_702071,149999,1787681997,failed,wallet,customer_40@razorpay-demo.com,+919870000040,,Gateway Retry with Different IDs
pay_901524,cust_00188,order_701112,34999,1787665407,captured,netbanking,customer_188@razorpay-demo.com,+919870000188,,Network Timeout Retry
pay_901472,cust_00069,order_701086,9999,1787641107,captured,wallet,customer_69@razorpay-demo.com,+919870000069,,Network Timeout Retry
pay_900554,cust_00103,order_700554,49999,1787632868,captured,wallet,customer_103@razorpay-demo.com,+919870000103,,legitimate
pay_901203,cust_00117,order_700952,299999,1787522336,captured,card,customer_117@razorpay-demo.com,+919870000117,,Network Timeout Retry
pay_900391,cust_00037,order_700391,19999,1787674028,captured,netbanking,customer_37@razorpay-demo.com,+919870000037,,legitimate
pay_900579,cust_00109,order_700579,9999,1787652709,captured,wallet,customer_109@razorpay-demo.com,+919870000109,,legitimate
pay_901670,cust_00118,order_701185,49999,1787522354,captured,card,customer_118@razorpay-demo.com,+919870000118,,Network Timeout Retry
pay_902684,cust_00173,order_701934,34999,1787554243,captured,card,customer_173@razorpay-demo.com,+919870000173,,Multiple Browser Tabs Checkout
pay_902122,cust_00175,order_701411,4999,1787532363,captured,upi,customer_175@razorpay-demo.com,+919870000175,cust175@okaxis,Failed UPI Retry
pay_902630,cust_00113,order_701880,24999,1787664556,captured,netbanking,customer_113@razorpay-demo.com,+919870000113,,Multiple Browser Tabs Checkout
pay_901640,cust_00012,order_701170,299999,1787549972,captured,upi,customer_12@razorpay-demo.com,+919870000012,cust12@okaxis,Network Timeout Retry
pay_900821,cust_00130,order_700761,24999,1787650314,captured,upi,customer_130@razorpay-demo.com,+919870000130,cust130@okaxis,Double-Click Issue
pay_902773,cust_00095,order_702023,74999,1787590454,failed,upi,customer_95@razorpay-demo.com,+919870000095,cust95@okaxis,Gateway Retry with Different IDs
pay_901007,cust_00088,order_700854,19999,1787656547,captured,card,customer_88@razorpay-demo.com,+919870000088,,Double-Click Issue
pay_901249,cust_00025,order_700975,9999,1787671239,captured,wallet,customer_25@razorpay-demo.com,+919870000025,,Network Timeout Retry
pay_900145,cust_00049,order_700145,7499,1787670977,captured,upi,customer_49@razorpay-demo.com,+919870000049,cust49@okaxis,legitimate
pay_900665,cust_00134,order_700665,24999,1787614468,captured,netbanking,customer_134@razorpay-demo.com,+919870000134,,legitimate
pay_902570,cust_00097,order_701820,74999,1787571163,captured,wallet,customer_97@razorpay-demo.com,+919870000097,,Multiple Browser Tabs Checkout
pay_900143,cust_00084,order_700143,9999,1787561259,captured,wallet,customer_84@razorpay-demo.com,+919870000084,,legitimate
pay_902582,cust_00152,order_701832,19999,1787527085,captured,netbanking,customer_152@razorpay-demo.com,+919870000152,,Multiple Browser Tabs Checkout
pay_901047,cust_00182,order_700874,99999,1787602514,captured,upi,customer_182@razorpay-demo.com,+919870000182,cust182@okaxis,Double-Click Issue
pay_901889,cust_00096,order_701295,34999,1787658771,captured,upi,customer_96@razorpay-demo.com,+919870000096,cust96@okaxis,Failed UPI Retry
pay_900422,cust_00175,order_700422,99999,1787647217,captured,netbanking,customer_175@razorpay-demo.com,+919870000175,,legitimate
pay_901661,cust_00169,order_701181,19999,1787518738,captured,card,customer_169@razorpay-demo.com,+919870000169,,Network Timeout Retry
pay_901715,cust_00183,order_701208,99999,1787580061,captured,upi,customer_183@razorpay-demo.com,+919870000183,cust183@okaxis,Failed UPI Retry
pay_900800,cust_00106,order_700750,14999,1787628591,captured,wallet,customer_106@razorpay-demo.com,+919870000106,,Double-Click Issue
pay_902303,cust_00011,order_701553,34999,1787589001,captured,card,customer_11@razorpay-demo.com,+919870000011,,Multiple Browser Tabs Checkout
pay_900616,cust_00025,order_700616,4999,1787618431,captured,upi,customer_25@razorpay-demo.com,+919870000025,cust25@okaxis,legitimate
pay_901319,cust_00028,order_701010,49999,1787602388,captured,card,customer_28@razorpay-demo.com,+919870000028,,Network Timeout Retry
pay_902008,cust_00112,order_701354,149999,1787685305,captured,upi,customer_112@razorpay-demo.com,+919870000112,cust112@okaxis,Failed UPI Retry
pay_900296,cust_00071,order_700296,74999,1787591460,captured,card,customer_71@razorpay-demo.com,+919870000071,,legitimate
pay_900402,cust_00196,order_700402,24999,1787525213,captured,netbanking,customer_196@razorpay-demo.com,+919870000196,,legitimate
pay_900089,cust_00001,order_700089,49999,1787594113,captured,upi,customer_1@razorpay-demo.com,+919870000001,cust1@okaxis,legitimate
pay_902376,cust_00137,order_701626,14999,1787674509,captured,card,customer_137@razorpay-demo.com,+919870000137,,Multiple Browser Tabs Checkout
pay_901773,cust_00041,order_701237,24999,1787610541,captured,upi,customer_41@razorpay-demo.com,+919870000041,cust41@okaxis,Failed UPI Retry
pay_902856,cust_00078,order_702106,12499,1787611672,captured,upi,customer_78@razorpay-demo.com,+919870000078,cust78@okaxis,Gateway Retry with Different IDs
pay_900132,cust_00097,order_700132,24999,1787531856,captured,upi,customer_97@razorpay-demo.com,+919870000097,cust97@okaxis,legitimate
pay_900574,cust_00153,order_700574,24999,1787642234,captured,wallet,customer_153@razorpay-demo.com,+919870000153,,legitimate
pay_902786,cust_00110,order_702036,14999,1787610665,captured,card,customer_110@razorpay-demo.com,+919870000110,,Gateway Retry with Different IDs
pay_900078,cust_00042,order_700078,199999,1787705827,captured,upi,customer_42@razorpay-demo.com,+919870000042,cust42@okaxis,legitimate
pay_901403,cust_00038,order_701052,249999,1787626133,captured,upi,customer_38@razorpay-demo.com,+919870000038,cust38@okaxis,Network Timeout Retry
pay_902385,cust_00188,order_701635,34999,1787539533,captured,card,customer_188@razorpay-demo.com,+919870000188,,Multiple Browser Tabs Checkout
pay_902513,cust_00190,order_701763,299999,1787526623,captured,upi,customer_190@razorpay-demo.com,+919870000190,cust190@okaxis,Multiple Browser Tabs Checkout
pay_901189,cust_00131,order_700945,7499,1787578317,captured,wallet,customer_131@razorpay-demo.com,+919870000131,,Double-Click Issue
pay_900725,cust_00085,order_700713,149999,1787556567,captured,card,customer_85@razorpay-demo.com,+919870000085,,Double-Click Issue
pay_901315,cust_00071,order_701008,12499,1787594023,captured,upi,customer_71@razorpay-demo.com,+919870000071,cust71@okaxis,Network Timeout Retry
pay_902272,cust_00041,order_701522,199999,1787599267,captured,card,customer_41@razorpay-demo.com,+919870000041,,Multiple Browser Tabs Checkout
pay_901852,cust_00164,order_701276,12499,1787634738,captured,upi,customer_164@razorpay-demo.com,+919870000164,cust164@okaxis,Failed UPI Retry
pay_900270,cust_00080,order_700270,299999,1787591262,captured,netbanking,customer_80@razorpay-demo.com,+919870000080,,legitimate
pay_902822,cust_00040,order_702072,149999,1787682037,captured,wallet,customer_40@razorpay-demo.com,+919870000040,,Gateway Retry with Different IDs
pay_902402,cust_00095,order_701652,24999,1787517563,captured,netbanking,customer_95@razorpay-demo.com,+919870000095,,Multiple Browser Tabs Checkout
pay_902262,cust_00071,order_701512,4999,1787534921,captured,upi,customer_71@razorpay-demo.com,+919870000071,cust71@okaxis,Multiple Browser Tabs Checkout
pay_902789,cust_00170,order_702039,149999,1787576864,failed,netbanking,customer_170@razorpay-demo.com,+919870000170,,Gateway Retry with Different IDs
pay_901373,cust_00180,order_701037,199999,1787578526,captured,netbanking,customer_180@razorpay-demo.com,+919870000180,,Network Timeout Retry
pay_901856,cust_00083,order_701278,199999,1787516617,captured,upi,customer_83@razorpay-demo.com,+919870000083,cust83@okaxis,Failed UPI Retry
pay_902514,cust_00190,order_701764,299999,1787526634,captured,upi,customer_190@razorpay-demo.com,+919870000190,cust190@okaxis,Multiple Browser Tabs Checkout
pay_900918,cust_00043,order_700809,299999,1787518747,captured,wallet,customer_43@razorpay-demo.com,+919870000043,,Double-Click Issue
pay_901344,cust_00049,order_701022,34999,1787556047,captured,upi,customer_49@razorpay-demo.com,+919870000049,cust49@okaxis,Network Timeout Retry
pay_901320,cust_00028,order_701010,49999,1787602413,captured,card,customer_28@razorpay-demo.com,+919870000028,,Network Timeout Retry
pay_902484,cust_00130,order_701734,74999,1787532571,captured,card,customer_130@razorpay-demo.com,+919870000130,,Multiple Browser Tabs Checkout
pay_902779,cust_00162,order_702029,99999,1787565674,failed,card,customer_162@razorpay-demo.com,+919870000162,,Gateway Retry with Different IDs
pay_900588,cust_00030,order_700588,14999,1787632522,captured,netbanking,customer_30@razorpay-demo.com,+919870000030,,legitimate
pay_901954,cust_00165,order_701327,149999,1787647981,captured,upi,customer_165@razorpay-demo.com,+919870000165,cust165@okaxis,Failed UPI Retry
pay_902184,cust_00164,order_701442,4999,1787676760,captured,upi,customer_164@razorpay-demo.com,+919870000164,cust164@okaxis,Failed UPI Retry
pay_902891,cust_00175,order_702141,19999,1787591918,failed,card,customer_175@razorpay-demo.com,+919870000175,,Gateway Retry with Different IDs
pay_900376,cust_00148,order_700376,7499,1787725475,captured,upi,customer_148@razorpay-demo.com,+919870000148,cust148@okaxis,legitimate
pay_901909,cust_00176,order_701305,249999,1787618134,captured,upi,customer_176@razorpay-demo.com,+919870000176,cust176@okaxis,Failed UPI Retry
pay_900334,cust_00078,order_700334,7499,1787566944,captured,card,customer_78@razorpay-demo.com,+919870000078,,legitimate
pay_902171,cust_00157,order_701436,24999,1787546276,captured,upi,customer_157@razorpay-demo.com,+919870000157,cust157@okaxis,Failed UPI Retry
pay_902220,cust_00104,order_701470,7499,1787654927,captured,upi,customer_104@razorpay-demo.com,+919870000104,cust104@okaxis,Multiple Browser Tabs Checkout
pay_901980,cust_00146,order_701340,199999,1787574691,captured,upi,customer_146@razorpay-demo.com,+919870000146,cust146@okaxis,Failed UPI Retry
pay_902722,cust_00081,order_701972,149999,1787647423,captured,wallet,customer_81@razorpay-demo.com,+919870000081,,Gateway Retry with Different IDs
pay_901605,cust_00198,order_701153,19999,1787667469,captured,netbanking,customer_198@razorpay-demo.com,+919870000198,,Network Timeout Retry
pay_901841,cust_00060,order_701271,149999,1787565637,captured,upi,customer_60@razorpay-demo.com,+919870000060,cust60@okaxis,Failed UPI Retry
pay_901119,cust_00192,order_700910,99999,1787519545,captured,upi,customer_192@razorpay-demo.com,+919870000192,cust192@okaxis,Double-Click Issue
pay_902080,cust_00044,order_701390,74999,1787524428,captured,upi,customer_44@razorpay-demo.com,+919870000044,cust44@okaxis,Failed UPI Retry
pay_901443,cust_00040,order_701072,14999,1787515457,captured,card,customer_40@razorpay-demo.com,+919870000040,,Network Timeout Retry
pay_902060,cust_00120,order_701380,49999,1787529068,captured,upi,customer_120@razorpay-demo.com,+919870000120,cust120@okaxis,Failed UPI Retry
pay_901944,cust_00158,order_701322,19999,1787569486,captured,upi,customer_158@razorpay-demo.com,+919870000158,cust158@okaxis,Failed UPI Retry
pay_900911,cust_00077,order_700806,14999,1787641210,captured,wallet,customer_77@razorpay-demo.com,+919870000077,,Double-Click Issue
pay_902196,cust_00200,order_701448,34999,1787536483,captured,upi,customer_200@razorpay-demo.com,+919870000200,cust200@okaxis,Failed UPI Retry
pay_900777,cust_00122,order_700739,14999,1787583663,captured,card,customer_122@razorpay-demo.com,+919870000122,,Double-Click Issue
pay_902551,cust_00158,order_701801,99999,1787647887,captured,netbanking,customer_158@razorpay-demo.com,+919870000158,,Multiple Browser Tabs Checkout
pay_900329,cust_00183,order_700329,99999,1787686379,captured,netbanking,customer_183@razorpay-demo.com,+919870000183,,legitimate
pay_902857,cust_00092,order_702107,299999,1787577138,failed,netbanking,customer_92@razorpay-demo.com,+919870000092,,Gateway Retry with Different IDs
pay_901343,cust_00049,order_701022,34999,1787556025,captured,upi,customer_49@razorpay-demo.com,+919870000049,cust49@okaxis,Network Timeout Retry
pay_900321,cust_00113,order_700321,34999,1787683516,captured,netbanking,customer_113@razorpay-demo.com,+919870000113,,legitimate
pay_901620,cust_00101,order_701160,9999,1787573561,captured,upi,customer_101@razorpay-demo.com,+919870000101,cust101@okaxis,Network Timeout Retry
pay_901666,cust_00182,order_701183,7499,1787599224,captured,netbanking,customer_182@razorpay-demo.com,+919870000182,,Network Timeout Retry
pay_902855,cust_00078,order_702105,12499,1787611661,failed,upi,customer_78@razorpay-demo.com,+919870000078,cust78@okaxis,Gateway Retry with Different IDs
pay_900013,cust_00094,order_700013,9999,1787592179,captured,netbanking,customer_94@razorpay-demo.com,+919870000094,,legitimate
pay_900898,cust_00126,order_700799,199999,1787537804,captured,card,customer_126@razorpay-demo.com,+919870000126,,Double-Click Issue
pay_900172,cust_00104,order_700172,14999,1787609997,captured,wallet,customer_104@razorpay-demo.com,+919870000104,,legitimate
pay_901674,cust_00041,order_701187,4999,1787633716,captured,netbanking,customer_41@razorpay-demo.com,+919870000041,,Network Timeout Retry
pay_901943,cust_00158,order_701322,19999,1787569431,captured,upi,customer_158@razorpay-demo.com,+919870000158,cust158@okaxis,Failed UPI Retry
pay_900261,cust_00024,order_700261,24999,1787676272,captured,card,customer_24@razorpay-demo.com,+919870000024,,legitimate
pay_902273,cust_00019,order_701523,299999,1787640099,captured,upi,customer_19@razorpay-demo.com,+919870000019,cust19@okaxis,Multiple Browser Tabs Checkout
pay_902040,cust_00117,order_701370,299999,1787651875,captured,upi,customer_117@razorpay-demo.com,+919870000117,cust117@okaxis,Failed UPI Retry
pay_900690,cust_00089,order_700690,299999,1787599331,captured,netbanking,customer_89@razorpay-demo.com,+919870000089,,legitimate
pay_900902,cust_00099,order_700801,4999,1787607681,captured,card,customer_99@razorpay-demo.com,+919870000099,,Double-Click Issue
pay_902027,cust_00099,order_701364,249999,1787675191,captured,upi,customer_99@razorpay-demo.com,+919870000099,cust99@okaxis,Failed UPI Retry
pay_900139,cust_00167,order_700139,14999,1787615854,captured,wallet,customer_167@razorpay-demo.com,+919870000167,,legitimate
pay_901918,cust_00054,order_701309,19999,1787550163,captured,upi,customer_54@razorpay-demo.com,+919870000054,cust54@okaxis,Failed UPI Retry
pay_901829,cust_00124,order_701265,149999,1787634440,captured,upi,customer_124@razorpay-demo.com,+919870000124,cust124@okaxis,Failed UPI Retry
pay_901574,cust_00114,order_701137,299999,1787671422,captured,netbanking,customer_114@razorpay-demo.com,+919870000114,,Network Timeout Retry
pay_900320,cust_00121,order_700320,299999,1787594895,failed,upi,customer_121@razorpay-demo.com,+919870000121,cust121@okaxis,legitimate
pay_900654,cust_00031,order_700654,49999,1787554179,captured,card,customer_31@razorpay-demo.com,+919870000031,,legitimate
pay_902241,cust_00142,order_701491,9999,1787557543,captured,wallet,customer_142@razorpay-demo.com,+919870000142,,Multiple Browser Tabs Checkout
pay_900559,cust_00192,order_700559,49999,1787611729,captured,upi,customer_192@razorpay-demo.com,+919870000192,cust192@okaxis,legitimate
pay_900113,cust_00139,order_700113,34999,1787528890,captured,wallet,customer_139@razorpay-demo.com,+919870000139,,legitimate
pay_900532,cust_00040,order_700532,149999,1787583843,captured,wallet,customer_40@razorpay-demo.com,+919870000040,,legitimate
pay_900225,cust_00094,order_700225,49999,1787694823,captured,netbanking,customer_94@razorpay-demo.com,+919870000094,,legitimate
pay_900724,cust_00157,order_700712,12499,1787677302,captured,card,customer_157@razorpay-demo.com,+919870000157,,Double-Click Issue
pay_902346,cust_00046,order_701596,14999,1787534352,captured,card,customer_46@razorpay-demo.com,+919870000046,,Multiple Browser Tabs Checkout
pay_902482,cust_00192,order_701732,14999,1787576314,captured,netbanking,customer_192@razorpay-demo.com,+919870000192,,Multiple Browser Tabs Checkout
pay_901434,cust_00139,order_701067,299999,1787610248,captured,netbanking,customer_139@razorpay-demo.com,+919870000139,,Network Timeout Retry
pay_902248,cust_00181,order_701498,99999,1787587384,captured,netbanking,customer_181@razorpay-demo.com,+919870000181,,Multiple Browser Tabs Checkout
pay_901459,cust_00196,order_701080,199999,1787564633,captured,netbanking,customer_196@razorpay-demo.com,+919870000196,,Network Timeout Retry
pay_902611,cust_00072,order_701861,99999,1787626775,captured,upi,customer_72@razorpay-demo.com,+919870000072,cust72@okaxis,Multiple Browser Tabs Checkout
pay_900847,cust_00090,order_700774,34999,1787553147,captured,netbanking,customer_90@razorpay-demo.com,+919870000090,,Double-Click Issue
pay_900194,cust_00124,order_700194,19999,1787634655,captured,netbanking,customer_124@razorpay-demo.com,+919870000124,,legitimate
pay_901465,cust_00117,order_701083,74999,1787562466,captured,wallet,customer_117@razorpay-demo.com,+919870000117,,Network Timeout Retry
pay_900947,cust_00029,order_700824,249999,1787541213,captured,wallet,customer_29@razorpay-demo.com,+919870000029,,Double-Click Issue
pay_902022,cust_00161,order_701361,19999,1787638516,captured,upi,customer_161@razorpay-demo.com,+919870000161,cust161@okaxis,Failed UPI Retry
pay_901630,cust_00135,order_701165,12499,1787527860,captured,upi,customer_135@razorpay-demo.com,+919870000135,cust135@okaxis,Network Timeout Retry
pay_900118,cust_00125,order_700118,4999,1787588045,captured,wallet,customer_125@razorpay-demo.com,+919870000125,,legitimate
pay_900646,cust_00110,order_700646,14999,1787572238,failed,card,customer_110@razorpay-demo.com,+919870000110,,legitimate
pay_901871,cust_00134,order_701286,14999,1787613063,captured,upi,customer_134@razorpay-demo.com,+919870000134,cust134@okaxis,Failed UPI Retry
pay_900004,cust_00060,order_700004,49999,1787636670,captured,card,customer_60@razorpay-demo.com,+919870000060,,legitimate
pay_900075,cust_00094,order_700075,299999,1787709609,captured,card,customer_94@razorpay-demo.com,+919870000094,,legitimate
pay_901756,cust_00029,order_701228,9999,1787650125,captured,upi,customer_29@razorpay-demo.com,+919870000029,cust29@okaxis,Failed UPI Retry
pay_900468,cust_00170,order_700468,249999,1787656604,captured,upi,customer_170@razorpay-demo.com,+919870000170,cust170@okaxis,legitimate
pay_900006,cust_00002,order_700006,199999,1787666239,captured,upi,customer_2@razorpay-demo.com,+919870000002,cust2@okaxis,legitimate
pay_901247,cust_00130,order_700974,99999,1787658263,captured,wallet,customer_130@razorpay-demo.com,+919870000130,,Network Timeout Retry
pay_900920,cust_00187,order_700810,9999,1787642292,captured,upi,customer_187@razorpay-demo.com,+919870000187,cust187@okaxis,Double-Click Issue
pay_900229,cust_00094,order_700229,7499,1787518447,captured,wallet,customer_94@razorpay-demo.com,+919870000094,,legitimate
pay_901064,cust_00009,order_700882,19999,1787533152,captured,wallet,customer_9@razorpay-demo.com,+919870000009,,Double-Click Issue
pay_900243,cust_00033,order_700243,199999,1787530261,captured,upi,customer_33@razorpay-demo.com,+919870000033,cust33@okaxis,legitimate
pay_902523,cust_00028,order_701773,7499,1787599999,captured,netbanking,customer_28@razorpay-demo.com,+919870000028,,Multiple Browser Tabs Checkout
pay_901161,cust_00018,order_700931,299999,1787570354,captured,upi,customer_18@razorpay-demo.com,+919870000018,cust18@okaxis,Double-Click Issue
pay_902429,cust_00008,order_701679,7499,1787600640,captured,netbanking,customer_8@razorpay-demo.com,+919870000008,,Multiple Browser Tabs Checkout
pay_901527,cust_00076,order_701114,249999,1787609030,captured,netbanking,customer_76@razorpay-demo.com,+919870000076,,Network Timeout Retry
pay_901606,cust_00198,order_701153,19999,1787667497,captured,netbanking,customer_198@razorpay-demo.com,+919870000198,,Network Timeout Retry
pay_902746,cust_00028,order_701996,249999,1787542028,captured,netbanking,customer_28@razorpay-demo.com,+919870000028,,Gateway Retry with Different IDs
pay_902246,cust_00125,order_701496,7499,1787516696,captured,card,customer_125@razorpay-demo.com,+919870000125,,Multiple Browser Tabs Checkout
pay_902458,cust_00107,order_701708,34999,1787535592,captured,card,customer_107@razorpay-demo.com,+919870000107,,Multiple Browser Tabs Checkout
pay_901990,cust_00079,order_701345,24999,1787527512,captured,upi,customer_79@razorpay-demo.com,+919870000079,cust79@okaxis,Failed UPI Retry
pay_902271,cust_00041,order_701521,199999,1787599259,captured,card,customer_41@razorpay-demo.com,+919870000041,,Multiple Browser Tabs Checkout
pay_901976,cust_00124,order_701338,24999,1787526912,captured,upi,customer_124@razorpay-demo.com,+919870000124,cust124@okaxis,Failed UPI Retry
pay_901762,cust_00183,order_701231,299999,1787550423,captured,upi,customer_183@razorpay-demo.com,+919870000183,cust183@okaxis,Failed UPI Retry
pay_901306,cust_00010,order_701003,19999,1787628648,captured,upi,customer_10@razorpay-demo.com,+919870000010,cust10@okaxis,Network Timeout Retry
pay_901542,cust_00034,order_701121,9999,1787550390,captured,card,customer_34@razorpay-demo.com,+919870000034,,Network Timeout Retry
pay_900623,cust_00090,order_700623,149999,1787651106,captured,upi,customer_90@razorpay-demo.com,+919870000090,cust90@okaxis,legitimate
pay_902232,cust_00028,order_701482,7499,1787618265,captured,wallet,customer_28@razorpay-demo.com,+919870000028,,Multiple Browser Tabs Checkout
pay_901494,cust_00011,order_701097,149999,1787559248,captured,card,customer_11@razorpay-demo.com,+919870000011,,Network Timeout Retry
pay_900111,cust_00139,order_700111,7499,1787548020,captured,upi,customer_139@razorpay-demo.com,+919870000139,cust139@okaxis,legitimate
pay_901170,cust_00183,order_700935,149999,1787563253,captured,wallet,customer_183@razorpay-demo.com,+919870000183,,Double-Click Issue
pay_900233,cust_00119,order_700233,299999,1787655677,captured,netbanking,customer_119@razorpay-demo.com,+919870000119,,legitimate
pay_900067,cust_00191,order_700067,49999,1787574268,captured,upi,customer_191@razorpay-demo.com,+919870000191,cust191@okaxis,legitimate
pay_902617,cust_00094,order_701867,99999,1787584024,captured,card,customer_94@razorpay-demo.com,+919870000094,,Multiple Browser Tabs Checkout
pay_902073,cust_00075,order_701387,9999,1787521545,captured,upi,customer_75@razorpay-demo.com,+919870000075,cust75@okaxis,Failed UPI Retry
pay_900537,cust_00106,order_700537,24999,1787672007,captured,card,customer_106@razorpay-demo.com,+919870000106,,legitimate
pay_900126,cust_00167,order_700126,7499,1787678355,failed,card,customer_167@razorpay-demo.com,+919870000167,,legitimate
pay_901255,cust_00174,order_700978,99999,1787605650,captured,wallet,customer_174@razorpay-demo.com,+919870000174,,Network Timeout Retry
pay_902400,cust_00171,order_701650,19999,1787541024,captured,wallet,customer_171@razorpay-demo.com,+919870000171,,Multiple Browser Tabs Checkout
pay_901977,cust_00178,order_701339,74999,1787589943,captured,upi,customer_178@razorpay-demo.com,+919870000178,cust178@okaxis,Failed UPI Retry
pay_902378,cust_00128,order_701628,199999,1787679234,captured,upi,customer_128@razorpay-demo.com,+919870000128,cust128@okaxis,Multiple Browser Tabs Checkout
pay_902245,cust_00125,order_701495,7499,1787516689,captured,card,customer_125@razorpay-demo.com,+919870000125,,Multiple Browser Tabs Checkout
pay_902076,cust_00192,order_701388,14999,1787641164,captured,upi,customer_192@razorpay-demo.com,+919870000192,cust192@okaxis,Failed UPI Retry
pay_900485,cust_00182,order_700485,9999,1787713025,captured,wallet,customer_182@razorpay-demo.com,+919870000182,,legitimate
pay_901655,cust_00170,order_701178,49999,1787559584,captured,card,customer_170@razorpay-demo.com,+919870000170,,Network Timeout Retry
pay_902586,cust_00130,order_701836,199999,1787590263,captured,netbanking,customer_130@razorpay-demo.com,+919870000130,,Multiple Browser Tabs Checkout
pay_902185,cust_00100,order_701443,14999,1787541639,captured,upi,customer_100@razorpay-demo.com,+919870000100,cust100@okaxis,Failed UPI Retry
pay_902324,cust_00176,order_701574,7499,1787642586,captured,netbanking,customer_176@razorpay-demo.com,+919870000176,,Multiple Browser Tabs Checkout
pay_901775,cust_00197,order_701238,9999,1787673078,captured,upi,customer_197@razorpay-demo.com,+919870000197,cust197@okaxis,Failed UPI Retry
pay_900919,cust_00187,order_700810,9999,1787642289,captured,upi,customer_187@razorpay-demo.com,+919870000187,cust187@okaxis,Double-Click Issue
pay_901647,cust_00079,order_701174,34999,1787519372,captured,wallet,customer_79@razorpay-demo.com,+919870000079,,Network Timeout Retry
pay_901027,cust_00118,order_700864,99999,1787681995,captured,upi,customer_118@razorpay-demo.com,+919870000118,cust118@okaxis,Double-Click Issue
pay_901031,cust_00150,order_700866,34999,1787634987,captured,upi,customer_150@razorpay-demo.com,+919870000150,cust150@okaxis,Double-Click Issue
pay_900883,cust_00150,order_700792,74999,1787597040,captured,card,customer_150@razorpay-demo.com,+919870000150,,Double-Click Issue
pay_901336,cust_00180,order_701018,249999,1787558357,captured,netbanking,customer_180@razorpay-demo.com,+919870000180,,Network Timeout Retry
pay_902467,cust_00033,order_701717,12499,1787684977,captured,upi,customer_33@razorpay-demo.com,+919870000033,cust33@okaxis,Multiple Browser Tabs Checkout
pay_900365,cust_00048,order_700365,34999,1787712766,captured,wallet,customer_48@razorpay-demo.com,+919870000048,,legitimate
pay_902126,cust_00157,order_701413,299999,1787628182,captured,upi,customer_157@razorpay-demo.com,+919870000157,cust157@okaxis,Failed UPI Retry
pay_900028,cust_00076,order_700028,24999,1787613445,failed,upi,customer_76@razorpay-demo.com,+919870000076,cust76@okaxis,legitimate
pay_900474,cust_00158,order_700474,199999,1787567425,captured,card,customer_158@razorpay-demo.com,+919870000158,,legitimate
pay_900526,cust_00021,order_700526,49999,1787527039,captured,netbanking,customer_21@razorpay-demo.com,+919870000021,,legitimate
pay_900726,cust_00085,order_700713,149999,1787556569,captured,card,customer_85@razorpay-demo.com,+919870000085,,Double-Click Issue
pay_900056,cust_00048,order_700056,7499,1787661287,captured,card,customer_48@razorpay-demo.com,+919870000048,,legitimate
pay_900639,cust_00163,order_700639,199999,1787582437,captured,card,customer_163@razorpay-demo.com,+919870000163,,legitimate
pay_900303,cust_00113,order_700303,49999,1787594043,failed,upi,customer_113@razorpay-demo.com,+919870000113,cust113@okaxis,legitimate
pay_902520,cust_00194,order_701770,199999,1787576991,captured,wallet,customer_194@razorpay-demo.com,+919870000194,,Multiple Browser Tabs Checkout
pay_901277,cust_00102,order_700989,199999,1787586847,captured,upi,customer_102@razorpay-demo.com,+919870000102,cust102@okaxis,Network Timeout Retry
pay_902546,cust_00125,order_701796,199999,1787613759,captured,card,customer_125@razorpay-demo.com,+919870000125,,Multiple Browser Tabs Checkout
pay_900625,cust_00026,order_700625,9999,1787642789,captured,card,customer_26@razorpay-demo.com,+919870000026,,legitimate
pay_902056,cust_00149,order_701378,34999,1787681669,captured,upi,customer_149@razorpay-demo.com,+919870000149,cust149@okaxis,Failed UPI Retry
pay_901281,cust_00124,order_700991,14999,1787615259,captured,netbanking,customer_124@razorpay-demo.com,+919870000124,,Network Timeout Retry
pay_901050,cust_00164,order_700875,19999,1787646906,captured,card,customer_164@razorpay-demo.com,+919870000164,,Double-Click Issue
pay_900337,cust_00184,order_700337,9999,1787608156,captured,netbanking,customer_184@razorpay-demo.com,+919870000184,,legitimate
pay_900048,cust_00109,order_700048,9999,1787615369,captured,netbanking,customer_109@razorpay-demo.com,+919870000109,,legitimate
pay_900107,cust_00157,order_700107,249999,1787694844,captured,wallet,customer_157@razorpay-demo.com,+919870000157,,legitimate
pay_901080,cust_00076,order_700890,34999,1787685383,captured,upi,customer_76@razorpay-demo.com,+919870000076,cust76@okaxis,Double-Click Issue
pay_901145,cust_00147,order_700923,74999,1787608261,captured,wallet,customer_147@razorpay-demo.com,+919870000147,,Double-Click Issue
pay_902305,cust_00123,order_701555,199999,1787593623,captured,card,customer_123@razorpay-demo.com,+919870000123,,Multiple Browser Tabs Checkout
pay_901837,cust_00128,order_701269,49999,1787641444,captured,upi,customer_128@razorpay-demo.com,+919870000128,cust128@okaxis,Failed UPI Retry
pay_901754,cust_00166,order_701227,34999,1787531163,captured,upi,customer_166@razorpay-demo.com,+919870000166,cust166@okaxis,Failed UPI Retry
pay_901102,cust_00003,order_700901,7499,1787592455,captured,netbanking,customer_3@razorpay-demo.com,+919870000003,,Double-Click Issue
pay_901969,cust_00084,order_701335,49999,1787627666,captured,upi,customer_84@razorpay-demo.com,+919870000084,cust84@okaxis,Failed UPI Retry
pay_900524,cust_00145,order_700524,12499,1787661680,captured,wallet,customer_145@razorpay-demo.com,+919870000145,,legitimate
pay_901429,cust_00135,order_701065,249999,1787520378,captured,upi,customer_135@razorpay-demo.com,+919870000135,cust135@okaxis,Network Timeout Retry
pay_902759,cust_00046,order_702009,12499,1787530853,failed,wallet,customer_46@razorpay-demo.com,+919870000046,,Gateway Retry with Different IDs
pay_900604,cust_00199,order_700604,249999,1787673322,captured,card,customer_199@razorpay-demo.com,+919870000199,,legitimate
pay_901490,cust_00198,order_701095,7499,1787597181,captured,upi,customer_198@razorpay-demo.com,+919870000198,cust198@okaxis,Network Timeout Retry
pay_902270,cust_00012,order_701520,7499,1787675267,captured,card,customer_12@razorpay-demo.com,+919870000012,,Multiple Browser Tabs Checkout
pay_900061,cust_00019,order_700061,4999,1787649611,captured,wallet,customer_19@razorpay-demo.com,+919870000019,,legitimate
pay_902659,cust_00117,order_701909,149999,1787647110,captured,card,customer_117@razorpay-demo.com,+919870000117,,Multiple Browser Tabs Checkout
pay_900672,cust_00031,order_700672,49999,1787723802,captured,netbanking,customer_31@razorpay-demo.com,+919870000031,,legitimate
pay_900093,cust_00171,order_700093,24999,1787648392,captured,upi,customer_171@razorpay-demo.com,+919870000171,cust171@okaxis,legitimate
pay_900667,cust_00152,order_700667,74999,1787609397,failed,card,customer_152@razorpay-demo.com,+919870000152,,legitimate
pay_901888,cust_00070,order_701294,24999,1787530500,captured,upi,customer_70@razorpay-demo.com,+919870000070,cust70@okaxis,Failed UPI Retry
pay_900281,cust_00031,order_700281,4999,1787676796,captured,wallet,customer_31@razorpay-demo.com,+919870000031,,legitimate
pay_901720,cust_00058,order_701210,4999,1787586076,captured,upi,customer_58@razorpay-demo.com,+919870000058,cust58@okaxis,Failed UPI Retry
pay_900360,cust_00113,order_700360,4999,1787529963,captured,upi,customer_113@razorpay-demo.com,+919870000113,cust113@okaxis,legitimate
pay_900900,cust_00163,order_700800,24999,1787589578,captured,wallet,customer_163@razorpay-demo.com,+919870000163,,Double-Click Issue
pay_901936,cust_00121,order_701318,299999,1787632210,captured,upi,customer_121@razorpay-demo.com,+919870000121,cust121@okaxis,Failed UPI Retry
pay_901995,cust_00024,order_701348,12499,1787656624,captured,upi,customer_24@razorpay-demo.com,+919870000024,cust24@okaxis,Failed UPI Retry
pay_902231,cust_00028,order_701481,7499,1787618253,captured,wallet,customer_28@razorpay-demo.com,+919870000028,,Multiple Browser Tabs Checkout
pay_900761,cust_00053,order_700731,9999,1787684276,captured,netbanking,customer_53@razorpay-demo.com,+919870000053,,Double-Click Issue
pay_902159,cust_00071,order_701430,199999,1787589224,captured,upi,customer_71@razorpay-demo.com,+919870000071,cust71@okaxis,Failed UPI Retry
pay_902534,cust_00076,order_701784,99999,1787600169,captured,wallet,customer_76@razorpay-demo.com,+919870000076,,Multiple Browser Tabs Checkout
pay_900043,cust_00139,order_700043,9999,1787567928,captured,wallet,customer_139@razorpay-demo.com,+919870000139,,legitimate
pay_902174,cust_00028,order_701437,9999,1787608947,captured,upi,customer_28@razorpay-demo.com,+919870000028,cust28@okaxis,Failed UPI Retry
pay_900205,cust_00176,order_700205,299999,1787730885,captured,netbanking,customer_176@razorpay-demo.com,+919870000176,,legitimate
pay_901474,cust_00024,order_701087,9999,1787600756,captured,card,customer_24@razorpay-demo.com,+919870000024,,Network Timeout Retry
pay_902101,cust_00198,order_701401,24999,1787556558,captured,upi,customer_198@razorpay-demo.com,+919870000198,cust198@okaxis,Failed UPI Retry
pay_900069,cust_00130,order_700069,34999,1787710994,captured,netbanking,customer_130@razorpay-demo.com,+919870000130,,legitimate
pay_901876,cust_00148,order_701288,99999,1787572837,captured,upi,customer_148@razorpay-demo.com,+919870000148,cust148@okaxis,Failed UPI Retry
pay_902298,cust_00004,order_701548,149999,1787642665,captured,wallet,customer_4@razorpay-demo.com,+919870000004,,Multiple Browser Tabs Checkout
pay_900138,cust_00182,order_700138,9999,1787553486,captured,wallet,customer_182@razorpay-demo.com,+919870000182,,legitimate
pay_900797,cust_00200,order_700749,7499,1787665341,captured,netbanking,customer_200@razorpay-demo.com,+919870000200,,Double-Click Issue
pay_902181,cust_00005,order_701441,299999,1787601444,captured,upi,customer_5@razorpay-demo.com,+919870000005,cust5@okaxis,Failed UPI Retry
pay_902129,cust_00066,order_701415,99999,1787616387,captured,upi,customer_66@razorpay-demo.com,+919870000066,cust66@okaxis,Failed UPI Retry
pay_900759,cust_00023,order_700730,14999,1787549945,captured,wallet,customer_23@razorpay-demo.com,+919870000023,,Double-Click Issue
pay_900542,cust_00158,order_700542,12499,1787538547,captured,wallet,customer_158@razorpay-demo.com,+919870000158,,legitimate
pay_901020,cust_00185,order_700860,24999,1787559383,captured,card,customer_185@razorpay-demo.com,+919870000185,,Double-Click Issue
pay_902207,cust_00179,order_701457,24999,1787624411,captured,card,customer_179@razorpay-demo.com,+919870000179,,Multiple Browser Tabs Checkout
pay_900166,cust_00121,order_700166,14999,1787565440,captured,card,customer_121@razorpay-demo.com,+919870000121,,legitimate
pay_900249,cust_00190,order_700249,24999,1787676505,captured,card,customer_190@razorpay-demo.com,+919870000190,,legitimate
pay_901332,cust_00163,order_701016,199999,1787632433,captured,upi,customer_163@razorpay-demo.com,+919870000163,cust163@okaxis,Network Timeout Retry
pay_902018,cust_00029,order_701359,249999,1787564240,captured,upi,customer_29@razorpay-demo.com,+919870000029,cust29@okaxis,Failed UPI Retry
pay_900447,cust_00172,order_700447,7499,1787727485,captured,upi,customer_172@razorpay-demo.com,+919870000172,cust172@okaxis,legitimate
pay_901359,cust_00009,order_701030,49999,1787583475,captured,netbanking,customer_9@razorpay-demo.com,+919870000009,,Network Timeout Retry
pay_902146,cust_00024,order_701423,4999,1787677729,captured,upi,customer_24@razorpay-demo.com,+919870000024,cust24@okaxis,Failed UPI Retry
pay_901330,cust_00008,order_701015,34999,1787560019,captured,card,customer_8@razorpay-demo.com,+919870000008,,Network Timeout Retry
pay_902815,cust_00038,order_702065,99999,1787590745,failed,upi,customer_38@razorpay-demo.com,+919870000038,cust38@okaxis,Gateway Retry with Different IDs
pay_902151,cust_00097,order_701426,99999,1787647435,captured,upi,customer_97@razorpay-demo.com,+919870000097,cust97@okaxis,Failed UPI Retry
pay_900435,cust_00122,order_700435,34999,1787678718,captured,upi,customer_122@razorpay-demo.com,+919870000122,cust122@okaxis,legitimate
pay_902123,cust_00164,order_701412,19999,1787680669,captured,upi,customer_164@razorpay-demo.com,+919870000164,cust164@okaxis,Failed UPI Retry
pay_900578,cust_00131,order_700578,24999,1787644269,captured,wallet,customer_131@razorpay-demo.com,+919870000131,,legitimate
pay_902310,cust_00056,order_701560,9999,1787566560,captured,netbanking,customer_56@razorpay-demo.com,+919870000056,,Multiple Browser Tabs Checkout
pay_902651,cust_00009,order_701901,14999,1787657689,captured,card,customer_9@razorpay-demo.com,+919870000009,,Multiple Browser Tabs Checkout
pay_901849,cust_00144,order_701275,199999,1787625601,captured,upi,customer_144@razorpay-demo.com,+919870000144,cust144@okaxis,Failed UPI Retry
pay_900763,cust_00030,order_700732,14999,1787596820,captured,wallet,customer_30@razorpay-demo.com,+919870000030,,Double-Click Issue
pay_900389,cust_00104,order_700389,14999,1787531203,captured,wallet,customer_104@razorpay-demo.com,+919870000104,,legitimate
pay_900236,cust_00191,order_700236,149999,1787642306,captured,wallet,customer_191@razorpay-demo.com,+919870000191,,legitimate
pay_902517,cust_00186,order_701767,34999,1787647601,captured,netbanking,customer_186@razorpay-demo.com,+919870000186,,Multiple Browser Tabs Checkout
pay_901985,cust_00030,order_701343,74999,1787618443,captured,upi,customer_30@razorpay-demo.com,+919870000030,cust30@okaxis,Failed UPI Retry
pay_900268,cust_00160,order_700268,74999,1787646984,captured,card,customer_160@razorpay-demo.com,+919870000160,,legitimate
pay_900771,cust_00016,order_700736,9999,1787530251,captured,card,customer_16@razorpay-demo.com,+919870000016,,Double-Click Issue
pay_902166,cust_00098,order_701433,24999,1787572961,captured,upi,customer_98@razorpay-demo.com,+919870000098,cust98@okaxis,Failed UPI Retry
pay_900438,cust_00046,order_700438,299999,1787730830,captured,card,customer_46@razorpay-demo.com,+919870000046,,legitimate
pay_900674,cust_00176,order_700674,14999,1787561885,captured,card,customer_176@razorpay-demo.com,+919870000176,,legitimate
pay_900250,cust_00200,order_700250,19999,1787613074,captured,card,customer_200@razorpay-demo.com,+919870000200,,legitimate
pay_902202,cust_00024,order_701452,19999,1787529363,captured,netbanking,customer_24@razorpay-demo.com,+919870000024,,Multiple Browser Tabs Checkout
pay_901575,cust_00084,order_701138,249999,1787586694,captured,netbanking,customer_84@razorpay-demo.com,+919870000084,,Network Timeout Retry
pay_902143,cust_00065,order_701422,12499,1787521323,captured,upi,customer_65@razorpay-demo.com,+919870000065,cust65@okaxis,Failed UPI Retry
pay_902082,cust_00189,order_701391,74999,1787520250,captured,upi,customer_189@razorpay-demo.com,+919870000189,cust189@okaxis,Failed UPI Retry
pay_902529,cust_00155,order_701779,99999,1787541834,captured,netbanking,customer_155@razorpay-demo.com,+919870000155,,Multiple Browser Tabs Checkout
pay_902480,cust_00048,order_701730,99999,1787520506,captured,netbanking,customer_48@razorpay-demo.com,+919870000048,,Multiple Browser Tabs Checkout
pay_902649,cust_00113,order_701899,99999,1787667413,captured,netbanking,customer_113@razorpay-demo.com,+919870000113,,Multiple Browser Tabs Checkout
pay_900449,cust_00069,order_700449,19999,1787641252,captured,netbanking,customer_69@razorpay-demo.com,+919870000069,,legitimate
pay_901470,cust_00137,order_701085,4999,1787683484,captured,upi,customer_137@razorpay-demo.com,+919870000137,cust137@okaxis,Network Timeout Retry
pay_900717,cust_00045,order_700709,24999,1787642275,captured,netbanking,customer_45@razorpay-demo.com,+919870000045,,Double-Click Issue
pay_902317,cust_00161,order_701567,34999,1787664115,captured,card,customer_161@razorpay-demo.com,+919870000161,,Multiple Browser Tabs Checkout
pay_902526,cust_00161,order_701776,9999,1787532658,captured,card,customer_161@razorpay-demo.com,+919870000161,,Multiple Browser Tabs Checkout
pay_902049,cust_00183,order_701375,49999,1787561967,captured,upi,customer_183@razorpay-demo.com,+919870000183,cust183@okaxis,Failed UPI Retry
pay_901902,cust_00037,order_701301,199999,1787666184,captured,upi,customer_37@razorpay-demo.com,+919870000037,cust37@okaxis,Failed UPI Retry
pay_901169,cust_00183,order_700935,149999,1787563251,captured,wallet,customer_183@razorpay-demo.com,+919870000183,,Double-Click Issue
pay_900083,cust_00058,order_700083,4999,1787601510,captured,upi,customer_58@razorpay-demo.com,+919870000058,cust58@okaxis,legitimate
pay_902342,cust_00116,order_701592,74999,1787653671,captured,netbanking,customer_116@razorpay-demo.com,+919870000116,,Multiple Browser Tabs Checkout
pay_901461,cust_00137,order_701081,199999,1787586791,captured,netbanking,customer_137@razorpay-demo.com,+919870000137,,Network Timeout Retry
pay_901894,cust_00096,order_701297,199999,1787521958,captured,upi,customer_96@razorpay-demo.com,+919870000096,cust96@okaxis,Failed UPI Retry
pay_901669,cust_00118,order_701185,49999,1787522310,captured,card,customer_118@razorpay-demo.com,+919870000118,,Network Timeout Retry
pay_902001,cust_00100,order_701351,74999,1787615307,captured,upi,customer_100@razorpay-demo.com,+919870000100,cust100@okaxis,Failed UPI Retry
pay_900476,cust_00013,order_700476,12499,1787602330,captured,card,customer_13@razorpay-demo.com,+919870000013,,legitimate
pay_900518,cust_00112,order_700518,99999,1787637666,captured,netbanking,customer_112@razorpay-demo.com,+919870000112,,legitimate
pay_900405,cust_00157,order_700405,7499,1787726059,captured,upi,customer_157@razorpay-demo.com,+919870000157,cust157@okaxis,legitimate
pay_900385,cust_00008,order_700385,7499,1787720327,captured,card,customer_8@razorpay-demo.com,+919870000008,,legitimate
pay_902351,cust_00122,order_701601,19999,1787592140,captured,wallet,customer_122@razorpay-demo.com,+919870000122,,Multiple Browser Tabs Checkout
pay_902153,cust_00145,order_701427,199999,1787682567,captured,upi,customer_145@razorpay-demo.com,+919870000145,cust145@okaxis,Failed UPI Retry
pay_901634,cust_00109,order_701167,19999,1787548383,captured,netbanking,customer_109@razorpay-demo.com,+919870000109,,Network Timeout Retry
pay_902766,cust_00189,order_702016,199999,1787671654,captured,netbanking,customer_189@razorpay-demo.com,+919870000189,,Gateway Retry with Different IDs
pay_900689,cust_00005,order_700689,24999,1787619053,captured,netbanking,customer_5@razorpay-demo.com,+919870000005,,legitimate
pay_901241,cust_00068,order_700971,9999,1787674823,captured,netbanking,customer_68@razorpay-demo.com,+919870000068,,Network Timeout Retry
pay_900063,cust_00090,order_700063,299999,1787705363,captured,card,customer_90@razorpay-demo.com,+919870000090,,legitimate
pay_900853,cust_00156,order_700777,14999,1787633707,captured,netbanking,customer_156@razorpay-demo.com,+919870000156,,Double-Click Issue
pay_902777,cust_00058,order_702027,99999,1787676260,failed,upi,customer_58@razorpay-demo.com,+919870000058,cust58@okaxis,Gateway Retry with Different IDs
pay_902886,cust_00184,order_702136,199999,1787577812,captured,wallet,customer_184@razorpay-demo.com,+919870000184,,Gateway Retry with Different IDs
pay_901263,cust_00123,order_700982,199999,1787672704,captured,upi,customer_123@razorpay-demo.com,+919870000123,cust123@okaxis,Network Timeout Retry
pay_900224,cust_00192,order_700224,24999,1787558813,captured,upi,customer_192@razorpay-demo.com,+919870000192,cust192@okaxis,legitimate
pay_902194,cust_00139,order_701447,12499,1787516130,captured,upi,customer_139@razorpay-demo.com,+919870000139,cust139@okaxis,Failed UPI Retry
pay_900374,cust_00034,order_700374,74999,1787529642,captured,card,customer_34@razorpay-demo.com,+919870000034,,legitimate
pay_901825,cust_00054,order_701263,74999,1787525495,captured,upi,customer_54@razorpay-demo.com,+919870000054,cust54@okaxis,Failed UPI Retry
pay_902674,cust_00147,order_701924,12499,1787679286,captured,card,customer_147@razorpay-demo.com,+919870000147,,Multiple Browser Tabs Checkout
pay_902780,cust_00162,order_702030,99999,1787565711,captured,card,customer_162@razorpay-demo.com,+919870000162,,Gateway Retry with Different IDs
pay_902509,cust_00173,order_701759,7499,1787591137,captured,wallet,customer_173@razorpay-demo.com,+919870000173,,Multiple Browser Tabs Checkout
pay_902594,cust_00069,order_701844,299999,1787676952,captured,wallet,customer_69@razorpay-demo.com,+919870000069,,Multiple Browser Tabs Checkout
pay_900010,cust_00142,order_700010,14999,1787640149,captured,netbanking,customer_142@razorpay-demo.com,+919870000142,,legitimate
pay_901945,cust_00183,order_701323,199999,1787631367,captured,upi,customer_183@razorpay-demo.com,+919870000183,cust183@okaxis,Failed UPI Retry
pay_901839,cust_00127,order_701270,199999,1787546529,captured,upi,customer_127@razorpay-demo.com,+919870000127,cust127@okaxis,Failed UPI Retry
pay_900709,cust_00102,order_700705,74999,1787573599,captured,card,customer_102@razorpay-demo.com,+919870000102,,Double-Click Issue
pay_900256,cust_00076,order_700256,34999,1787536863,captured,wallet,customer_76@razorpay-demo.com,+919870000076,,legitimate
pay_901618,cust_00115,order_701159,199999,1787553841,captured,card,customer_115@razorpay-demo.com,+919870000115,,Network Timeout Retry
pay_900390,cust_00113,order_700390,24999,1787615760,captured,wallet,customer_113@razorpay-demo.com,+919870000113,,legitimate
pay_901582,cust_00191,order_701141,14999,1787681643,captured,netbanking,customer_191@razorpay-demo.com,+919870000191,,Network Timeout Retry
pay_900925,cust_00013,order_700813,74999,1787629829,captured,card,customer_13@razorpay-demo.com,+919870000013,,Double-Click Issue
pay_902037,cust_00022,order_701369,9999,1787626420,captured,upi,customer_22@razorpay-demo.com,+919870000022,cust22@okaxis,Failed UPI Retry
pay_902322,cust_00110,order_701572,199999,1787636076,captured,netbanking,customer_110@razorpay-demo.com,+919870000110,,Multiple Browser Tabs Checkout
pay_901225,cust_00006,order_700963,12499,1787537539,captured,card,customer_6@razorpay-demo.com,+919870000006,,Network Timeout Retry
pay_901947,cust_00021,order_701324,299999,1787646033,captured,upi,customer_21@razorpay-demo.com,+919870000021,cust21@okaxis,Failed UPI Retry
pay_900740,cust_00148,order_700720,99999,1787543549,captured,upi,customer_148@razorpay-demo.com,+919870000148,cust148@okaxis,Double-Click Issue
pay_900041,cust_00016,order_700041,12499,1787711012,captured,card,customer_16@razorpay-demo.com,+919870000016,,legitimate
pay_900869,cust_00057,order_700785,99999,1787672089,captured,wallet,customer_57@razorpay-demo.com,+919870000057,,Double-Click Issue
pay_900540,cust_00112,order_700540,14999,1787580187,captured,wallet,customer_112@razorpay-demo.com,+919870000112,,legitimate
pay_902426,cust_00164,order_701676,249999,1787536913,captured,wallet,customer_164@razorpay-demo.com,+919870000164,,Multiple Browser Tabs Checkout
pay_901372,cust_00094,order_701036,9999,1787588726,captured,wallet,customer_94@razorpay-demo.com,+919870000094,,Network Timeout Retry
pay_901146,cust_00147,order_700923,74999,1787608262,captured,wallet,customer_147@razorpay-demo.com,+919870000147,,Double-Click Issue
pay_901032,cust_00150,order_700866,34999,1787634988,captured,upi,customer_150@razorpay-demo.com,+919870000150,cust150@okaxis,Double-Click Issue
pay_900373,cust_00093,order_700373,49999,1787616401,failed,netbanking,customer_93@razorpay-demo.com,+919870000093,,legitimate
pay_900668,cust_00061,order_700668,14999,1787699238,failed,netbanking,customer_61@razorpay-demo.com,+919870000061,,legitimate
pay_900358,cust_00015,order_700358,7499,1787593916,captured,wallet,customer_15@razorpay-demo.com,+919870000015,,legitimate
pay_900968,cust_00099,order_700834,149999,1787653666,captured,wallet,customer_99@razorpay-demo.com,+919870000099,,Double-Click Issue
pay_901354,cust_00127,order_701027,299999,1787600291,captured,netbanking,customer_127@razorpay-demo.com,+919870000127,,Network Timeout Retry
pay_901036,cust_00154,order_700868,74999,1787602553,captured,netbanking,customer_154@razorpay-demo.com,+919870000154,,Double-Click Issue
pay_900471,cust_00119,order_700471,99999,1787630339,captured,wallet,customer_119@razorpay-demo.com,+919870000119,,legitimate
pay_901397,cust_00167,order_701049,49999,1787684677,captured,upi,customer_167@razorpay-demo.com,+919870000167,cust167@okaxis,Network Timeout Retry
pay_902532,cust_00195,order_701782,7499,1787652436,captured,wallet,customer_195@razorpay-demo.com,+919870000195,,Multiple Browser Tabs Checkout
pay_901550,cust_00184,order_701125,7499,1787676202,captured,card,customer_184@razorpay-demo.com,+919870000184,,Network Timeout Retry
pay_901257,cust_00012,order_700979,149999,1787555096,captured,wallet,customer_12@razorpay-demo.com,+919870000012,,Network Timeout Retry
pay_902095,cust_00047,order_701398,199999,1787606574,captured,upi,customer_47@razorpay-demo.com,+919870000047,cust47@okaxis,Failed UPI Retry
pay_901556,cust_00182,order_701128,4999,1787606894,captured,netbanking,customer_182@razorpay-demo.com,+919870000182,,Network Timeout Retry
pay_902501,cust_00030,order_701751,24999,1787594401,captured,netbanking,customer_30@razorpay-demo.com,+919870000030,,Multiple Browser Tabs Checkout
pay_901251,cust_00010,order_700976,299999,1787531544,captured,card,customer_10@razorpay-demo.com,+919870000010,,Network Timeout Retry
pay_901700,cust_00038,order_701200,149999,1787647751,captured,card,customer_38@razorpay-demo.com,+919870000038,,Network Timeout Retry
pay_901253,cust_00034,order_700977,299999,1787670437,captured,card,customer_34@razorpay-demo.com,+919870000034,,Network Timeout Retry
pay_902690,cust_00073,order_701940,149999,1787587746,captured,upi,customer_73@razorpay-demo.com,+919870000073,cust73@okaxis,Multiple Browser Tabs Checkout
pay_900080,cust_00172,order_700080,249999,1787573071,captured,upi,customer_172@razorpay-demo.com,+919870000172,cust172@okaxis,legitimate
pay_901173,cust_00115,order_700937,19999,1787599590,captured,netbanking,customer_115@razorpay-demo.com,+919870000115,,Double-Click Issue
pay_900815,cust_00155,order_700758,99999,1787547916,captured,card,customer_155@razorpay-demo.com,+919870000155,,Double-Click Issue
pay_901853,cust_00018,order_701277,14999,1787567330,captured,upi,customer_18@razorpay-demo.com,+919870000018,cust18@okaxis,Failed UPI Retry
pay_902221,cust_00174,order_701471,249999,1787643495,captured,upi,customer_174@razorpay-demo.com,+919870000174,cust174@okaxis,Multiple Browser Tabs Checkout
pay_902539,cust_00097,order_701789,34999,1787521658,captured,wallet,customer_97@razorpay-demo.com,+919870000097,,Multiple Browser Tabs Checkout
pay_902106,cust_00188,order_701403,249999,1787575182,captured,upi,customer_188@razorpay-demo.com,+919870000188,cust188@okaxis,Failed UPI Retry
pay_900134,cust_00176,order_700134,74999,1787687426,captured,card,customer_176@razorpay-demo.com,+919870000176,,legitimate
pay_901141,cust_00077,order_700921,99999,1787680878,captured,netbanking,customer_77@razorpay-demo.com,+919870000077,,Double-Click Issue
pay_900934,cust_00026,order_700817,99999,1787623063,captured,netbanking,customer_26@razorpay-demo.com,+919870000026,,Double-Click Issue
pay_900929,cust_00032,order_700815,49999,1787597417,captured,netbanking,customer_32@razorpay-demo.com,+919870000032,,Double-Click Issue
pay_900824,cust_00146,order_700762,4999,1787548751,captured,upi,customer_146@razorpay-demo.com,+919870000146,cust146@okaxis,Double-Click Issue
pay_901532,cust_00005,order_701116,74999,1787649559,captured,netbanking,customer_5@razorpay-demo.com,+919870000005,,Network Timeout Retry
pay_901215,cust_00129,order_700958,299999,1787591455,captured,upi,customer_129@razorpay-demo.com,+919870000129,cust129@okaxis,Network Timeout Retry
pay_900505,cust_00020,order_700505,249999,1787680538,captured,card,customer_20@razorpay-demo.com,+919870000020,,legitimate
pay_902867,cust_00132,order_702117,74999,1787637508,failed,card,customer_132@razorpay-demo.com,+919870000132,,Gateway Retry with Different IDs
pay_901997,cust_00194,order_701349,99999,1787655381,captured,upi,customer_194@razorpay-demo.com,+919870000194,cust194@okaxis,Failed UPI Retry
pay_901959,cust_00180,order_701330,299999,1787630384,captured,upi,customer_180@razorpay-demo.com,+919870000180,cust180@okaxis,Failed UPI Retry
pay_901385,cust_00162,order_701043,49999,1787651146,captured,netbanking,customer_162@razorpay-demo.com,+919870000162,,Network Timeout Retry
pay_900895,cust_00054,order_700798,199999,1787615022,captured,upi,customer_54@razorpay-demo.com,+919870000054,cust54@okaxis,Double-Click Issue
pay_900829,cust_00130,order_700765,24999,1787633148,captured,card,customer_130@razorpay-demo.com,+919870000130,,Double-Click Issue
pay_902851,cust_00171,order_702101,34999,1787545386,failed,upi,customer_171@razorpay-demo.com,+919870000171,cust171@okaxis,Gateway Retry with Different IDs
pay_901684,cust_00169,order_701192,9999,1787641597,captured,card,customer_169@razorpay-demo.com,+919870000169,,Network Timeout Retry
pay_902598,cust_00039,order_701848,149999,1787661323,captured,netbanking,customer_39@razorpay-demo.com,+919870000039,,Multiple Browser Tabs Checkout
pay_902470,cust_00177,order_701720,199999,1787528894,captured,card,customer_177@razorpay-demo.com,+919870000177,,Multiple Browser Tabs Checkout
pay_902439,cust_00092,order_701689,9999,1787562558,captured,card,customer_92@razorpay-demo.com,+919870000092,,Multiple Browser Tabs Checkout
pay_900653,cust_00185,order_700653,19999,1787693856,captured,netbanking,customer_185@razorpay-demo.com,+919870000185,,legitimate
pay_900173,cust_00111,order_700173,149999,1787645843,captured,netbanking,customer_111@razorpay-demo.com,+919870000111,,legitimate
pay_900039,cust_00031,order_700039,12499,1787529270,captured,upi,customer_31@razorpay-demo.com,+919870000031,cust31@okaxis,legitimate
pay_902767,cust_00034,order_702017,19999,1787659220,failed,card,customer_34@razorpay-demo.com,+919870000034,,Gateway Retry with Different IDs
pay_900714,cust_00167,order_700707,19999,1787637645,captured,upi,customer_167@razorpay-demo.com,+919870000167,cust167@okaxis,Double-Click Issue
pay_900091,cust_00032,order_700091,149999,1787624979,captured,netbanking,customer_32@razorpay-demo.com,+919870000032,,legitimate
pay_902859,cust_00045,order_702109,249999,1787654859,failed,card,customer_45@razorpay-demo.com,+919870000045,,Gateway Retry with Different IDs
pay_901206,cust_00083,order_700953,7499,1787659730,captured,netbanking,customer_83@razorpay-demo.com,+919870000083,,Network Timeout Retry
pay_902497,cust_00134,order_701747,9999,1787647162,captured,wallet,customer_134@razorpay-demo.com,+919870000134,,Multiple Browser Tabs Checkout
pay_901828,cust_00187,order_701264,99999,1787606884,captured,upi,customer_187@razorpay-demo.com,+919870000187,cust187@okaxis,Failed UPI Retry
pay_901156,cust_00075,order_700928,99999,1787558761,captured,card,customer_75@razorpay-demo.com,+919870000075,,Double-Click Issue
pay_901325,cust_00124,order_701013,199999,1787646332,captured,upi,customer_124@razorpay-demo.com,+919870000124,cust124@okaxis,Network Timeout Retry
pay_900217,cust_00102,order_700217,14999,1787637682,captured,card,customer_102@razorpay-demo.com,+919870000102,,legitimate
pay_900511,cust_00173,order_700511,24999,1787538556,captured,upi,customer_173@razorpay-demo.com,+919870000173,cust173@okaxis,legitimate
pay_901681,cust_00072,order_701191,12499,1787574502,captured,upi,customer_72@razorpay-demo.com,+919870000072,cust72@okaxis,Network Timeout Retry
pay_900500,cust_00059,order_700500,24999,1787623290,captured,upi,customer_59@razorpay-demo.com,+919870000059,cust59@okaxis,legitimate
pay_902395,cust_00174,order_701645,99999,1787684066,captured,card,customer_174@razorpay-demo.com,+919870000174,,Multiple Browser Tabs Checkout
pay_901857,cust_00086,order_701279,19999,1787583878,captured,upi,customer_86@razorpay-demo.com,+919870000086,cust86@okaxis,Failed UPI Retry
pay_901389,cust_00042,order_701045,4999,1787656069,captured,upi,customer_42@razorpay-demo.com,+919870000042,cust42@okaxis,Network Timeout Retry
pay_901520,cust_00181,order_701110,34999,1787609255,captured,netbanking,customer_181@razorpay-demo.com,+919870000181,,Network Timeout Retry
pay_902631,cust_00126,order_701881,49999,1787636335,captured,netbanking,customer_126@razorpay-demo.com,+919870000126,,Multiple Browser Tabs Checkout
pay_902077,cust_00067,order_701389,4999,1787624184,captured,upi,customer_67@razorpay-demo.com,+919870000067,cust67@okaxis,Failed UPI Retry
pay_901541,cust_00034,order_701121,9999,1787550360,captured,card,customer_34@razorpay-demo.com,+919870000034,,Network Timeout Retry
pay_901218,cust_00020,order_700959,49999,1787552011,captured,netbanking,customer_20@razorpay-demo.com,+919870000020,,Network Timeout Retry
pay_901417,cust_00191,order_701059,149999,1787551828,captured,card,customer_191@razorpay-demo.com,+919870000191,,Network Timeout Retry
pay_902218,cust_00010,order_701468,19999,1787573805,captured,card,customer_10@razorpay-demo.com,+919870000010,,Multiple Browser Tabs Checkout
pay_902700,cust_00189,order_701950,74999,1787528071,captured,netbanking,customer_189@razorpay-demo.com,+919870000189,,Multiple Browser Tabs Checkout
pay_901677,cust_00071,order_701189,199999,1787623578,captured,card,customer_71@razorpay-demo.com,+919870000071,,Network Timeout Retry
pay_901198,cust_00092,order_700949,4999,1787647024,captured,upi,customer_92@razorpay-demo.com,+919870000092,cust92@okaxis,Double-Click Issue
pay_901543,cust_00050,order_701122,7499,1787614112,captured,card,customer_50@razorpay-demo.com,+919870000050,,Network Timeout Retry
pay_900954,cust_00068,order_700827,34999,1787532689,captured,card,customer_68@razorpay-demo.com,+919870000068,,Double-Click Issue
pay_900751,cust_00085,order_700726,12499,1787586164,captured,upi,customer_85@razorpay-demo.com,+919870000085,cust85@okaxis,Double-Click Issue
pay_900235,cust_00061,order_700235,299999,1787599388,captured,upi,customer_61@razorpay-demo.com,+919870000061,cust61@okaxis,legitimate
pay_900733,cust_00185,order_700717,4999,1787582131,captured,card,customer_185@razorpay-demo.com,+919870000185,,Double-Click Issue
pay_902893,cust_00003,order_702143,149999,1787530091,failed,card,customer_3@razorpay-demo.com,+919870000003,,Gateway Retry with Different IDs
pay_901157,cust_00186,order_700929,74999,1787679867,captured,wallet,customer_186@razorpay-demo.com,+919870000186,,Double-Click Issue
pay_902485,cust_00136,order_701735,12499,1787682066,captured,upi,customer_136@razorpay-demo.com,+919870000136,cust136@okaxis,Multiple Browser Tabs Checkout
pay_901210,cust_00094,order_700955,74999,1787604747,captured,card,customer_94@razorpay-demo.com,+919870000094,,Network Timeout Retry
pay_901066,cust_00190,order_700883,49999,1787643733,captured,upi,customer_190@razorpay-demo.com,+919870000190,cust190@okaxis,Double-Click Issue
pay_902157,cust_00170,order_701429,299999,1787528524,captured,upi,customer_170@razorpay-demo.com,+919870000170,cust170@okaxis,Failed UPI Retry
pay_901063,cust_00009,order_700882,19999,1787533149,captured,wallet,customer_9@razorpay-demo.com,+919870000009,,Double-Click Issue
pay_901168,cust_00044,order_700934,4999,1787557981,captured,netbanking,customer_44@razorpay-demo.com,+919870000044,,Double-Click Issue
pay_901493,cust_00011,order_701097,149999,1787559213,captured,card,customer_11@razorpay-demo.com,+919870000011,,Network Timeout Retry
pay_902390,cust_00115,order_701640,19999,1787571848,captured,card,customer_115@razorpay-demo.com,+919870000115,,Multiple Browser Tabs Checkout
pay_900885,cust_00129,order_700793,7499,1787606997,captured,wallet,customer_129@razorpay-demo.com,+919870000129,,Double-Click Issue
pay_900144,cust_00088,order_700144,14999,1787635492,captured,netbanking,customer_88@razorpay-demo.com,+919870000088,,legitimate
pay_902847,cust_00168,order_702097,149999,1787652985,failed,netbanking,customer_168@razorpay-demo.com,+919870000168,,Gateway Retry with Different IDs
pay_900851,cust_00131,order_700776,99999,1787612461,captured,netbanking,customer_131@razorpay-demo.com,+919870000131,,Double-Click Issue
pay_900718,cust_00045,order_700709,24999,1787642277,captured,netbanking,customer_45@razorpay-demo.com,+919870000045,,Double-Click Issue
pay_902751,cust_00168,order_702001,74999,1787571586,failed,wallet,customer_168@razorpay-demo.com,+919870000168,,Gateway Retry with Different IDs
pay_900265,cust_00091,order_700265,7499,1787548863,captured,upi,customer_91@razorpay-demo.com,+919870000091,cust91@okaxis,legitimate
pay_900076,cust_00064,order_700076,99999,1787591835,captured,card,customer_64@razorpay-demo.com,+919870000064,,legitimate
pay_900396,cust_00185,order_700396,19999,1787680275,captured,upi,customer_185@razorpay-demo.com,+919870000185,cust185@okaxis,legitimate
pay_902459,cust_00005,order_701709,34999,1787569281,captured,netbanking,customer_5@razorpay-demo.com,+919870000005,,Multiple Browser Tabs Checkout
pay_902225,cust_00121,order_701475,299999,1787557376,captured,card,customer_121@razorpay-demo.com,+919870000121,,Multiple Browser Tabs Checkout
pay_902708,cust_00095,order_701958,9999,1787615775,captured,card,customer_95@razorpay-demo.com,+919870000095,,Gateway Retry with Different IDs
pay_900397,cust_00132,order_700397,34999,1787705321,captured,wallet,customer_132@razorpay-demo.com,+919870000132,,legitimate
pay_901366,cust_00173,order_701033,12499,1787615864,captured,wallet,customer_173@razorpay-demo.com,+919870000173,,Network Timeout Retry
pay_902416,cust_00164,order_701666,299999,1787587088,captured,netbanking,customer_164@razorpay-demo.com,+919870000164,,Multiple Browser Tabs Checkout
pay_901904,cust_00174,order_701302,9999,1787550931,captured,upi,customer_174@razorpay-demo.com,+919870000174,cust174@okaxis,Failed UPI Retry
pay_900596,cust_00075,order_700596,74999,1787721159,captured,netbanking,customer_75@razorpay-demo.com,+919870000075,,legitimate
pay_902110,cust_00043,order_701405,34999,1787584412,captured,upi,customer_43@razorpay-demo.com,+919870000043,cust43@okaxis,Failed UPI Retry
pay_901297,cust_00103,order_700999,74999,1787638406,captured,netbanking,customer_103@razorpay-demo.com,+919870000103,,Network Timeout Retry
pay_901822,cust_00032,order_701261,149999,1787664019,captured,upi,customer_32@razorpay-demo.com,+919870000032,cust32@okaxis,Failed UPI Retry
pay_900873,cust_00143,order_700787,9999,1787532307,captured,netbanking,customer_143@razorpay-demo.com,+919870000143,,Double-Click Issue
pay_902816,cust_00038,order_702066,99999,1787590795,captured,upi,customer_38@razorpay-demo.com,+919870000038,cust38@okaxis,Gateway Retry with Different IDs
pay_902327,cust_00099,order_701577,19999,1787622427,captured,wallet,customer_99@razorpay-demo.com,+919870000099,,Multiple Browser Tabs Checkout
pay_901549,cust_00184,order_701125,7499,1787676181,captured,card,customer_184@razorpay-demo.com,+919870000184,,Network Timeout Retry
pay_900037,cust_00055,order_700037,299999,1787669438,captured,upi,customer_55@razorpay-demo.com,+919870000055,cust55@okaxis,legitimate
pay_902441,cust_00163,order_701691,299999,1787523859,captured,netbanking,customer_163@razorpay-demo.com,+919870000163,,Multiple Browser Tabs Checkout
pay_902144,cust_00065,order_701422,12499,1787521432,captured,upi,customer_65@razorpay-demo.com,+919870000065,cust65@okaxis,Failed UPI Retry
pay_902468,cust_00033,order_701718,12499,1787684995,captured,upi,customer_33@razorpay-demo.com,+919870000033,cust33@okaxis,Multiple Browser Tabs Checkout
pay_900978,cust_00034,order_700839,34999,1787534958,captured,wallet,customer_34@razorpay-demo.com,+919870000034,,Double-Click Issue
pay_901572,cust_00087,order_701136,99999,1787607733,captured,upi,customer_87@razorpay-demo.com,+919870000087,cust87@okaxis,Network Timeout Retry
pay_901123,cust_00065,order_700912,49999,1787614794,captured,card,customer_65@razorpay-demo.com,+919870000065,,Double-Click Issue
pay_902240,cust_00071,order_701490,9999,1787544496,captured,wallet,customer_71@razorpay-demo.com,+919870000071,,Multiple Browser Tabs Checkout
pay_901893,cust_00096,order_701297,199999,1787521903,captured,upi,customer_96@razorpay-demo.com,+919870000096,cust96@okaxis,Failed UPI Retry
pay_900676,cust_00013,order_700676,99999,1787571637,failed,netbanking,customer_13@razorpay-demo.com,+919870000013,,legitimate
pay_900729,cust_00164,order_700715,149999,1787592619,captured,netbanking,customer_164@razorpay-demo.com,+919870000164,,Double-Click Issue
pay_900413,cust_00150,order_700413,14999,1787644373,captured,card,customer_150@razorpay-demo.com,+919870000150,,legitimate
pay_901517,cust_00186,order_701109,9999,1787670730,captured,netbanking,customer_186@razorpay-demo.com,+919870000186,,Network Timeout Retry
pay_901650,cust_00190,order_701175,49999,1787550689,captured,upi,customer_190@razorpay-demo.com,+919870000190,cust190@okaxis,Network Timeout Retry
pay_900826,cust_00015,order_700763,12499,1787594317,captured,card,customer_15@razorpay-demo.com,+919870000015,,Double-Click Issue
pay_900617,cust_00058,order_700617,49999,1787517447,captured,wallet,customer_58@razorpay-demo.com,+919870000058,,legitimate
pay_900115,cust_00098,order_700115,34999,1787719073,captured,card,customer_98@razorpay-demo.com,+919870000098,,legitimate
pay_900418,cust_00199,order_700418,74999,1787703969,captured,wallet,customer_199@razorpay-demo.com,+919870000199,,legitimate
pay_901626,cust_00196,order_701163,9999,1787612117,captured,wallet,customer_196@razorpay-demo.com,+919870000196,,Network Timeout Retry
pay_902844,cust_00176,order_702094,19999,1787538133,captured,wallet,customer_176@razorpay-demo.com,+919870000176,,Gateway Retry with Different IDs
pay_900090,cust_00171,order_700090,299999,1787650042,captured,netbanking,customer_171@razorpay-demo.com,+919870000171,,legitimate
pay_902083,cust_00022,order_701392,9999,1787602808,captured,upi,customer_22@razorpay-demo.com,+919870000022,cust22@okaxis,Failed UPI Retry
pay_900754,cust_00185,order_700727,299999,1787629594,captured,netbanking,customer_185@razorpay-demo.com,+919870000185,,Double-Click Issue
pay_901631,cust_00111,order_701166,19999,1787534886,captured,card,customer_111@razorpay-demo.com,+919870000111,,Network Timeout Retry
pay_900012,cust_00060,order_700012,249999,1787597548,captured,card,customer_60@razorpay-demo.com,+919870000060,,legitimate
pay_900285,cust_00147,order_700285,24999,1787577976,captured,wallet,customer_147@razorpay-demo.com,+919870000147,,legitimate
pay_901067,cust_00100,order_700884,12499,1787635180,captured,netbanking,customer_100@razorpay-demo.com,+919870000100,,Double-Click Issue
pay_901192,cust_00170,order_700946,12499,1787646287,captured,upi,customer_170@razorpay-demo.com,+919870000170,cust170@okaxis,Double-Click Issue
pay_901441,cust_00023,order_701071,34999,1787578648,captured,netbanking,customer_23@razorpay-demo.com,+919870000023,,Network Timeout Retry
pay_902710,cust_00044,order_701960,49999,1787676240,captured,wallet,customer_44@razorpay-demo.com,+919870000044,,Gateway Retry with Different IDs
pay_902709,cust_00044,order_701959,49999,1787676201,failed,wallet,customer_44@razorpay-demo.com,+919870000044,,Gateway Retry with Different IDs
pay_902620,cust_00061,order_701870,7499,1787605648,captured,card,customer_61@razorpay-demo.com,+919870000061,,Multiple Browser Tabs Checkout
pay_901569,cust_00027,order_701135,9999,1787610475,captured,upi,customer_27@razorpay-demo.com,+919870000027,cust27@okaxis,Network Timeout Retry
pay_902428,cust_00107,order_701678,9999,1787672147,captured,wallet,customer_107@razorpay-demo.com,+919870000107,,Multiple Browser Tabs Checkout
pay_902489,cust_00055,order_701739,299999,1787578766,captured,wallet,customer_55@razorpay-demo.com,+919870000055,,Multiple Browser Tabs Checkout
pay_901688,cust_00040,order_701194,24999,1787672668,captured,netbanking,customer_40@razorpay-demo.com,+919870000040,,Network Timeout Retry
pay_900852,cust_00131,order_700776,99999,1787612464,captured,netbanking,customer_131@razorpay-demo.com,+919870000131,,Double-Click Issue
pay_902208,cust_00179,order_701458,24999,1787624427,captured,card,customer_179@razorpay-demo.com,+919870000179,,Multiple Browser Tabs Checkout
pay_900896,cust_00054,order_700798,199999,1787615023,captured,upi,customer_54@razorpay-demo.com,+919870000054,cust54@okaxis,Double-Click Issue
pay_900497,cust_00053,order_700497,19999,1787604850,captured,netbanking,customer_53@razorpay-demo.com,+919870000053,,legitimate
pay_902306,cust_00123,order_701556,199999,1787593635,captured,card,customer_123@razorpay-demo.com,+919870000123,,Multiple Browser Tabs Checkout
pay_901783,cust_00074,order_701242,99999,1787546665,captured,upi,customer_74@razorpay-demo.com,+919870000074,cust74@okaxis,Failed UPI Retry
pay_900336,cust_00153,order_700336,49999,1787651943,captured,card,customer_153@razorpay-demo.com,+919870000153,,legitimate
pay_900516,cust_00195,order_700516,4999,1787602981,captured,card,customer_195@razorpay-demo.com,+919870000195,,legitimate
pay_901349,cust_00021,order_701025,99999,1787621510,captured,wallet,customer_21@razorpay-demo.com,+919870000021,,Network Timeout Retry
pay_901016,cust_00075,order_700858,49999,1787636764,captured,netbanking,customer_75@razorpay-demo.com,+919870000075,,Double-Click Issue
pay_902717,cust_00073,order_701967,299999,1787621355,failed,netbanking,customer_73@razorpay-demo.com,+919870000073,,Gateway Retry with Different IDs
pay_901782,cust_00079,order_701241,14999,1787641700,captured,upi,customer_79@razorpay-demo.com,+919870000079,cust79@okaxis,Failed UPI Retry
pay_901786,cust_00052,order_701243,4999,1787623081,captured,upi,customer_52@razorpay-demo.com,+919870000052,cust52@okaxis,Failed UPI Retry
pay_902071,cust_00108,order_701386,19999,1787681429,captured,upi,customer_108@razorpay-demo.com,+919870000108,cust108@okaxis,Failed UPI Retry
pay_900357,cust_00091,order_700357,74999,1787574745,failed,wallet,customer_91@razorpay-demo.com,+919870000091,,legitimate
pay_902760,cust_00046,order_702010,12499,1787530876,captured,wallet,customer_46@razorpay-demo.com,+919870000046,,Gateway Retry with Different IDs
pay_901313,cust_00144,order_701007,299999,1787575485,captured,netbanking,customer_144@razorpay-demo.com,+919870000144,,Network Timeout Retry
pay_901636,cust_00153,order_701168,99999,1787648462,captured,card,customer_153@razorpay-demo.com,+919870000153,,Network Timeout Retry
pay_900551,cust_00018,order_700551,249999,1787660804,captured,wallet,customer_18@razorpay-demo.com,+919870000018,,legitimate
pay_902389,cust_00115,order_701639,19999,1787571837,captured,card,customer_115@razorpay-demo.com,+919870000115,,Multiple Browser Tabs Checkout
pay_902266,cust_00172,order_701516,299999,1787524793,captured,card,customer_172@razorpay-demo.com,+919870000172,,Multiple Browser Tabs Checkout
pay_901228,cust_00042,order_700964,9999,1787669390,captured,card,customer_42@razorpay-demo.com,+919870000042,,Network Timeout Retry
pay_902590,cust_00172,order_701840,199999,1787667670,captured,upi,customer_172@razorpay-demo.com,+919870000172,cust172@okaxis,Multiple Browser Tabs Checkout
pay_900958,cust_00081,order_700829,24999,1787531858,captured,card,customer_81@razorpay-demo.com,+919870000081,,Double-Click Issue
pay_901774,cust_00041,order_701237,24999,1787610576,captured,upi,customer_41@razorpay-demo.com,+919870000041,cust41@okaxis,Failed UPI Retry
pay_902142,cust_00176,order_701421,34999,1787576249,captured,upi,customer_176@razorpay-demo.com,+919870000176,cust176@okaxis,Failed UPI Retry
pay_901009,cust_00085,order_700855,49999,1787639279,captured,wallet,customer_85@razorpay-demo.com,+919870000085,,Double-Click Issue
pay_901093,cust_00135,order_700897,12499,1787605402,captured,upi,customer_135@razorpay-demo.com,+919870000135,cust135@okaxis,Double-Click Issue
pay_902584,cust_00110,order_701834,12499,1787652943,captured,netbanking,customer_110@razorpay-demo.com,+919870000110,,Multiple Browser Tabs Checkout
pay_900997,cust_00147,order_700849,34999,1787663459,captured,card,customer_147@razorpay-demo.com,+919870000147,,Double-Click Issue
pay_901680,cust_00100,order_701190,299999,1787678633,captured,card,customer_100@razorpay-demo.com,+919870000100,,Network Timeout Retry
pay_900154,cust_00137,order_700154,9999,1787525272,captured,netbanking,customer_137@razorpay-demo.com,+919870000137,,legitimate
pay_902692,cust_00038,order_701942,4999,1787684128,captured,netbanking,customer_38@razorpay-demo.com,+919870000038,,Multiple Browser Tabs Checkout
pay_900581,cust_00036,order_700581,9999,1787697310,captured,netbanking,customer_36@razorpay-demo.com,+919870000036,,legitimate
pay_901471,cust_00069,order_701086,9999,1787641085,captured,wallet,customer_69@razorpay-demo.com,+919870000069,,Network Timeout Retry
pay_900704,cust_00184,order_700702,9999,1787525733,captured,netbanking,customer_184@razorpay-demo.com,+919870000184,,Double-Click Issue
pay_901213,cust_00089,order_700957,34999,1787668744,captured,wallet,customer_89@razorpay-demo.com,+919870000089,,Network Timeout Retry
pay_900897,cust_00126,order_700799,199999,1787537802,captured,card,customer_126@razorpay-demo.com,+919870000126,,Double-Click Issue
pay_900488,cust_00024,order_700488,49999,1787526573,captured,upi,customer_24@razorpay-demo.com,+919870000024,cust24@okaxis,legitimate
pay_900560,cust_00198,order_700560,99999,1787589954,captured,upi,customer_198@razorpay-demo.com,+919870000198,cust198@okaxis,legitimate
pay_901142,cust_00077,order_700921,99999,1787680879,captured,netbanking,customer_77@razorpay-demo.com,+919870000077,,Double-Click Issue
pay_901120,cust_00192,order_700910,99999,1787519548,captured,upi,customer_192@razorpay-demo.com,+919870000192,cust192@okaxis,Double-Click Issue
pay_900513,cust_00091,order_700513,14999,1787532509,failed,wallet,customer_91@razorpay-demo.com,+919870000091,,legitimate
pay_900634,cust_00068,order_700634,12499,1787714718,failed,card,customer_68@razorpay-demo.com,+919870000068,,legitimate
pay_902496,cust_00029,order_701746,199999,1787536810,captured,netbanking,customer_29@razorpay-demo.com,+919870000029,,Multiple Browser Tabs Checkout
pay_901665,cust_00182,order_701183,7499,1787599190,captured,netbanking,customer_182@razorpay-demo.com,+919870000182,,Network Timeout Retry
pay_901013,cust_00057,order_700857,4999,1787576809,captured,netbanking,customer_57@razorpay-demo.com,+919870000057,,Double-Click Issue
pay_901932,cust_00044,order_701316,7499,1787569320,captured,upi,customer_44@razorpay-demo.com,+919870000044,cust44@okaxis,Failed UPI Retry
pay_901151,cust_00065,order_700926,12499,1787546780,captured,card,customer_65@razorpay-demo.com,+919870000065,,Double-Click Issue
pay_902714,cust_00037,order_701964,14999,1787569592,captured,card,customer_37@razorpay-demo.com,+919870000037,,Gateway Retry with Different IDs
pay_900117,cust_00155,order_700117,299999,1787620898,captured,upi,customer_155@razorpay-demo.com,+919870000155,cust155@okaxis,legitimate
pay_900741,cust_00009,order_700721,14999,1787570515,captured,card,customer_9@razorpay-demo.com,+919870000009,,Double-Click Issue
pay_902673,cust_00147,order_701923,12499,1787679274,captured,card,customer_147@razorpay-demo.com,+919870000147,,Multiple Browser Tabs Checkout
pay_901975,cust_00124,order_701338,24999,1787526856,captured,upi,customer_124@razorpay-demo.com,+919870000124,cust124@okaxis,Failed UPI Retry
pay_901082,cust_00048,order_700891,9999,1787580623,captured,card,customer_48@razorpay-demo.com,+919870000048,,Double-Click Issue
pay_901811,cust_00147,order_701256,199999,1787612585,captured,upi,customer_147@razorpay-demo.com,+919870000147,cust147@okaxis,Failed UPI Retry
pay_900831,cust_00096,order_700766,34999,1787546127,captured,wallet,customer_96@razorpay-demo.com,+919870000096,,Double-Click Issue
pay_900120,cust_00160,order_700120,49999,1787711337,captured,card,customer_160@razorpay-demo.com,+919870000160,,legitimate
pay_900657,cust_00003,order_700657,19999,1787578425,captured,upi,customer_3@razorpay-demo.com,+919870000003,cust3@okaxis,legitimate
pay_902642,cust_00080,order_701892,99999,1787671514,captured,netbanking,customer_80@razorpay-demo.com,+919870000080,,Multiple Browser Tabs Checkout
pay_902602,cust_00069,order_701852,249999,1787627090,captured,netbanking,customer_69@razorpay-demo.com,+919870000069,,Multiple Browser Tabs Checkout
pay_902837,cust_00127,order_702087,74999,1787592911,failed,netbanking,customer_127@razorpay-demo.com,+919870000127,,Gateway Retry with Different IDs
pay_900636,cust_00107,order_700636,24999,1787533245,captured,wallet,customer_107@razorpay-demo.com,+919870000107,,legitimate
pay_900370,cust_00141,order_700370,49999,1787707969,captured,netbanking,customer_141@razorpay-demo.com,+919870000141,,legitimate
pay_900269,cust_00178,order_700269,14999,1787554411,captured,card,customer_178@razorpay-demo.com,+919870000178,,legitimate
pay_900047,cust_00028,order_700047,12499,1787556526,captured,upi,customer_28@razorpay-demo.com,+919870000028,cust28@okaxis,legitimate
pay_900992,cust_00020,order_700846,199999,1787570848,captured,wallet,customer_20@razorpay-demo.com,+919870000020,,Double-Click Issue
pay_900877,cust_00168,order_700789,7499,1787576834,captured,upi,customer_168@razorpay-demo.com,+919870000168,cust168@okaxis,Double-Click Issue
pay_900774,cust_00139,order_700737,24999,1787611105,captured,upi,customer_139@razorpay-demo.com,+919870000139,cust139@okaxis,Double-Click Issue
pay_901220,cust_00041,order_700960,19999,1787629709,captured,card,customer_41@razorpay-demo.com,+919870000041,,Network Timeout Retry
pay_901127,cust_00111,order_700914,19999,1787582747,captured,card,customer_111@razorpay-demo.com,+919870000111,,Double-Click Issue
pay_900005,cust_00180,order_700005,49999,1787563056,captured,wallet,customer_180@razorpay-demo.com,+919870000180,,legitimate
pay_901596,cust_00150,order_701148,12499,1787559744,captured,upi,customer_150@razorpay-demo.com,+919870000150,cust150@okaxis,Network Timeout Retry
pay_902312,cust_00005,order_701562,34999,1787543419,captured,netbanking,customer_5@razorpay-demo.com,+919870000005,,Multiple Browser Tabs Checkout
pay_902492,cust_00113,order_701742,99999,1787546707,captured,card,customer_113@razorpay-demo.com,+919870000113,,Multiple Browser Tabs Checkout
pay_901078,cust_00190,order_700889,74999,1787649560,captured,upi,customer_190@razorpay-demo.com,+919870000190,cust190@okaxis,Double-Click Issue
pay_900838,cust_00013,order_700769,9999,1787663553,captured,upi,customer_13@razorpay-demo.com,+919870000013,cust13@okaxis,Double-Click Issue
pay_900682,cust_00033,order_700682,7499,1787541907,failed,netbanking,customer_33@razorpay-demo.com,+919870000033,,legitimate
pay_901716,cust_00183,order_701208,99999,1787580140,captured,upi,customer_183@razorpay-demo.com,+919870000183,cust183@okaxis,Failed UPI Retry
pay_902353,cust_00075,order_701603,12499,1787519249,captured,card,customer_75@razorpay-demo.com,+919870000075,,Multiple Browser Tabs Checkout
pay_902362,cust_00044,order_701612,199999,1787554645,captured,netbanking,customer_44@razorpay-demo.com,+919870000044,,Multiple Browser Tabs Checkout
pay_902198,cust_00092,order_701449,19999,1787633343,captured,upi,customer_92@razorpay-demo.com,+919870000092,cust92@okaxis,Failed UPI Retry
pay_901149,cust_00132,order_700925,9999,1787547235,captured,upi,customer_132@razorpay-demo.com,+919870000132,cust132@okaxis,Double-Click Issue
pay_900575,cust_00118,order_700575,74999,1787691208,captured,upi,customer_118@razorpay-demo.com,+919870000118,cust118@okaxis,legitimate
pay_900051,cust_00055,order_700051,249999,1787710369,captured,wallet,customer_55@razorpay-demo.com,+919870000055,,legitimate
pay_900854,cust_00156,order_700777,14999,1787633709,captured,netbanking,customer_156@razorpay-demo.com,+919870000156,,Double-Click Issue
pay_901983,cust_00190,order_701342,299999,1787638459,captured,upi,customer_190@razorpay-demo.com,+919870000190,cust190@okaxis,Failed UPI Retry
pay_901824,cust_00135,order_701262,24999,1787606219,captured,upi,customer_135@razorpay-demo.com,+919870000135,cust135@okaxis,Failed UPI Retry
pay_900834,cust_00151,order_700767,49999,1787574929,captured,netbanking,customer_151@razorpay-demo.com,+919870000151,,Double-Click Issue
pay_901116,cust_00172,order_700908,99999,1787664906,captured,upi,customer_172@razorpay-demo.com,+919870000172,cust172@okaxis,Double-Click Issue
pay_901167,cust_00044,order_700934,4999,1787557980,captured,netbanking,customer_44@razorpay-demo.com,+919870000044,,Double-Click Issue
pay_902519,cust_00194,order_701769,199999,1787576974,captured,wallet,customer_194@razorpay-demo.com,+919870000194,,Multiple Browser Tabs Checkout
pay_901907,cust_00030,order_701304,4999,1787569178,captured,upi,customer_30@razorpay-demo.com,+919870000030,cust30@okaxis,Failed UPI Retry
pay_900972,cust_00041,order_700836,7499,1787672903,captured,wallet,customer_41@razorpay-demo.com,+919870000041,,Double-Click Issue
pay_900400,cust_00168,order_700400,99999,1787577163,captured,wallet,customer_168@razorpay-demo.com,+919870000168,,legitimate
pay_902369,cust_00011,order_701619,19999,1787591626,captured,upi,customer_11@razorpay-demo.com,+919870000011,cust11@okaxis,Multiple Browser Tabs Checkout
pay_900020,cust_00165,order_700020,34999,1787572655,captured,upi,customer_165@razorpay-demo.com,+919870000165,cust165@okaxis,legitimate
pay_900685,cust_00048,order_700685,14999,1787611779,captured,netbanking,customer_48@razorpay-demo.com,+919870000048,,legitimate
pay_900036,cust_00141,order_700036,9999,1787629418,captured,netbanking,customer_141@razorpay-demo.com,+919870000141,,legitimate
pay_902738,cust_00145,order_701988,299999,1787616288,captured,upi,customer_145@razorpay-demo.com,+919870000145,cust145@okaxis,Gateway Retry with Different IDs
pay_900525,cust_00099,order_700525,199999,1787686188,captured,upi,customer_99@razorpay-demo.com,+919870000099,cust99@okaxis,legitimate
pay_902456,cust_00129,order_701706,12499,1787652843,captured,upi,customer_129@razorpay-demo.com,+919870000129,cust129@okaxis,Multiple Browser Tabs Checkout
pay_900921,cust_00130,order_700811,9999,1787578788,captured,card,customer_130@razorpay-demo.com,+919870000130,,Double-Click Issue
pay_901842,cust_00060,order_701271,149999,1787565691,captured,upi,customer_60@razorpay-demo.com,+919870000060,cust60@okaxis,Failed UPI Retry
pay_901891,cust_00056,order_701296,49999,1787567681,captured,upi,customer_56@razorpay-demo.com,+919870000056,cust56@okaxis,Failed UPI Retry
pay_900538,cust_00063,order_700538,74999,1787663469,captured,upi,customer_63@razorpay-demo.com,+919870000063,cust63@okaxis,legitimate
pay_901706,cust_00028,order_701203,9999,1787547473,captured,upi,customer_28@razorpay-demo.com,+919870000028,cust28@okaxis,Failed UPI Retry
pay_902836,cust_00017,order_702086,14999,1787669101,captured,wallet,customer_17@razorpay-demo.com,+919870000017,,Gateway Retry with Different IDs
pay_900246,cust_00034,order_700246,49999,1787687920,captured,netbanking,customer_34@razorpay-demo.com,+919870000034,,legitimate
pay_900785,cust_00052,order_700743,249999,1787659575,captured,upi,customer_52@razorpay-demo.com,+919870000052,cust52@okaxis,Double-Click Issue
pay_901410,cust_00168,order_701055,14999,1787620078,captured,netbanking,customer_168@razorpay-demo.com,+919870000168,,Network Timeout Retry
pay_902538,cust_00111,order_701788,299999,1787581747,captured,card,customer_111@razorpay-demo.com,+919870000111,,Multiple Browser Tabs Checkout
pay_900155,cust_00075,order_700155,149999,1787653221,captured,upi,customer_75@razorpay-demo.com,+919870000075,cust75@okaxis,legitimate
pay_901687,cust_00040,order_701194,24999,1787672643,captured,netbanking,customer_40@razorpay-demo.com,+919870000040,,Network Timeout Retry
pay_900626,cust_00110,order_700626,19999,1787568963,captured,upi,customer_110@razorpay-demo.com,+919870000110,cust110@okaxis,legitimate
pay_902781,cust_00021,order_702031,299999,1787567349,failed,wallet,customer_21@razorpay-demo.com,+919870000021,,Gateway Retry with Different IDs
pay_901347,cust_00159,order_701024,19999,1787650041,captured,upi,customer_159@razorpay-demo.com,+919870000159,cust159@okaxis,Network Timeout Retry
pay_900570,cust_00051,order_700570,34999,1787599429,captured,wallet,customer_51@razorpay-demo.com,+919870000051,,legitimate
pay_901759,cust_00116,order_701230,4999,1787546351,captured,upi,customer_116@razorpay-demo.com,+919870000116,cust116@okaxis,Failed UPI Retry
pay_901817,cust_00098,order_701259,249999,1787527134,captured,upi,customer_98@razorpay-demo.com,+919870000098,cust98@okaxis,Failed UPI Retry
pay_902066,cust_00149,order_701383,14999,1787621447,captured,upi,customer_149@razorpay-demo.com,+919870000149,cust149@okaxis,Failed UPI Retry
pay_900128,cust_00122,order_700128,99999,1787637258,captured,card,customer_122@razorpay-demo.com,+919870000122,,legitimate
pay_902879,cust_00086,order_702129,249999,1787536692,failed,upi,customer_86@razorpay-demo.com,+919870000086,cust86@okaxis,Gateway Retry with Different IDs
pay_902007,cust_00112,order_701354,149999,1787685231,captured,upi,customer_112@razorpay-demo.com,+919870000112,cust112@okaxis,Failed UPI Retry
pay_900981,cust_00004,order_700841,149999,1787684421,captured,upi,customer_4@razorpay-demo.com,+919870000004,cust4@okaxis,Double-Click Issue
pay_902876,cust_00093,order_702126,9999,1787637869,captured,netbanking,customer_93@razorpay-demo.com,+919870000093,,Gateway Retry with Different IDs
pay_900191,cust_00154,order_700191,49999,1787702071,captured,upi,customer_154@razorpay-demo.com,+919870000154,cust154@okaxis,legitimate
pay_901140,cust_00192,order_700920,24999,1787681353,captured,netbanking,customer_192@razorpay-demo.com,+919870000192,,Double-Click Issue
pay_900993,cust_00072,order_700847,4999,1787610566,captured,upi,customer_72@razorpay-demo.com,+919870000072,cust72@okaxis,Double-Click Issue
pay_900700,cust_00015,order_700700,12499,1787519745,captured,upi,customer_15@razorpay-demo.com,+919870000015,cust15@okaxis,legitimate
pay_900607,cust_00083,order_700607,249999,1787588396,captured,netbanking,customer_83@razorpay-demo.com,+919870000083,,legitimate
pay_900181,cust_00083,order_700181,7499,1787702262,captured,wallet,customer_83@razorpay-demo.com,+919870000083,,legitimate
pay_900302,cust_00183,order_700302,7499,1787523896,captured,upi,customer_183@razorpay-demo.com,+919870000183,cust183@okaxis,legitimate
pay_902545,cust_00125,order_701795,199999,1787613739,captured,card,customer_125@razorpay-demo.com,+919870000125,,Multiple Browser Tabs Checkout
pay_902685,cust_00049,order_701935,249999,1787565201,captured,netbanking,customer_49@razorpay-demo.com,+919870000049,,Multiple Browser Tabs Checkout
pay_901061,cust_00177,order_700881,199999,1787550692,captured,netbanking,customer_177@razorpay-demo.com,+919870000177,,Double-Click Issue
pay_902728,cust_00042,order_701978,149999,1787590897,captured,wallet,customer_42@razorpay-demo.com,+919870000042,,Gateway Retry with Different IDs
pay_902783,cust_00176,order_702033,299999,1787660859,failed,netbanking,customer_176@razorpay-demo.com,+919870000176,,Gateway Retry with Different IDs
pay_902566,cust_00010,order_701816,34999,1787613618,captured,wallet,customer_10@razorpay-demo.com,+919870000010,,Multiple Browser Tabs Checkout
pay_901070,cust_00098,order_700885,24999,1787680762,captured,wallet,customer_98@razorpay-demo.com,+919870000098,,Double-Click Issue
pay_902525,cust_00161,order_701775,9999,1787532652,captured,card,customer_161@razorpay-demo.com,+919870000161,,Multiple Browser Tabs Checkout
pay_902206,cust_00142,order_701456,4999,1787629630,captured,wallet,customer_142@razorpay-demo.com,+919870000142,,Multiple Browser Tabs Checkout
pay_901244,cust_00152,order_700972,7499,1787580815,captured,upi,customer_152@razorpay-demo.com,+919870000152,cust152@okaxis,Network Timeout Retry
pay_900017,cust_00199,order_700017,4999,1787692950,captured,upi,customer_199@razorpay-demo.com,+919870000199,cust199@okaxis,legitimate
pay_902882,cust_00113,order_702132,24999,1787557871,captured,card,customer_113@razorpay-demo.com,+919870000113,,Gateway Retry with Different IDs
pay_900547,cust_00084,order_700547,24999,1787691804,captured,netbanking,customer_84@razorpay-demo.com,+919870000084,,legitimate
pay_900659,cust_00127,order_700659,199999,1787673653,captured,upi,customer_127@razorpay-demo.com,+919870000127,cust127@okaxis,legitimate
pay_902838,cust_00127,order_702088,74999,1787592948,captured,netbanking,customer_127@razorpay-demo.com,+919870000127,,Gateway Retry with Different IDs
pay_902645,cust_00003,order_701895,299999,1787675714,captured,wallet,customer_3@razorpay-demo.com,+919870000003,,Multiple Browser Tabs Checkout
pay_901505,cust_00096,order_701103,199999,1787558420,captured,card,customer_96@razorpay-demo.com,+919870000096,,Network Timeout Retry
pay_900960,cust_00003,order_700830,249999,1787630070,captured,upi,customer_3@razorpay-demo.com,+919870000003,cust3@okaxis,Double-Click Issue
pay_902332,cust_00036,order_701582,19999,1787608710,captured,upi,customer_36@razorpay-demo.com,+919870000036,cust36@okaxis,Multiple Browser Tabs Checkout
pay_900798,cust_00200,order_700749,7499,1787665343,captured,netbanking,customer_200@razorpay-demo.com,+919870000200,,Double-Click Issue
pay_900226,cust_00124,order_700226,199999,1787676698,captured,netbanking,customer_124@razorpay-demo.com,+919870000124,,legitimate
pay_902075,cust_00192,order_701388,14999,1787641062,captured,upi,customer_192@razorpay-demo.com,+919870000192,cust192@okaxis,Failed UPI Retry
pay_901800,cust_00013,order_701250,9999,1787541173,captured,upi,customer_13@razorpay-demo.com,+919870000013,cust13@okaxis,Failed UPI Retry
pay_902486,cust_00136,order_701736,12499,1787682076,captured,upi,customer_136@razorpay-demo.com,+919870000136,cust136@okaxis,Multiple Browser Tabs Checkout
pay_902865,cust_00012,order_702115,199999,1787670325,failed,netbanking,customer_12@razorpay-demo.com,+919870000012,,Gateway Retry with Different IDs
pay_902278,cust_00084,order_701528,12499,1787556433,captured,card,customer_84@razorpay-demo.com,+919870000084,,Multiple Browser Tabs Checkout
pay_902086,cust_00065,order_701393,9999,1787621916,captured,upi,customer_65@razorpay-demo.com,+919870000065,cust65@okaxis,Failed UPI Retry
pay_901694,cust_00177,order_701197,149999,1787589800,captured,upi,customer_177@razorpay-demo.com,+919870000177,cust177@okaxis,Network Timeout Retry
pay_901046,cust_00183,order_700873,14999,1787674624,captured,netbanking,customer_183@razorpay-demo.com,+919870000183,,Double-Click Issue
pay_900470,cust_00058,order_700470,249999,1787678776,failed,card,customer_58@razorpay-demo.com,+919870000058,,legitimate
pay_900955,cust_00011,order_700828,249999,1787577686,captured,netbanking,customer_11@razorpay-demo.com,+919870000011,,Double-Click Issue
pay_902878,cust_00130,order_702128,34999,1787542136,captured,card,customer_130@razorpay-demo.com,+919870000130,,Gateway Retry with Different IDs
pay_900640,cust_00062,order_700640,4999,1787534063,captured,upi,customer_62@razorpay-demo.com,+919870000062,cust62@okaxis,legitimate
pay_902688,cust_00098,order_701938,9999,1787663427,captured,wallet,customer_98@razorpay-demo.com,+919870000098,,Multiple Browser Tabs Checkout
pay_901219,cust_00041,order_700960,19999,1787629681,captured,card,customer_41@razorpay-demo.com,+919870000041,,Network Timeout Retry
pay_901159,cust_00033,order_700930,99999,1787532729,captured,upi,customer_33@razorpay-demo.com,+919870000033,cust33@okaxis,Double-Click Issue
pay_901416,cust_00006,order_701058,9999,1787629883,captured,upi,customer_6@razorpay-demo.com,+919870000006,cust6@okaxis,Network Timeout Retry
pay_902623,cust_00198,order_701873,199999,1787572341,captured,netbanking,customer_198@razorpay-demo.com,+919870000198,,Multiple Browser Tabs Checkout
pay_901528,cust_00076,order_701114,249999,1787609059,captured,netbanking,customer_76@razorpay-demo.com,+919870000076,,Network Timeout Retry
pay_902826,cust_00076,order_702076,74999,1787524250,captured,wallet,customer_76@razorpay-demo.com,+919870000076,,Gateway Retry with Different IDs
pay_901301,cust_00003,order_701001,12499,1787549093,captured,netbanking,customer_3@razorpay-demo.com,+919870000003,,Network Timeout Retry
pay_902772,cust_00069,order_702022,74999,1787531068,captured,wallet,customer_69@razorpay-demo.com,+919870000069,,Gateway Retry with Different IDs
pay_901604,cust_00010,order_701152,149999,1787529018,captured,wallet,customer_10@razorpay-demo.com,+919870000010,,Network Timeout Retry
pay_900161,cust_00156,order_700161,74999,1787682991,captured,upi,customer_156@razorpay-demo.com,+919870000156,cust156@okaxis,legitimate
pay_901705,cust_00028,order_701203,9999,1787547365,captured,upi,customer_28@razorpay-demo.com,+919870000028,cust28@okaxis,Failed UPI Retry
pay_900957,cust_00081,order_700829,24999,1787531857,captured,card,customer_81@razorpay-demo.com,+919870000081,,Double-Click Issue
pay_902820,cust_00038,order_702070,34999,1787519231,captured,wallet,customer_38@razorpay-demo.com,+919870000038,,Gateway Retry with Different IDs
pay_900878,cust_00168,order_700789,7499,1787576837,captured,upi,customer_168@razorpay-demo.com,+919870000168,cust168@okaxis,Double-Click Issue
pay_901920,cust_00071,order_701310,49999,1787570676,captured,upi,customer_71@razorpay-demo.com,+919870000071,cust71@okaxis,Failed UPI Retry
pay_901885,cust_00181,order_701293,249999,1787569786,captured,upi,customer_181@razorpay-demo.com,+919870000181,cust181@okaxis,Failed UPI Retry
pay_902201,cust_00024,order_701451,19999,1787529344,captured,netbanking,customer_24@razorpay-demo.com,+919870000024,,Multiple Browser Tabs Checkout
pay_900099,cust_00173,order_700099,14999,1787689658,captured,upi,customer_173@razorpay-demo.com,+919870000173,cust173@okaxis,legitimate
pay_902736,cust_00047,order_701986,249999,1787645057,captured,upi,customer_47@razorpay-demo.com,+919870000047,cust47@okaxis,Gateway Retry with Different IDs
pay_902558,cust_00098,order_701808,7499,1787575098,captured,wallet,customer_98@razorpay-demo.com,+919870000098,,Multiple Browser Tabs Checkout
pay_900254,cust_00156,order_700254,9999,1787542698,captured,card,customer_156@razorpay-demo.com,+919870000156,,legitimate
pay_900104,cust_00179,order_700104,49999,1787526288,captured,wallet,customer_179@razorpay-demo.com,+919870000179,,legitimate
pay_901446,cust_00195,order_701073,249999,1787574894,captured,upi,customer_195@razorpay-demo.com,+919870000195,cust195@okaxis,Network Timeout Retry
pay_901444,cust_00040,order_701072,14999,1787515498,captured,card,customer_40@razorpay-demo.com,+919870000040,,Network Timeout Retry
pay_901649,cust_00190,order_701175,49999,1787550658,captured,upi,customer_190@razorpay-demo.com,+919870000190,cust190@okaxis,Network Timeout Retry
pay_900587,cust_00198,order_700587,199999,1787634182,captured,wallet,customer_198@razorpay-demo.com,+919870000198,,legitimate
pay_900628,cust_00169,order_700628,299999,1787559817,captured,netbanking,customer_169@razorpay-demo.com,+919870000169,,legitimate
pay_901697,cust_00137,order_701199,149999,1787547259,captured,card,customer_137@razorpay-demo.com,+919870000137,,Network Timeout Retry
pay_902102,cust_00198,order_701401,24999,1787556644,captured,upi,customer_198@razorpay-demo.com,+919870000198,cust198@okaxis,Failed UPI Retry
pay_902200,cust_00015,order_701450,99999,1787687837,captured,upi,customer_15@razorpay-demo.com,+919870000015,cust15@okaxis,Failed UPI Retry
pay_900404,cust_00130,order_700404,34999,1787693708,captured,netbanking,customer_130@razorpay-demo.com,+919870000130,,legitimate
pay_901155,cust_00075,order_700928,99999,1787558760,captured,card,customer_75@razorpay-demo.com,+919870000075,,Double-Click Issue
pay_902256,cust_00157,order_701506,7499,1787575555,captured,netbanking,customer_157@razorpay-demo.com,+919870000157,,Multiple Browser Tabs Checkout
pay_901683,cust_00169,order_701192,9999,1787641566,captured,card,customer_169@razorpay-demo.com,+919870000169,,Network Timeout Retry
pay_902057,cust_00037,order_701379,149999,1787641808,captured,upi,customer_37@razorpay-demo.com,+919870000037,cust37@okaxis,Failed UPI Retry
pay_902753,cust_00188,order_702003,299999,1787551965,failed,upi,customer_188@razorpay-demo.com,+919870000188,cust188@okaxis,Gateway Retry with Different IDs
pay_900453,cust_00076,order_700453,19999,1787562773,captured,upi,customer_76@razorpay-demo.com,+919870000076,cust76@okaxis,legitimate
pay_902302,cust_00147,order_701552,299999,1787587638,captured,card,customer_147@razorpay-demo.com,+919870000147,,Multiple Browser Tabs Checkout
pay_901328,cust_00199,order_701014,34999,1787670402,captured,wallet,customer_199@razorpay-demo.com,+919870000199,,Network Timeout Retry
pay_902050,cust_00183,order_701375,49999,1787562066,captured,upi,customer_183@razorpay-demo.com,+919870000183,cust183@okaxis,Failed UPI Retry
pay_900881,cust_00076,order_700791,34999,1787596750,captured,card,customer_76@razorpay-demo.com,+919870000076,,Double-Click Issue
pay_902823,cust_00006,order_702073,249999,1787616568,failed,wallet,customer_6@razorpay-demo.com,+919870000006,,Gateway Retry with Different IDs
pay_900624,cust_00106,order_700624,74999,1787701193,captured,wallet,customer_106@razorpay-demo.com,+919870000106,,legitimate
pay_902394,cust_00051,order_701644,4999,1787608498,captured,card,customer_51@razorpay-demo.com,+919870000051,,Multiple Browser Tabs Checkout
pay_902682,cust_00004,order_701932,149999,1787649096,captured,wallet,customer_4@razorpay-demo.com,+919870000004,,Multiple Browser Tabs Checkout
pay_901788,cust_00004,order_701244,34999,1787601524,captured,upi,customer_4@razorpay-demo.com,+919870000004,cust4@okaxis,Failed UPI Retry
pay_900263,cust_00085,order_700263,99999,1787604176,captured,card,customer_85@razorpay-demo.com,+919870000085,,legitimate
pay_901635,cust_00153,order_701168,99999,1787648442,captured,card,customer_153@razorpay-demo.com,+919870000153,,Network Timeout Retry
pay_901439,cust_00137,order_701070,14999,1787598670,captured,netbanking,customer_137@razorpay-demo.com,+919870000137,,Network Timeout Retry
pay_902199,cust_00015,order_701450,99999,1787687725,captured,upi,customer_15@razorpay-demo.com,+919870000015,cust15@okaxis,Failed UPI Retry
pay_901970,cust_00084,order_701335,49999,1787627734,captured,upi,customer_84@razorpay-demo.com,+919870000084,cust84@okaxis,Failed UPI Retry
pay_902521,cust_00125,order_701771,49999,1787540907,captured,netbanking,customer_125@razorpay-demo.com,+919870000125,,Multiple Browser Tabs Checkout
pay_901803,cust_00171,order_701252,74999,1787660250,captured,upi,customer_171@razorpay-demo.com,+919870000171,cust171@okaxis,Failed UPI Retry
pay_900641,cust_00117,order_700641,74999,1787582248,captured,card,customer_117@razorpay-demo.com,+919870000117,,legitimate
pay_902386,cust_00188,order_701636,34999,1787539541,captured,card,customer_188@razorpay-demo.com,+919870000188,,Multiple Browser Tabs Checkout
pay_902599,cust_00082,order_701849,249999,1787624984,captured,card,customer_82@razorpay-demo.com,+919870000082,,Multiple Browser Tabs Checkout
pay_902739,cust_00135,order_701989,199999,1787587398,failed,upi,customer_135@razorpay-demo.com,+919870000135,cust135@okaxis,Gateway Retry with Different IDs
pay_901960,cust_00180,order_701330,299999,1787630455,captured,upi,customer_180@razorpay-demo.com,+919870000180,cust180@okaxis,Failed UPI Retry
pay_900489,cust_00155,order_700489,74999,1787704143,captured,card,customer_155@razorpay-demo.com,+919870000155,,legitimate
pay_901844,cust_00001,order_701272,7499,1787519696,captured,upi,customer_1@razorpay-demo.com,+919870000001,cust1@okaxis,Failed UPI Retry
pay_901735,cust_00153,order_701218,49999,1787606201,captured,upi,customer_153@razorpay-demo.com,+919870000153,cust153@okaxis,Failed UPI Retry
pay_900147,cust_00005,order_700147,7499,1787563306,captured,netbanking,customer_5@razorpay-demo.com,+919870000005,,legitimate
pay_901535,cust_00100,order_701118,12499,1787647760,captured,wallet,customer_100@razorpay-demo.com,+919870000100,,Network Timeout Retry
pay_901987,cust_00143,order_701344,7499,1787657486,captured,upi,customer_143@razorpay-demo.com,+919870000143,cust143@okaxis,Failed UPI Retry
pay_901370,cust_00061,order_701035,14999,1787681099,captured,wallet,customer_61@razorpay-demo.com,+919870000061,,Network Timeout Retry
pay_902451,cust_00036,order_701701,49999,1787579898,captured,netbanking,customer_36@razorpay-demo.com,+919870000036,,Multiple Browser Tabs Checkout
pay_902841,cust_00089,order_702091,34999,1787603160,failed,upi,customer_89@razorpay-demo.com,+919870000089,cust89@okaxis,Gateway Retry with Different IDs
pay_900660,cust_00063,order_700660,9999,1787716839,captured,card,customer_63@razorpay-demo.com,+919870000063,,legitimate
pay_901795,cust_00154,order_701248,4999,1787557727,captured,upi,customer_154@razorpay-demo.com,+919870000154,cust154@okaxis,Failed UPI Retry
pay_902512,cust_00031,order_701762,9999,1787584677,captured,wallet,customer_31@razorpay-demo.com,+919870000031,,Multiple Browser Tabs Checkout
pay_900187,cust_00105,order_700187,7499,1787729768,failed,upi,customer_105@razorpay-demo.com,+919870000105,cust105@okaxis,legitimate
pay_901148,cust_00079,order_700924,12499,1787552032,captured,netbanking,customer_79@razorpay-demo.com,+919870000079,,Double-Click Issue
pay_900609,cust_00196,order_700609,4999,1787536949,captured,card,customer_196@razorpay-demo.com,+919870000196,,legitimate
pay_902192,cust_00187,order_701446,199999,1787655840,captured,upi,customer_187@razorpay-demo.com,+919870000187,cust187@okaxis,Failed UPI Retry
pay_901931,cust_00044,order_701316,7499,1787569247,captured,upi,customer_44@razorpay-demo.com,+919870000044,cust44@okaxis,Failed UPI Retry
pay_900198,cust_00099,order_700198,99999,1787622432,captured,upi,customer_99@razorpay-demo.com,+919870000099,cust99@okaxis,legitimate
pay_902328,cust_00099,order_701578,19999,1787622443,captured,wallet,customer_99@razorpay-demo.com,+919870000099,,Multiple Browser Tabs Checkout
pay_900294,cust_00149,order_700294,34999,1787702118,captured,netbanking,customer_149@razorpay-demo.com,+919870000149,,legitimate
pay_900767,cust_00095,order_700734,9999,1787523151,captured,wallet,customer_95@razorpay-demo.com,+919870000095,,Double-Click Issue
pay_900401,cust_00028,order_700401,24999,1787706051,captured,upi,customer_28@razorpay-demo.com,+919870000028,cust28@okaxis,legitimate
pay_900123,cust_00117,order_700123,19999,1787679866,captured,netbanking,customer_117@razorpay-demo.com,+919870000117,,legitimate
pay_900203,cust_00173,order_700203,249999,1787721535,captured,wallet,customer_173@razorpay-demo.com,+919870000173,,legitimate
pay_900836,cust_00192,order_700768,249999,1787564703,captured,card,customer_192@razorpay-demo.com,+919870000192,,Double-Click Issue
pay_902295,cust_00056,order_701545,74999,1787660073,captured,wallet,customer_56@razorpay-demo.com,+919870000056,,Multiple Browser Tabs Checkout
pay_901440,cust_00137,order_701070,14999,1787598692,captured,netbanking,customer_137@razorpay-demo.com,+919870000137,,Network Timeout Retry
pay_901734,cust_00101,order_701217,74999,1787677827,captured,upi,customer_101@razorpay-demo.com,+919870000101,cust101@okaxis,Failed UPI Retry
pay_901696,cust_00198,order_701198,9999,1787570336,captured,upi,customer_198@razorpay-demo.com,+919870000198,cust198@okaxis,Network Timeout Retry
pay_901708,cust_00158,order_701204,14999,1787620197,captured,upi,customer_158@razorpay-demo.com,+919870000158,cust158@okaxis,Failed UPI Retry
pay_902818,cust_00138,order_702068,12499,1787567478,captured,card,customer_138@razorpay-demo.com,+919870000138,,Gateway Retry with Different IDs
pay_901154,cust_00014,order_700927,249999,1787626842,captured,wallet,customer_14@razorpay-demo.com,+919870000014,,Double-Click Issue
pay_901662,cust_00169,order_701181,19999,1787518780,captured,card,customer_169@razorpay-demo.com,+919870000169,,Network Timeout Retry
pay_902433,cust_00067,order_701683,99999,1787683793,captured,wallet,customer_67@razorpay-demo.com,+919870000067,,Multiple Browser Tabs Checkout
pay_901760,cust_00116,order_701230,4999,1787546456,captured,upi,customer_116@razorpay-demo.com,+919870000116,cust116@okaxis,Failed UPI Retry
pay_900855,cust_00017,order_700778,19999,1787626136,captured,netbanking,customer_17@razorpay-demo.com,+919870000017,,Double-Click Issue
pay_901590,cust_00006,order_701145,199999,1787674294,captured,netbanking,customer_6@razorpay-demo.com,+919870000006,,Network Timeout Retry
pay_902268,cust_00073,order_701518,12499,1787558899,captured,wallet,customer_73@razorpay-demo.com,+919870000073,,Multiple Browser Tabs Checkout
pay_900642,cust_00190,order_700642,9999,1787518176,captured,card,customer_190@razorpay-demo.com,+919870000190,,legitimate
pay_900002,cust_00036,order_700002,149999,1787661608,failed,card,customer_36@razorpay-demo.com,+919870000036,,legitimate
pay_902161,cust_00198,order_701431,199999,1787571325,captured,upi,customer_198@razorpay-demo.com,+919870000198,cust198@okaxis,Failed UPI Retry
pay_900699,cust_00127,order_700699,49999,1787553361,captured,netbanking,customer_127@razorpay-demo.com,+919870000127,,legitimate
pay_901637,cust_00090,order_701169,74999,1787623127,captured,wallet,customer_90@razorpay-demo.com,+919870000090,,Network Timeout Retry
pay_901292,cust_00163,order_700996,4999,1787657729,captured,card,customer_163@razorpay-demo.com,+919870000163,,Network Timeout Retry
pay_902764,cust_00168,order_702014,9999,1787567067,captured,card,customer_168@razorpay-demo.com,+919870000168,,Gateway Retry with Different IDs
pay_902490,cust_00055,order_701740,299999,1787578776,captured,wallet,customer_55@razorpay-demo.com,+919870000055,,Multiple Browser Tabs Checkout
pay_901521,cust_00049,order_701111,74999,1787609378,captured,upi,customer_49@razorpay-demo.com,+919870000049,cust49@okaxis,Network Timeout Retry
pay_901854,cust_00018,order_701277,14999,1787567430,captured,upi,customer_18@razorpay-demo.com,+919870000018,cust18@okaxis,Failed UPI Retry
pay_901137,cust_00008,order_700919,34999,1787607624,captured,upi,customer_8@razorpay-demo.com,+919870000008,cust8@okaxis,Double-Click Issue
pay_902803,cust_00112,order_702053,49999,1787516451,failed,card,customer_112@razorpay-demo.com,+919870000112,,Gateway Retry with Different IDs
pay_901632,cust_00111,order_701166,19999,1787534914,captured,card,customer_111@razorpay-demo.com,+919870000111,,Network Timeout Retry
pay_901999,cust_00170,order_701350,9999,1787593715,captured,upi,customer_170@razorpay-demo.com,+919870000170,cust170@okaxis,Failed UPI Retry
pay_900664,cust_00037,order_700664,149999,1787535535,failed,netbanking,customer_37@razorpay-demo.com,+919870000037,,legitimate
pay_900684,cust_00008,order_700684,24999,1787552767,captured,wallet,customer_8@razorpay-demo.com,+919870000008,,legitimate
pay_901258,cust_00012,order_700979,149999,1787555136,captured,wallet,customer_12@razorpay-demo.com,+919870000012,,Network Timeout Retry
pay_900318,cust_00094,order_700318,99999,1787724872,captured,upi,customer_94@razorpay-demo.com,+919870000094,cust94@okaxis,legitimate
pay_900649,cust_00027,order_700649,299999,1787564776,captured,card,customer_27@razorpay-demo.com,+919870000027,,legitimate
pay_901435,cust_00179,order_701068,49999,1787617536,captured,upi,customer_179@razorpay-demo.com,+919870000179,cust179@okaxis,Network Timeout Retry
pay_901480,cust_00193,order_701090,9999,1787561520,captured,card,customer_193@razorpay-demo.com,+919870000193,,Network Timeout Retry
pay_900710,cust_00102,order_700705,74999,1787573601,captured,card,customer_102@razorpay-demo.com,+919870000102,,Double-Click Issue
pay_901283,cust_00181,order_700992,24999,1787663185,captured,upi,customer_181@razorpay-demo.com,+919870000181,cust181@okaxis,Network Timeout Retry
pay_901769,cust_00093,order_701235,7499,1787605956,captured,upi,customer_93@razorpay-demo.com,+919870000093,cust93@okaxis,Failed UPI Retry
pay_900973,cust_00146,order_700837,99999,1787546763,captured,wallet,customer_146@razorpay-demo.com,+919870000146,,Double-Click Issue
pay_902676,cust_00023,order_701926,34999,1787560687,captured,upi,customer_23@razorpay-demo.com,+919870000023,cust23@okaxis,Multiple Browser Tabs Checkout
pay_902681,cust_00004,order_701931,149999,1787649077,captured,wallet,customer_4@razorpay-demo.com,+919870000004,,Multiple Browser Tabs Checkout
pay_901307,cust_00023,order_701004,14999,1787576461,captured,wallet,customer_23@razorpay-demo.com,+919870000023,,Network Timeout Retry
pay_901401,cust_00021,order_701051,24999,1787595577,captured,netbanking,customer_21@razorpay-demo.com,+919870000021,,Network Timeout Retry
pay_901409,cust_00168,order_701055,14999,1787620051,captured,netbanking,customer_168@razorpay-demo.com,+919870000168,,Network Timeout Retry
pay_902238,cust_00196,order_701488,4999,1787573424,captured,upi,customer_196@razorpay-demo.com,+919870000196,cust196@okaxis,Multiple Browser Tabs Checkout
pay_901497,cust_00171,order_701099,12499,1787556216,captured,card,customer_171@razorpay-demo.com,+919870000171,,Network Timeout Retry
pay_902039,cust_00117,order_701370,299999,1787651768,captured,upi,customer_117@razorpay-demo.com,+919870000117,cust117@okaxis,Failed UPI Retry
pay_901530,cust_00001,order_701115,199999,1787642260,captured,wallet,customer_1@razorpay-demo.com,+919870000001,,Network Timeout Retry
pay_901664,cust_00167,order_701182,24999,1787684780,captured,upi,customer_167@razorpay-demo.com,+919870000167,cust167@okaxis,Network Timeout Retry
pay_901355,cust_00131,order_701028,14999,1787553818,captured,wallet,customer_131@razorpay-demo.com,+919870000131,,Network Timeout Retry
pay_902829,cust_00189,order_702079,74999,1787521837,failed,netbanking,customer_189@razorpay-demo.com,+919870000189,,Gateway Retry with Different IDs
pay_902849,cust_00160,order_702099,12499,1787634793,failed,netbanking,customer_160@razorpay-demo.com,+919870000160,,Gateway Retry with Different IDs
pay_901644,cust_00063,order_701172,74999,1787665602,captured,upi,customer_63@razorpay-demo.com,+919870000063,cust63@okaxis,Network Timeout Retry
pay_901052,cust_00123,order_700876,74999,1787631953,captured,wallet,customer_123@razorpay-demo.com,+919870000123,,Double-Click Issue
pay_900796,cust_00038,order_700748,74999,1787675271,captured,card,customer_38@razorpay-demo.com,+919870000038,,Double-Click Issue
pay_902694,cust_00159,order_701944,34999,1787579333,captured,upi,customer_159@razorpay-demo.com,+919870000159,cust159@okaxis,Multiple Browser Tabs Checkout
pay_901598,cust_00024,order_701149,74999,1787613796,captured,wallet,customer_24@razorpay-demo.com,+919870000024,,Network Timeout Retry
pay_902605,cust_00039,order_701855,12499,1787557878,captured,card,customer_39@razorpay-demo.com,+919870000039,,Multiple Browser Tabs Checkout
pay_902730,cust_00011,order_701980,34999,1787686354,captured,netbanking,customer_11@razorpay-demo.com,+919870000011,,Gateway Retry with Different IDs
pay_902626,cust_00192,order_701876,149999,1787677106,captured,upi,customer_192@razorpay-demo.com,+919870000192,cust192@okaxis,Multiple Browser Tabs Checkout
pay_901820,cust_00141,order_701260,7499,1787566089,captured,upi,customer_141@razorpay-demo.com,+919870000141,cust141@okaxis,Failed UPI Retry
pay_901723,cust_00052,order_701212,199999,1787550789,captured,upi,customer_52@razorpay-demo.com,+919870000052,cust52@okaxis,Failed UPI Retry
pay_901184,cust_00010,order_700942,49999,1787609355,captured,netbanking,customer_10@razorpay-demo.com,+919870000010,,Double-Click Issue
pay_902573,cust_00043,order_701823,74999,1787578225,captured,netbanking,customer_43@razorpay-demo.com,+919870000043,,Multiple Browser Tabs Checkout
pay_901060,cust_00074,order_700880,99999,1787540745,captured,netbanking,customer_74@razorpay-demo.com,+919870000074,,Double-Click Issue
pay_900541,cust_00093,order_700541,14999,1787671155,captured,upi,customer_93@razorpay-demo.com,+919870000093,cust93@okaxis,legitimate
pay_901679,cust_00100,order_701190,299999,1787678588,captured,card,customer_100@razorpay-demo.com,+919870000100,,Network Timeout Retry
pay_902793,cust_00119,order_702043,9999,1787661096,failed,upi,customer_119@razorpay-demo.com,+919870000119,cust119@okaxis,Gateway Retry with Different IDs
pay_902533,cust_00076,order_701783,99999,1787600156,captured,wallet,customer_76@razorpay-demo.com,+919870000076,,Multiple Browser Tabs Checkout
pay_901758,cust_00140,order_701229,9999,1787583434,captured,upi,customer_140@razorpay-demo.com,+919870000140,cust140@okaxis,Failed UPI Retry
pay_901924,cust_00071,order_701312,7499,1787518186,captured,upi,customer_71@razorpay-demo.com,+919870000071,cust71@okaxis,Failed UPI Retry
pay_900096,cust_00055,order_700096,49999,1787686888,failed,wallet,customer_55@razorpay-demo.com,+919870000055,,legitimate
pay_901021,cust_00049,order_700861,7499,1787552695,captured,wallet,customer_49@razorpay-demo.com,+919870000049,,Double-Click Issue
pay_900564,cust_00185,order_700564,149999,1787584325,captured,wallet,customer_185@razorpay-demo.com,+919870000185,,legitimate
pay_900864,cust_00007,order_700782,99999,1787687806,captured,wallet,customer_7@razorpay-demo.com,+919870000007,,Double-Click Issue
pay_901485,cust_00197,order_701093,149999,1787581934,captured,upi,customer_197@razorpay-demo.com,+919870000197,cust197@okaxis,Network Timeout Retry
pay_901882,cust_00147,order_701291,74999,1787582864,captured,upi,customer_147@razorpay-demo.com,+919870000147,cust147@okaxis,Failed UPI Retry
pay_901039,cust_00076,order_700870,34999,1787539318,captured,upi,customer_76@razorpay-demo.com,+919870000076,cust76@okaxis,Double-Click Issue
pay_900207,cust_00008,order_700207,4999,1787687408,captured,netbanking,customer_8@razorpay-demo.com,+919870000008,,legitimate
pay_900393,cust_00062,order_700393,34999,1787573215,captured,card,customer_62@razorpay-demo.com,+919870000062,,legitimate
pay_900871,cust_00092,order_700786,49999,1787661529,captured,netbanking,customer_92@razorpay-demo.com,+919870000092,,Double-Click Issue
pay_900398,cust_00024,order_700398,24999,1787724245,captured,wallet,customer_24@razorpay-demo.com,+919870000024,,legitimate
pay_902787,cust_00132,order_702037,7499,1787586811,failed,wallet,customer_132@razorpay-demo.com,+919870000132,,Gateway Retry with Different IDs
pay_901029,cust_00136,order_700865,149999,1787611038,captured,card,customer_136@razorpay-demo.com,+919870000136,,Double-Click Issue
pay_902691,cust_00038,order_701941,4999,1787684116,captured,netbanking,customer_38@razorpay-demo.com,+919870000038,,Multiple Browser Tabs Checkout
pay_901486,cust_00197,order_701093,149999,1787581963,captured,upi,customer_197@razorpay-demo.com,+919870000197,cust197@okaxis,Network Timeout Retry
pay_902661,cust_00162,order_701911,34999,1787515972,captured,upi,customer_162@razorpay-demo.com,+919870000162,cust162@okaxis,Multiple Browser Tabs Checkout
pay_900961,cust_00085,order_700831,19999,1787680480,captured,wallet,customer_85@razorpay-demo.com,+919870000085,,Double-Click Issue
pay_901571,cust_00087,order_701136,99999,1787607699,captured,upi,customer_87@razorpay-demo.com,+919870000087,cust87@okaxis,Network Timeout Retry
pay_902774,cust_00095,order_702024,74999,1787590491,captured,upi,customer_95@razorpay-demo.com,+919870000095,cust95@okaxis,Gateway Retry with Different IDs
pay_901896,cust_00024,order_701298,34999,1787602968,captured,upi,customer_24@razorpay-demo.com,+919870000024,cust24@okaxis,Failed UPI Retry
pay_902732,cust_00125,order_701982,34999,1787534935,captured,wallet,customer_125@razorpay-demo.com,+919870000125,,Gateway Retry with Different IDs
pay_902147,cust_00056,order_701424,74999,1787625702,captured,upi,customer_56@razorpay-demo.com,+919870000056,cust56@okaxis,Failed UPI Retry
pay_900805,cust_00177,order_700753,12499,1787644306,captured,card,customer_177@razorpay-demo.com,+919870000177,,Double-Click Issue
pay_901752,cust_00177,order_701226,49999,1787671685,captured,upi,customer_177@razorpay-demo.com,+919870000177,cust177@okaxis,Failed UPI Retry
pay_902455,cust_00129,order_701705,12499,1787652835,captured,upi,customer_129@razorpay-demo.com,+919870000129,cust129@okaxis,Multiple Browser Tabs Checkout
pay_900503,cust_00091,order_700503,9999,1787671029,captured,upi,customer_91@razorpay-demo.com,+919870000091,cust91@okaxis,legitimate
pay_900780,cust_00009,order_700740,49999,1787536228,captured,upi,customer_9@razorpay-demo.com,+919870000009,cust9@okaxis,Double-Click Issue
pay_901864,cust_00123,order_701282,299999,1787597469,captured,upi,customer_123@razorpay-demo.com,+919870000123,cust123@okaxis,Failed UPI Retry
pay_900201,cust_00168,order_700201,9999,1787616851,failed,card,customer_168@razorpay-demo.com,+919870000168,,legitimate
pay_902183,cust_00164,order_701442,4999,1787676645,captured,upi,customer_164@razorpay-demo.com,+919870000164,cust164@okaxis,Failed UPI Retry
pay_902089,cust_00045,order_701395,299999,1787617699,captured,upi,customer_45@razorpay-demo.com,+919870000045,cust45@okaxis,Failed UPI Retry
pay_902279,cust_00052,order_701529,24999,1787528147,captured,upi,customer_52@razorpay-demo.com,+919870000052,cust52@okaxis,Multiple Browser Tabs Checkout
pay_901797,cust_00072,order_701249,74999,1787624069,captured,upi,customer_72@razorpay-demo.com,+919870000072,cust72@okaxis,Failed UPI Retry
pay_900379,cust_00129,order_700379,299999,1787695021,captured,card,customer_129@razorpay-demo.com,+919870000129,,legitimate
pay_902337,cust_00071,order_701587,4999,1787579863,captured,card,customer_71@razorpay-demo.com,+919870000071,,Multiple Browser Tabs Checkout
pay_900419,cust_00016,order_700419,149999,1787627476,captured,upi,customer_16@razorpay-demo.com,+919870000016,cust16@okaxis,legitimate
pay_901699,cust_00038,order_701200,149999,1787647708,captured,card,customer_38@razorpay-demo.com,+919870000038,,Network Timeout Retry
pay_900392,cust_00103,order_700392,9999,1787626677,captured,netbanking,customer_103@razorpay-demo.com,+919870000103,,legitimate
pay_902641,cust_00080,order_701891,99999,1787671506,captured,netbanking,customer_80@razorpay-demo.com,+919870000080,,Multiple Browser Tabs Checkout
pay_901523,cust_00188,order_701112,34999,1787665373,captured,netbanking,customer_188@razorpay-demo.com,+919870000188,,Network Timeout Retry
pay_901163,cust_00085,order_700932,74999,1787635270,captured,netbanking,customer_85@razorpay-demo.com,+919870000085,,Double-Click Issue
pay_901496,cust_00077,order_701098,12499,1787668846,captured,netbanking,customer_77@razorpay-demo.com,+919870000077,,Network Timeout Retry
pay_902696,cust_00022,order_701946,4999,1787538474,captured,wallet,customer_22@razorpay-demo.com,+919870000022,,Multiple Browser Tabs Checkout
pay_902028,cust_00099,order_701364,249999,1787675274,captured,upi,customer_99@razorpay-demo.com,+919870000099,cust99@okaxis,Failed UPI Retry
pay_901153,cust_00014,order_700927,249999,1787626841,captured,wallet,customer_14@razorpay-demo.com,+919870000014,,Double-Click Issue
pay_901368,cust_00093,order_701034,74999,1787547804,captured,netbanking,customer_93@razorpay-demo.com,+919870000093,,Network Timeout Retry
pay_902569,cust_00097,order_701819,74999,1787571155,captured,wallet,customer_97@razorpay-demo.com,+919870000097,,Multiple Browser Tabs Checkout
pay_900065,cust_00168,order_700065,49999,1787659699,captured,card,customer_168@razorpay-demo.com,+919870000168,,legitimate
pay_902063,cust_00172,order_701382,7499,1787633649,captured,upi,customer_172@razorpay-demo.com,+919870000172,cust172@okaxis,Failed UPI Retry
pay_901181,cust_00162,order_700941,4999,1787648359,captured,wallet,customer_162@razorpay-demo.com,+919870000162,,Double-Click Issue
pay_900493,cust_00181,order_700493,12499,1787713108,captured,wallet,customer_181@razorpay-demo.com,+919870000181,,legitimate
pay_900380,cust_00078,order_700380,9999,1787585136,captured,upi,customer_78@razorpay-demo.com,+919870000078,cust78@okaxis,legitimate
pay_902236,cust_00084,order_701486,7499,1787571023,captured,upi,customer_84@razorpay-demo.com,+919870000084,cust84@okaxis,Multiple Browser Tabs Checkout
pay_900764,cust_00030,order_700732,14999,1787596823,captured,wallet,customer_30@razorpay-demo.com,+919870000030,,Double-Click Issue
pay_902265,cust_00172,order_701515,299999,1787524777,captured,card,customer_172@razorpay-demo.com,+919870000172,,Multiple Browser Tabs Checkout
pay_900792,cust_00118,order_700746,299999,1787651360,captured,card,customer_118@razorpay-demo.com,+919870000118,,Double-Click Issue
pay_901077,cust_00190,order_700889,74999,1787649559,captured,upi,customer_190@razorpay-demo.com,+919870000190,cust190@okaxis,Double-Click Issue
pay_900879,cust_00079,order_700790,24999,1787579668,captured,netbanking,customer_79@razorpay-demo.com,+919870000079,,Double-Click Issue
pay_900338,cust_00062,order_700338,74999,1787555901,captured,wallet,customer_62@razorpay-demo.com,+919870000062,,legitimate
pay_902768,cust_00034,order_702018,19999,1787659262,captured,card,customer_34@razorpay-demo.com,+919870000034,,Gateway Retry with Different IDs
pay_902344,cust_00049,order_701594,299999,1787530545,captured,wallet,customer_49@razorpay-demo.com,+919870000049,,Multiple Browser Tabs Checkout
pay_901017,cust_00043,order_700859,34999,1787657455,captured,upi,customer_43@razorpay-demo.com,+919870000043,cust43@okaxis,Double-Click Issue
pay_901276,cust_00109,order_700988,74999,1787621210,captured,netbanking,customer_109@razorpay-demo.com,+919870000109,,Network Timeout Retry
pay_900456,cust_00153,order_700456,249999,1787628950,captured,card,customer_153@razorpay-demo.com,+919870000153,,legitimate
pay_900816,cust_00155,order_700758,99999,1787547917,captured,card,customer_155@razorpay-demo.com,+919870000155,,Double-Click Issue
pay_902318,cust_00161,order_701568,34999,1787664122,captured,card,customer_161@razorpay-demo.com,+919870000161,,Multiple Browser Tabs Checkout
pay_900996,cust_00104,order_700848,249999,1787529065,captured,upi,customer_104@razorpay-demo.com,+919870000104,cust104@okaxis,Double-Click Issue
pay_901982,cust_00061,order_701341,9999,1787629979,captured,upi,customer_61@razorpay-demo.com,+919870000061,cust61@okaxis,Failed UPI Retry
pay_900202,cust_00087,order_700202,74999,1787655806,captured,wallet,customer_87@razorpay-demo.com,+919870000087,,legitimate
pay_900162,cust_00114,order_700162,14999,1787581403,captured,wallet,customer_114@razorpay-demo.com,+919870000114,,legitimate
pay_901580,cust_00140,order_701140,12499,1787647799,captured,wallet,customer_140@razorpay-demo.com,+919870000140,,Network Timeout Retry
pay_902778,cust_00058,order_702028,99999,1787676303,captured,upi,customer_58@razorpay-demo.com,+919870000058,cust58@okaxis,Gateway Retry with Different IDs
pay_902450,cust_00025,order_701700,49999,1787657715,captured,netbanking,customer_25@razorpay-demo.com,+919870000025,,Multiple Browser Tabs Checkout
pay_900703,cust_00184,order_700702,9999,1787525732,captured,netbanking,customer_184@razorpay-demo.com,+919870000184,,Double-Click Issue
pay_901501,cust_00031,order_701101,24999,1787516984,captured,upi,customer_31@razorpay-demo.com,+919870000031,cust31@okaxis,Network Timeout Retry
pay_901130,cust_00137,order_700915,4999,1787646074,captured,card,customer_137@razorpay-demo.com,+919870000137,,Double-Click Issue
pay_902614,cust_00185,order_701864,34999,1787525008,captured,card,customer_185@razorpay-demo.com,+919870000185,,Multiple Browser Tabs Checkout
pay_901022,cust_00049,order_700861,7499,1787552696,captured,wallet,customer_49@razorpay-demo.com,+919870000049,,Double-Click Issue
pay_901586,cust_00005,order_701143,49999,1787687126,captured,upi,customer_5@razorpay-demo.com,+919870000005,cust5@okaxis,Network Timeout Retry
pay_901956,cust_00060,order_701328,12499,1787540384,captured,upi,customer_60@razorpay-demo.com,+919870000060,cust60@okaxis,Failed UPI Retry
pay_902254,cust_00157,order_701504,149999,1787618497,captured,card,customer_157@razorpay-demo.com,+919870000157,,Multiple Browser Tabs Checkout
pay_900035,cust_00137,order_700035,199999,1787543173,captured,upi,customer_137@razorpay-demo.com,+919870000137,cust137@okaxis,legitimate
pay_900776,cust_00134,order_700738,24999,1787614407,captured,wallet,customer_134@razorpay-demo.com,+919870000134,,Double-Click Issue
pay_902557,cust_00098,order_701807,7499,1787575082,captured,wallet,customer_98@razorpay-demo.com,+919870000098,,Multiple Browser Tabs Checkout
pay_901479,cust_00193,order_701090,9999,1787561493,captured,card,customer_193@razorpay-demo.com,+919870000193,,Network Timeout Retry
pay_901391,cust_00162,order_701046,7499,1787644107,captured,wallet,customer_162@razorpay-demo.com,+919870000162,,Network Timeout Retry
pay_902140,cust_00004,order_701420,24999,1787532366,captured,upi,customer_4@razorpay-demo.com,+919870000004,cust4@okaxis,Failed UPI Retry
pay_901364,cust_00133,order_701032,34999,1787634551,captured,netbanking,customer_133@razorpay-demo.com,+919870000133,,Network Timeout Retry
pay_902613,cust_00185,order_701863,34999,1787525001,captured,card,customer_185@razorpay-demo.com,+919870000185,,Multiple Browser Tabs Checkout
pay_902825,cust_00076,order_702075,74999,1787524240,failed,wallet,customer_76@razorpay-demo.com,+919870000076,,Gateway Retry with Different IDs
pay_902042,cust_00109,order_701371,74999,1787546605,captured,upi,customer_109@razorpay-demo.com,+919870000109,cust109@okaxis,Failed UPI Retry
pay_900242,cust_00164,order_700242,74999,1787526366,captured,card,customer_164@razorpay-demo.com,+919870000164,,legitimate
pay_902062,cust_00023,order_701381,12499,1787597194,captured,upi,customer_23@razorpay-demo.com,+919870000023,cust23@okaxis,Failed UPI Retry
pay_902364,cust_00074,order_701614,199999,1787541088,captured,card,customer_74@razorpay-demo.com,+919870000074,,Multiple Browser Tabs Checkout
pay_900601,cust_00069,order_700601,99999,1787596478,captured,wallet,customer_69@razorpay-demo.com,+919870000069,,legitimate
pay_902436,cust_00096,order_701686,49999,1787661515,captured,card,customer_96@razorpay-demo.com,+919870000096,,Multiple Browser Tabs Checkout
pay_901298,cust_00103,order_700999,74999,1787638440,captured,netbanking,customer_103@razorpay-demo.com,+919870000103,,Network Timeout Retry
pay_902215,cust_00128,order_701465,49999,1787682465,captured,wallet,customer_128@razorpay-demo.com,+919870000128,,Multiple Browser Tabs Checkout
pay_902069,cust_00132,order_701385,299999,1787596524,captured,upi,customer_132@razorpay-demo.com,+919870000132,cust132@okaxis,Failed UPI Retry
pay_900647,cust_00161,order_700647,7499,1787613764,captured,wallet,customer_161@razorpay-demo.com,+919870000161,,legitimate
pay_901529,cust_00001,order_701115,199999,1787642217,captured,wallet,customer_1@razorpay-demo.com,+919870000001,,Network Timeout Retry
pay_901268,cust_00182,order_700984,149999,1787615335,captured,card,customer_182@razorpay-demo.com,+919870000182,,Network Timeout Retry
pay_901900,cust_00188,order_701300,249999,1787605995,captured,upi,customer_188@razorpay-demo.com,+919870000188,cust188@okaxis,Failed UPI Retry
pay_900563,cust_00053,order_700563,49999,1787590674,captured,wallet,customer_53@razorpay-demo.com,+919870000053,,legitimate
pay_902735,cust_00047,order_701985,249999,1787645030,failed,upi,customer_47@razorpay-demo.com,+919870000047,cust47@okaxis,Gateway Retry with Different IDs
pay_900190,cust_00121,order_700190,12499,1787634514,captured,wallet,customer_121@razorpay-demo.com,+919870000121,,legitimate
pay_901807,cust_00107,order_701254,9999,1787543320,captured,upi,customer_107@razorpay-demo.com,+919870000107,cust107@okaxis,Failed UPI Retry
pay_900976,cust_00200,order_700838,19999,1787664497,captured,card,customer_200@razorpay-demo.com,+919870000200,,Double-Click Issue
pay_902748,cust_00118,order_701998,249999,1787593929,captured,wallet,customer_118@razorpay-demo.com,+919870000118,,Gateway Retry with Different IDs
pay_902048,cust_00002,order_701374,74999,1787601582,captured,upi,customer_2@razorpay-demo.com,+919870000002,cust2@okaxis,Failed UPI Retry
pay_902559,cust_00106,order_701809,19999,1787629703,captured,card,customer_106@razorpay-demo.com,+919870000106,,Multiple Browser Tabs Checkout
pay_901083,cust_00072,order_700892,49999,1787537916,captured,netbanking,customer_72@razorpay-demo.com,+919870000072,,Double-Click Issue
pay_900475,cust_00153,order_700475,4999,1787644562,captured,wallet,customer_153@razorpay-demo.com,+919870000153,,legitimate
pay_900748,cust_00124,order_700724,149999,1787589977,captured,card,customer_124@razorpay-demo.com,+919870000124,,Double-Click Issue
pay_902301,cust_00147,order_701551,299999,1787587632,captured,card,customer_147@razorpay-demo.com,+919870000147,,Multiple Browser Tabs Checkout
pay_900022,cust_00150,order_700022,24999,1787562814,failed,netbanking,customer_150@razorpay-demo.com,+919870000150,,legitimate
pay_900460,cust_00131,order_700460,34999,1787613382,captured,card,customer_131@razorpay-demo.com,+919870000131,,legitimate
pay_901185,cust_00121,order_700943,99999,1787578654,captured,upi,customer_121@razorpay-demo.com,+919870000121,cust121@okaxis,Double-Click Issue
pay_902325,cust_00132,order_701575,299999,1787668883,captured,netbanking,customer_132@razorpay-demo.com,+919870000132,,Multiple Browser Tabs Checkout
pay_900956,cust_00011,order_700828,249999,1787577689,captured,netbanking,customer_11@razorpay-demo.com,+919870000011,,Double-Click Issue
pay_901216,cust_00129,order_700958,299999,1787591477,captured,upi,customer_129@razorpay-demo.com,+919870000129,cust129@okaxis,Network Timeout Retry
pay_902434,cust_00067,order_701684,99999,1787683801,captured,wallet,customer_67@razorpay-demo.com,+919870000067,,Multiple Browser Tabs Checkout
pay_902854,cust_00156,order_702104,34999,1787652596,captured,card,customer_156@razorpay-demo.com,+919870000156,,Gateway Retry with Different IDs
pay_901516,cust_00188,order_701108,12499,1787634569,captured,card,customer_188@razorpay-demo.com,+919870000188,,Network Timeout Retry
pay_902392,cust_00150,order_701642,49999,1787650460,captured,upi,customer_150@razorpay-demo.com,+919870000150,cust150@okaxis,Multiple Browser Tabs Checkout
pay_900770,cust_00120,order_700735,14999,1787660091,captured,upi,customer_120@razorpay-demo.com,+919870000120,cust120@okaxis,Double-Click Issue
pay_901686,cust_00174,order_701193,74999,1787587589,captured,upi,customer_174@razorpay-demo.com,+919870000174,cust174@okaxis,Network Timeout Retry
pay_900131,cust_00080,order_700131,7499,1787716080,captured,card,customer_80@razorpay-demo.com,+919870000080,,legitimate
pay_902136,cust_00174,order_701418,149999,1787687138,captured,upi,customer_174@razorpay-demo.com,+919870000174,cust174@okaxis,Failed UPI Retry
pay_901483,cust_00065,order_701092,249999,1787658563,captured,wallet,customer_65@razorpay-demo.com,+919870000065,,Network Timeout Retry
pay_900331,cust_00181,order_700331,34999,1787648356,failed,wallet,customer_181@razorpay-demo.com,+919870000181,,legitimate
pay_901239,cust_00150,order_700970,249999,1787623132,captured,upi,customer_150@razorpay-demo.com,+919870000150,cust150@okaxis,Network Timeout Retry
pay_900467,cust_00115,order_700467,249999,1787596580,captured,wallet,customer_115@razorpay-demo.com,+919870000115,,legitimate
pay_902170,cust_00018,order_701435,34999,1787684740,captured,upi,customer_18@razorpay-demo.com,+919870000018,cust18@okaxis,Failed UPI Retry
pay_901639,cust_00012,order_701170,299999,1787549946,captured,upi,customer_12@razorpay-demo.com,+919870000012,cust12@okaxis,Network Timeout Retry
pay_901096,cust_00041,order_700898,24999,1787531330,captured,wallet,customer_41@razorpay-demo.com,+919870000041,,Double-Click Issue
pay_901131,cust_00012,order_700916,149999,1787577251,captured,card,customer_12@razorpay-demo.com,+919870000012,,Double-Click Issue
pay_901295,cust_00095,order_700998,7499,1787640634,captured,card,customer_95@razorpay-demo.com,+919870000095,,Network Timeout Retry
pay_900861,cust_00104,order_700781,99999,1787633075,captured,netbanking,customer_104@razorpay-demo.com,+919870000104,,Double-Click Issue
